ID,Meno,Priezvisko,Rodne_cislo,Miesto_narodenia,Stav_uctu,Stav
0,Jana,Fabianova,586113/4012,Martin,385719,vydaty
1,Radoslav,Dvorak,610805/6069,Trencin,647090,slobodny
2,Simona,Kucerova,995311/1484,Martin,521375,vydaty
3,Ondrej,Rusnak,590319/1943,Nitra,590027,slobodny
4,Lucia,Muskova,985328/4820,Martin,21773,vydaty
5,Jan,Fabian,710108/2790,Humenne,125416,slobodny
6,Jana,Rusnakova,966026/2810,Martin,896777,vydaty
7,Richard,Novak,921210/4244,Humenne,99614,slobodny
8,Zuzana,Predajnianska,606022/6975,Humenne,186607,vydaty
9,Martin,Rusnak,610616/2858,Bardejov,37895,slobodny
10,Lucia,Rusnakova,905220/6832,Presov,918691,vydaty
11,Jan,Horvath,750116/7224,Nitra,422734,slobodny
12,Jana,Vargova,905921/6623,Komarno,367361,vydaty
13,Ondrej,Bednar,680716/1279,Svidnik,165895,slobodny
14,Lucia,Bednarova,935804/1742,Snina,357280,vydaty
15,Marek,Varga,660715/3898,Zilina,477092,slobodny
16,Ivana,Muskova,725413/7813,Presov,884215,vydaty
17,Juraj,Kubik,920907/4992,Levice,215839,slobodny
18,Katerina,Novakova,615207/3102,Nitra,308585,vydaty
19,Richard,Predajniansky,860207/7039,Bardejov,402066,slobodny
20,Lucia,Vesela,665303/1382,Martin,807553,vydaty
21,Radoslav,Fabian,520305/5716,Presov,846473,slobodny
22,Zuzana,Dvorakova,605113/8602,Humenne,209044,vydaty
23,Martin,Varga,921120/4179,Levice,260786,slobodny
24,Barbora,Cerna,956213/3205,Kosice,79255,vydaty
25,Radoslav,Cerny,720819/5637,Trnava,508745,slobodny
26,Lucia,Dvorakova,595919/2388,Zvolen,754785,vydaty
27,Peter,Kucera,770107/3097,Humenne,752051,slobodny
28,Barbora,Horvathova,646124/7166,Levice,454681,vydaty
29,Martin,Kubik,841225/2632,Zvolen,858622,slobodny
30,Veronika,Muskova,735209/8050,Poprad,111658,vydaty
31,Martin,Predajniansky,920807/2841,Svidnik,408866,slobodny
32,Lucia,Simekova,685627/7084,Snina,895958,vydaty
33,Richard,Cerny,930223/5169,Poprad,15339,slobodny
34,Veronika,Predajnianska,655327/8525,Levice,829175,vydaty
35,Tomas,Marko,921115/1885,Humenne,169595,slobodny
36,Lucia,Kubikova,925521/5993,Komarno,95582,vydaty
37,Juraj,Kubik,801115/4379,Senec,914753,slobodny
38,Jana,Novakova,755406/7716,Poprad,526903,vydaty
39,Radoslav,Novak,860109/7423,Bratislava,651789,slobodny
40,Petra,Kucerova,946127/6164,Poprad,69727,vydaty
41,Radoslav,Cerny,570809/1915,Presov,919436,slobodny
42,Petra,Horvathova,775510/4409,Levice,238594,vydaty
43,Marek,Varga,591017/2723,Bardejov,294551,slobodny
44,Barbora,Muskova,635310/6773,Levice,849586,vydaty
45,Radoslav,Kucera,591218/1046,Humenne,994275,slobodny
46,Petra,Predajnianska,915808/5259,Kosice,760403,vydaty
47,Juraj,Bednar,790609/4305,Levice,116508,slobodny
48,Veronika,Bednarova,985122/8651,Nitra,498200,vydaty
49,Richard,Kubik,920211/9842,Svidnik,838313,slobodny
50,Jana,Horvathova,775415/6565,Humenne,241986,vydaty
51,Peter,Predajniansky,840910/7054,Bardejov,971786,slobodny
52,Veronika,Bednarova,946204/2352,Senec,261448,vydaty
53,Richard,Muska,891225/2947,Senec,216808,slobodny
54,Barbora,Vargova,785526/4016,Trnava,842696,vydaty
55,Juraj,Kucera,820917/3091,Zvolen,745882,slobodny
56,Sandra,Horvathova,875419/6343,Senec,569872,vydaty
57,Tomas,Dvorak,771027/1889,Tvrdosin,735140,slobodny
58,Katerina,Cerna,625809/8661,Bardejov,660876,vydaty
59,Martin,Cerny,910527/3567,Trencin,616730,slobodny
60,Ivana,Simekova,845914/1631,Senec,433917,vydaty
61,Richard,Muska,680805/7801,Svidnik,719003,slobodny
62,Jana,Horvathova,625624/7140,Martin,999343,vydaty
63,Ondrej,Novak,951213/7956,Martin,724803,slobodny
64,Barbora,Bednarova,815121/7235,Poprad,396442,vydaty
65,Peter,Kubik,551225/7088,Presov,561151,slobodny
66,Sandra,Predajnianska,806104/4030,Snina,434780,vydaty
67,Martin,Fabian,590819/5118,Martin,206897,slobodny
68,Katerina,Rusnakova,515606/9742,Poprad,688611,vydaty
69,Filip,Muska,971028/9603,Svidnik,784221,slobodny
70,Petra,Bednarova,795216/4790,Zvolen,739416,vydaty
71,Martin,Rusnak,850317/3575,Svidnik,688912,slobodny
72,Sandra,Muskova,696014/7451,Zvolen,964647,vydaty
73,Martin,Horvath,820611/6890,Bardejov,961165,slobodny
74,Ivana,Predajnianska,516106/1914,Snina,91196,vydaty
75,Juraj,Cerny,670608/1606,Komarno,602561,slobodny
76,Simona,Predajnianska,645209/6982,Presov,966589,vydaty
77,Marek,Horvath,791212/1210,Presov,798100,slobodny
78,Veronika,Dvorakova,785217/5529,Zvolen,998233,vydaty
79,Ondrej,Fabian,640807/4824,Martin,313175,slobodny
80,Sandra,Cerna,825323/2876,Bardejov,91378,vydaty
81,Tomas,Fabian,810527/6987,Zvolen,809409,slobodny
82,Katerina,Vargova,826119/4097,Komarno,453322,vydaty
83,Jan,Horvath,750707/6009,Kosice,378767,slobodny
84,Lucia,Muskova,825910/6105,Bardejov,410347,vydaty
85,Martin,Marko,701028/3272,Levice,110283,slobodny
86,Sandra,Cerna,775613/8433,Svidnik,423260,vydaty
87,Filip,Horvath,781208/5367,Svidnik,806835,slobodny
88,Barbora,Cerna,615627/8186,Bratislava,538319,vydaty
89,Juraj,Cerny,840109/3505,Kosice,983349,slobodny
90,Barbora,Bednarova,715823/3946,Levice,17666,vydaty
91,Juraj,Varga,630425/8524,Bardejov,16342,slobodny
92,Barbora,Markova,945828/2129,Zilina,231270,vydaty
93,Filip,Predajniansky,890313/5145,Nitra,187910,slobodny
94,Petra,Muskova,625410/8497,Zvolen,877506,vydaty
95,Tomas,Kucera,980519/9918,Zilina,459264,slobodny
96,Zuzana,Urbanova,906115/9284,Poprad,326296,vydaty
97,Jan,Varga,641119/5060,Tvrdosin,528827,slobodny
98,Jana,Bednarova,795103/7704,Svidnik,132775,vydaty
99,Juraj,Vesely,800323/3295,Trnava,540604,slobodny
100,Jana,Novakova,545727/6581,Snina,261328,vydaty
101,Martin,Bednar,691121/3613,Humenne,634960,slobodny
102,Lucia,Muskova,515105/7108,Tvrdosin,549139,vydaty
103,Jan,Kucera,810910/4428,Nitra,143667,slobodny
104,Ivana,Bednarova,995805/6329,Tvrdosin,62369,vydaty
105,Peter,Kubik,851125/6206,Presov,526494,slobodny
106,Sandra,Kucerova,965518/7351,Bardejov,865703,vydaty
107,Peter,Rusnak,690209/5809,Levice,785779,slobodny
108,Lucia,Horvathova,795314/1349,Levice,699485,vydaty
109,Radoslav,Dvorak,900716/7580,Kosice,258894,slobodny
110,Zuzana,Rusnakova,766102/8917,Humenne,669587,vydaty
111,Ondrej,Horvath,761003/4087,Zilina,351745,slobodny
112,Lucia,Cerna,895809/1502,Bratislava,194750,vydaty
113,Martin,Rusnak,790522/1146,Humenne,486101,slobodny
114,Katerina,Cerna,995720/1641,Tvrdosin,641329,vydaty
115,Ondrej,Bednar,670912/6671,Trnava,454014,slobodny
116,Barbora,Simekova,766001/9651,Bratislava,923022,vydaty
117,Ondrej,Horvath,780706/1268,Tvrdosin,949751,slobodny
118,Ivana,Predajnianska,565403/4043,Humenne,279970,vydaty
119,Richard,Dvorak,530906/9059,Tvrdosin,103185,slobodny
120,Barbora,Simekova,526116/7161,Zilina,352207,vydaty
121,Tomas,Predajniansky,600615/5542,Kosice,856583,slobodny
122,Sandra,Dvorakova,945311/9201,Trnava,272866,vydaty
123,Martin,Predajniansky,941122/5355,Bratislava,561182,slobodny
124,Barbora,Fabianova,645927/7666,Zilina,422790,vydaty
125,Juraj,Muska,980128/4169,Tvrdosin,498624,slobodny
126,Zuzana,Vargova,636223/1831,Martin,689065,vydaty
127,Ondrej,Novak,510619/4470,Trencin,550875,slobodny
128,Zuzana,Cerna,545819/6229,Levice,868075,vydaty
129,Tomas,Urban,620324/6618,Martin,471001,slobodny
130,Jana,Markova,905223/2764,Trencin,503263,vydaty
131,Radoslav,Bednar,850521/4145,Zvolen,514007,slobodny
132,Lucia,Bednarova,995516/8773,Levice,111819,vydaty
133,Radoslav,Simek,530903/9922,Komarno,430915,slobodny
134,Katerina,Bednarova,575903/6124,Humenne,608739,vydaty
135,Jan,Kucera,590522/4899,Kosice,342192,slobodny
136,Barbora,Horvathova,756220/4211,Zvolen,929567,vydaty
137,Filip,Simek,880623/1634,Bratislava,226603,slobodny
138,Lucia,Horvathova,525422/6776,Martin,310175,vydaty
139,Jan,Varga,861217/3013,Svidnik,197142,slobodny
140,Katerina,Dvorakova,825915/3175,Trnava,288950,vydaty
141,Marek,Muska,960113/6971,Tvrdosin,61696,slobodny
142,Ivana,Cerna,535708/8695,Levice,982623,vydaty
143,Marek,Dvorak,810525/5356,Martin,470939,slobodny
144,Jana,Predajnianska,696125/2751,Nitra,629048,vydaty
145,Jan,Kubik,750206/4520,Zilina,479906,slobodny
146,Simona,Simekova,625709/3989,Svidnik,308168,vydaty
147,Tomas,Dvorak,540113/1727,Zilina,630878,slobodny
148,Simona,Dvorakova,835410/8273,Humenne,879808,vydaty
149,Martin,Predajniansky,850123/8234,Snina,433273,slobodny
150,Katerina,Vargova,786012/8346,Kosice,671393,vydaty
151,Martin,Horvath,900318/9128,Svidnik,353303,slobodny
152,Barbora,Kubikova,856212/6402,Zvolen,105673,vydaty
153,Martin,Bednar,641103/8698,Zilina,474398,slobodny
154,Zuzana,Vargova,806006/3962,Poprad,594955,vydaty
155,Martin,Fabian,661211/3491,Presov,959892,slobodny
156,Zuzana,Horvathova,635714/2608,Zvolen,72880,vydaty
157,Juraj,Horvath,780717/3241,Komarno,957269,slobodny
158,Zuzana,Cerna,885603/9661,Kosice,929504,vydaty
159,Juraj,Cerny,630810/8258,Presov,196288,slobodny
160,Jana,Urbanova,635924/9643,Martin,844901,vydaty
161,Marek,Kubik,800822/5653,Presov,969630,slobodny
162,Simona,Vargova,916112/7972,Martin,156529,vydaty
163,Richard,Fabian,830310/8555,Presov,262404,slobodny
164,Simona,Rusnakova,905124/2975,Bardejov,50035,vydaty
165,Tomas,Dvorak,690520/1747,Svidnik,410836,slobodny
166,Veronika,Urbanova,965206/6316,Bratislava,754830,vydaty
167,Martin,Vesely,680221/6858,Svidnik,159170,slobodny
168,Zuzana,Novakova,735123/9225,Svidnik,785289,vydaty
169,Peter,Muska,580514/9594,Martin,218036,slobodny
170,Katerina,Predajnianska,635522/1098,Bardejov,770887,vydaty
171,Filip,Varga,650515/5849,Bratislava,138758,slobodny
172,Barbora,Simekova,525122/2729,Komarno,126465,vydaty
173,Martin,Urban,580514/4273,Tvrdosin,110325,slobodny
174,Veronika,Kucerova,615328/2558,Martin,695935,vydaty
175,Tomas,Fabian,810206/3364,Tvrdosin,398732,slobodny
176,Jana,Fabianova,665509/7467,Senec,394260,vydaty
177,Peter,Varga,561004/2786,Martin,816595,slobodny
178,Petra,Novakova,906212/3213,Poprad,552132,vydaty
179,Filip,Simek,670122/2112,Tvrdosin,100362,slobodny
180,Simona,Bednarova,795419/9603,Bardejov,217252,vydaty
181,Martin,Predajniansky,851019/8351,Bardejov,911926,slobodny
182,Petra,Kubikova,925315/5221,Presov,84211,vydaty
183,Martin,Bednar,760926/4003,Snina,15613,slobodny
184,Lucia,Vargova,846118/6320,Martin,545871,vydaty
185,Radoslav,Varga,580701/9867,Trencin,104628,slobodny
186,Jana,Kucerova,525216/4103,Nitra,561370,vydaty
187,Tomas,Simek,780317/1688,Humenne,58675,slobodny
188,Lucia,Kubikova,986106/2519,Bratislava,504905,vydaty
189,Juraj,Novak,570813/8626,Tvrdosin,155817,slobodny
190,Jana,Vargova,636212/6021,Snina,829547,vydaty
191,Radoslav,Fabian,991206/1002,Tvrdosin,251218,slobodny
192,Simona,Muskova,705323/6834,Levice,827836,vydaty
193,Radoslav,Dvorak,900922/9746,Svidnik,131467,slobodny
194,Simona,Urbanova,696222/2556,Presov,250600,vydaty
195,Juraj,Rusnak,930702/9127,Martin,389876,slobodny
196,Ivana,Simekova,625805/3408,Kosice,777163,vydaty
197,Filip,Simek,890713/6545,Poprad,14945,slobodny
198,Katerina,Fabianova,816123/7018,Trencin,303832,vydaty
199,Marek,Kubik,741118/2414,Senec,850569,slobodny
200,Barbora,Novakova,675801/4300,Martin,451400,vydaty
201,Jan,Cerny,870802/7314,Bardejov,55814,slobodny
202,Lucia,Novakova,785317/6944,Nitra,160290,vydaty
203,Martin,Kubik,661112/4293,Svidnik,436595,slobodny
204,Sandra,Rusnakova,605618/3626,Komarno,127429,vydaty
205,Radoslav,Novak,520903/8349,Martin,582515,slobodny
206,Barbora,Bednarova,825723/2107,Trnava,610207,vydaty
207,Filip,Kubik,760826/6358,Trencin,336541,slobodny
208,Simona,Vesela,986107/6142,Nitra,628686,vydaty
209,Juraj,Cerny,990106/4953,Levice,11549,slobodny
210,Barbora,Dvorakova,895415/5553,Zvolen,430571,vydaty
211,Filip,Dvorak,921222/6822,Komarno,385009,slobodny
212,Katerina,Cerna,676204/6591,Nitra,937723,vydaty
213,Radoslav,Novak,950609/6652,Martin,229829,slobodny
214,Barbora,Kubikova,836020/8081,Nitra,830416,vydaty
215,Radoslav,Urban,820607/8988,Nitra,794853,slobodny
216,Veronika,Predajnianska,615821/3607,Snina,646541,vydaty
217,Filip,Dvorak,990925/8311,Kosice,211990,slobodny
218,Simona,Vesela,795514/3496,Martin,427418,vydaty
219,Tomas,Cerny,590812/4268,Bardejov,369987,slobodny
220,Zuzana,Kucerova,946219/9440,Presov,42296,vydaty
221,Jan,Marko,731212/9248,Tvrdosin,232098,slobodny
222,Sandra,Simekova,926207/5336,Snina,363332,vydaty
223,Jan,Cerny,900712/3036,Bardejov,797523,slobodny
224,Lucia,Horvathova,926002/7907,Kosice,557226,vydaty
225,Radoslav,Dvorak,760403/9059,Martin,567263,slobodny
226,Barbora,Muskova,515110/3047,Kosice,586851,vydaty
227,Ondrej,Varga,730328/4502,Bardejov,64622,slobodny
228,Veronika,Vesela,775125/2663,Presov,731703,vydaty
229,Ondrej,Predajniansky,560206/5375,Bardejov,850249,slobodny
230,Jana,Cerna,726012/9482,Poprad,650018,vydaty
231,Martin,Predajniansky,800820/6870,Snina,279083,slobodny
232,Veronika,Bednarova,526121/1592,Presov,99565,vydaty
233,Ondrej,Dvorak,981205/9726,Senec,647273,slobodny
234,Petra,Muskova,715905/6206,Komarno,989000,vydaty
235,Tomas,Kubik,901010/9088,Presov,79389,slobodny
236,Petra,Rusnakova,525518/7614,Levice,361457,vydaty
237,Martin,Horvath,680719/4233,Martin,699071,slobodny
238,Simona,Novakova,945423/3795,Kosice,932225,vydaty
239,Jan,Urban,780113/1391,Presov,803332,slobodny
240,Simona,Simekova,685107/8385,Zilina,368053,vydaty
241,Peter,Bednar,691101/9668,Snina,333091,slobodny
242,Zuzana,Fabianova,695108/3578,Zilina,683450,vydaty
243,Ondrej,Bednar,961125/9804,Bratislava,209174,slobodny
244,Veronika,Kubikova,525709/3103,Bratislava,953017,vydaty
245,Martin,Marko,990220/3919,Nitra,744969,slobodny
246,Katerina,Horvathova,716108/7374,Senec,545894,vydaty
247,Filip,Horvath,560614/8446,Zvolen,744282,slobodny
248,Zuzana,Cerna,745427/4798,Bratislava,159850,vydaty
249,Juraj,Marko,710601/6950,Humenne,563399,slobodny
250,Veronika,Novakova,825416/3328,Bratislava,364796,vydaty
251,Filip,Kucera,641007/2943,Nitra,44731,slobodny
252,Katerina,Fabianova,735120/1214,Bratislava,268414,vydaty
253,Juraj,Fabian,721224/2470,Presov,845524,slobodny
254,Jana,Cerna,996214/3503,Komarno,680975,vydaty
255,Filip,Dvorak,981028/1337,Presov,654646,slobodny
256,Jana,Markova,936227/4032,Trnava,105066,vydaty
257,Ondrej,Vesely,881202/4982,Komarno,795650,slobodny
258,Barbora,Dvorakova,675801/9066,Martin,742887,vydaty
259,Ondrej,Kucera,601220/5519,Nitra,475673,slobodny
260,Zuzana,Simekova,585414/1963,Presov,970614,vydaty
261,Filip,Predajniansky,920618/3823,Humenne,82418,slobodny
262,Lucia,Vesela,925626/8557,Humenne,12557,vydaty
263,Ondrej,Kucera,790107/9073,Snina,772036,slobodny
264,Jana,Vesela,885720/4910,Zilina,524518,vydaty
265,Filip,Marko,700712/6161,Zilina,493247,slobodny
266,Ivana,Kucerova,906108/8147,Snina,76797,vydaty
267,Peter,Fabian,551202/8195,Zilina,34237,slobodny
268,Ivana,Vesela,855701/7792,Snina,55693,vydaty
269,Radoslav,Cerny,970206/1621,Tvrdosin,235904,slobodny
270,Katerina,Kucerova,585726/1634,Kosice,537762,vydaty
271,Martin,Kubik,721013/6112,Tvrdosin,777930,slobodny
272,Jana,Kucerova,625623/6118,Bratislava,761563,vydaty
273,Radoslav,Novak,810108/5633,Bardejov,91730,slobodny
274,Simona,Simekova,535706/1337,Martin,23512,vydaty
275,Ondrej,Novak,530309/7513,Trnava,577970,slobodny
276,Zuzana,Markova,655901/7942,Zvolen,838071,vydaty
277,Ondrej,Horvath,650607/2830,Trnava,31272,slobodny
278,Sandra,Rusnakova,745416/8940,Poprad,16441,vydaty
279,Marek,Vesely,850904/8761,Poprad,253726,slobodny
280,Zuzana,Vargova,866106/4762,Poprad,83776,vydaty
281,Marek,Kubik,860212/6895,Svidnik,988525,slobodny
282,Lucia,Predajnianska,975606/9177,Zvolen,800849,vydaty
283,Juraj,Kubik,841013/7910,Poprad,155762,slobodny
284,Barbora,Simekova,595902/2381,Snina,393189,vydaty
285,Tomas,Marko,561217/8809,Svidnik,906991,slobodny
286,Sandra,Cerna,725706/1452,Kosice,691957,vydaty
287,Filip,Vesely,681225/6340,Nitra,120712,slobodny
288,Jana,Muskova,925219/6961,Trencin,570169,vydaty
289,Filip,Novak,731214/5039,Senec,759839,slobodny
290,Simona,Rusnakova,815316/4033,Bardejov,480690,vydaty
291,Juraj,Horvath,940913/2752,Tvrdosin,285682,slobodny
292,Ivana,Fabianova,605503/7374,Presov,570801,vydaty
293,Richard,Novak,770415/7401,Zilina,137123,slobodny
294,Zuzana,Horvathova,735510/5436,Senec,311529,vydaty
295,Filip,Bednar,880607/7408,Martin,534328,slobodny
296,Sandra,Fabianova,765917/1889,Zilina,463946,vydaty
297,Richard,Varga,750517/7981,Bardejov,34366,slobodny
298,Katerina,Urbanova,545319/7653,Komarno,396253,vydaty
299,Ondrej,Cerny,680601/4115,Zvolen,525315,slobodny
300,Sandra,Kubikova,615507/2623,Presov,714905,vydaty
301,Richard,Marko,800215/4908,Trencin,153934,slobodny
302,Petra,Fabianova,815720/9818,Martin,63226,vydaty
303,Martin,Cerny,761126/3960,Levice,945704,slobodny
304,Barbora,Simekova,916228/9530,Svidnik,955402,vydaty
305,Juraj,Simek,930916/8555,Zilina,185850,slobodny
306,Lucia,Vargova,945121/3856,Trnava,712545,vydaty
307,Peter,Urban,760524/6867,Snina,28982,slobodny
308,Jana,Horvathova,925110/9026,Trencin,532871,vydaty
309,Juraj,Muska,620424/6470,Kosice,809821,slobodny
310,Jana,Kubikova,525619/1143,Bratislava,483145,vydaty
311,Jan,Muska,651212/2205,Poprad,798999,slobodny
312,Sandra,Novakova,786122/6710,Zilina,579877,vydaty
313,Martin,Predajniansky,900618/3827,Svidnik,418652,slobodny
314,Lucia,Horvathova,735421/8103,Senec,882964,vydaty
315,Juraj,Kucera,790821/6583,Komarno,95924,slobodny
316,Lucia,Predajnianska,755627/6404,Komarno,69340,vydaty
317,Martin,Bednar,740502/7458,Presov,907035,slobodny
318,Petra,Fabianova,985523/3292,Presov,750903,vydaty
319,Richard,Vesely,990306/6438,Trencin,760212,slobodny
320,Lucia,Vargova,826024/9434,Svidnik,415418,vydaty
321,Marek,Rusnak,870220/1587,Trnava,615510,slobodny
322,Barbora,Cerna,865819/1455,Zilina,24458,vydaty
323,Radoslav,Urban,860801/2543,Trencin,165181,slobodny
324,Ivana,Rusnakova,545418/1489,Zvolen,752921,vydaty
325,Filip,Simek,901110/2508,Kosice,963915,slobodny
326,Lucia,Rusnakova,946210/7431,Bratislava,385183,vydaty
327,Filip,Cerny,861015/4794,Tvrdosin,370276,slobodny
328,Barbora,Dvorakova,785501/8550,Zvolen,553320,vydaty
329,Juraj,Bednar,610511/4695,Nitra,806002,slobodny
330,Simona,Vesela,935715/9282,Poprad,306626,vydaty
331,Juraj,Kucera,720519/8297,Bratislava,247424,slobodny
332,Sandra,Dvorakova,795920/9359,Zvolen,503488,vydaty
333,Richard,Dvorak,921112/7879,Snina,391041,slobodny
334,Lucia,Cerna,966216/9579,Zvolen,377972,vydaty
335,Juraj,Urban,910712/3774,Bratislava,849665,slobodny
336,Simona,Dvorakova,855204/1902,Nitra,350225,vydaty
337,Ondrej,Rusnak,711228/8860,Trencin,811289,slobodny
338,Lucia,Kucerova,735603/9975,Snina,738297,vydaty
339,Tomas,Rusnak,711107/5536,Humenne,313599,slobodny
340,Barbora,Kubikova,725413/7436,Senec,303598,vydaty
341,Radoslav,Kucera,870922/5544,Nitra,142284,slobodny
342,Ivana,Vesela,715427/2622,Svidnik,479775,vydaty
343,Marek,Kubik,690104/1788,Nitra,682599,slobodny
344,Sandra,Kucerova,995816/2584,Snina,956890,vydaty
345,Tomas,Novak,670725/7776,Tvrdosin,998276,slobodny
346,Ivana,Kucerova,955513/3249,Humenne,991226,vydaty
347,Ondrej,Novak,650928/1720,Nitra,929567,slobodny
348,Veronika,Urbanova,595823/9250,Bardejov,932868,vydaty
349,Tomas,Vesely,640228/3922,Martin,474363,slobodny
350,Ivana,Kucerova,975716/4604,Kosice,413017,vydaty
351,Richard,Horvath,610113/8486,Martin,201951,slobodny
352,Zuzana,Vargova,546012/8688,Nitra,898461,vydaty
353,Richard,Cerny,920606/2786,Nitra,94231,slobodny
354,Petra,Urbanova,645905/2153,Bratislava,306774,vydaty
355,Peter,Rusnak,770827/9665,Poprad,41759,slobodny
356,Sandra,Vargova,855227/4563,Svidnik,54158,vydaty
357,Radoslav,Novak,910215/5701,Svidnik,42571,slobodny
358,Barbora,Bednarova,985307/7776,Bratislava,13248,vydaty
359,Marek,Urban,631201/9062,Tvrdosin,693425,slobodny
360,Veronika,Fabianova,645415/2981,Levice,675408,vydaty
361,Peter,Simek,701118/5574,Zilina,823227,slobodny
362,Lucia,Horvathova,516015/3414,Nitra,658492,vydaty
363,Radoslav,Marko,670715/4457,Zilina,548991,slobodny
364,Petra,Kubikova,855317/5757,Bardejov,78054,vydaty
365,Ondrej,Bednar,940225/7987,Levice,20484,slobodny
366,Barbora,Kucerova,865507/9127,Levice,744203,vydaty
367,Juraj,Fabian,670407/4802,Bardejov,423834,slobodny
368,Veronika,Bednarova,845822/4763,Martin,895443,vydaty
369,Filip,Rusnak,960612/4730,Zilina,844409,slobodny
370,Veronika,Novakova,656018/8116,Bardejov,167007,vydaty
371,Filip,Simek,520923/2738,Komarno,687460,slobodny
372,Zuzana,Rusnakova,765310/1917,Zvolen,28871,vydaty
373,Jan,Vesely,750810/3926,Trnava,835465,slobodny
374,Petra,Vargova,875911/3613,Presov,864492,vydaty
375,Ondrej,Urban,800428/7195,Presov,280498,slobodny
376,Simona,Markova,865613/6133,Svidnik,609117,vydaty
377,Tomas,Marko,960706/1967,Poprad,817192,slobodny
378,Sandra,Markova,905203/6596,Kosice,561690,vydaty
379,Filip,Muska,991228/5943,Levice,640263,slobodny
380,Katerina,Cerna,935827/6707,Snina,200438,vydaty
381,Filip,Dvorak,750622/3383,Snina,776133,slobodny
382,Katerina,Rusnakova,685811/2617,Tvrdosin,508815,vydaty
383,Peter,Vesely,701002/5895,Trencin,321280,slobodny
384,Zuzana,Muskova,705318/4342,Svidnik,663374,vydaty
385,Juraj,Fabian,650904/4793,Nitra,731669,slobodny
386,Petra,Kubikova,975526/9592,Trencin,583072,vydaty
387,Juraj,Fabian,910521/3293,Presov,47106,slobodny
388,Katerina,Novakova,616025/6421,Levice,302516,vydaty
389,Jan,Horvath,540518/2938,Zilina,962771,slobodny
390,Veronika,Cerna,535722/2129,Svidnik,286727,vydaty
391,Jan,Urban,891227/5358,Trnava,437567,slobodny
392,Zuzana,Bednarova,665214/3271,Zvolen,769939,vydaty
393,Filip,Kubik,841214/1958,Bratislava,485426,slobodny
394,Zuzana,Kubikova,525921/2860,Komarno,946792,vydaty
395,Ondrej,Urban,611006/1078,Kosice,282184,slobodny
396,Barbora,Simekova,545210/5059,Tvrdosin,811624,vydaty
397,Martin,Novak,950628/6949,Poprad,738084,slobodny
398,Simona,Cerna,616009/4159,Zilina,920666,vydaty
399,Richard,Urban,591002/4531,Humenne,570576,slobodny
400,Barbora,Markova,695320/1551,Nitra,240807,vydaty
401,Marek,Simek,800610/5681,Svidnik,809027,slobodny
402,Sandra,Rusnakova,835704/4048,Kosice,693103,vydaty
403,Peter,Rusnak,900520/9027,Trencin,282115,slobodny
404,Barbora,Predajnianska,926203/3018,Levice,944809,vydaty
405,Jan,Rusnak,790310/5094,Trnava,679585,slobodny
406,Veronika,Vargova,575614/7725,Humenne,686321,vydaty
407,Ondrej,Bednar,810218/9337,Martin,339995,slobodny
408,Katerina,Vargova,715223/1085,Senec,879570,vydaty
409,Peter,Varga,960428/4775,Poprad,757304,slobodny
410,Ivana,Kubikova,955714/5557,Bratislava,248661,vydaty
411,Filip,Kucera,750511/2149,Nitra,339535,slobodny
412,Lucia,Cerna,875928/5340,Zilina,450442,vydaty
413,Ondrej,Urban,780318/8898,Zilina,772725,slobodny
414,Lucia,Fabianova,705527/5829,Svidnik,446734,vydaty
415,Juraj,Simek,550419/9787,Levice,499169,slobodny
416,Lucia,Vesela,805217/5568,Svidnik,309010,vydaty
417,Richard,Kucera,690413/2005,Trencin,190543,slobodny
418,Sandra,Rusnakova,896224/9008,Humenne,614659,vydaty
419,Peter,Kubik,810105/4707,Snina,830879,slobodny
420,Barbora,Markova,585619/7213,Trencin,558240,vydaty
421,Richard,Simek,730116/9127,Kosice,190756,slobodny
422,Lucia,Muskova,845522/2234,Komarno,751022,vydaty
423,Martin,Bednar,560303/7212,Zilina,966648,slobodny
424,Ivana,Muskova,735328/6533,Komarno,408893,vydaty
425,Ondrej,Predajniansky,670319/2273,Trnava,313282,slobodny
426,Jana,Simekova,725315/4561,Zvolen,42569,vydaty
427,Marek,Horvath,580815/5531,Bardejov,39705,slobodny
428,Veronika,Fabianova,735401/9411,Tvrdosin,942117,vydaty
429,Radoslav,Predajniansky,820312/7563,Levice,967093,slobodny
430,Katerina,Predajnianska,545401/5310,Poprad,693910,vydaty
431,Filip,Novak,880410/8445,Nitra,335758,slobodny
432,Katerina,Novakova,945701/4405,Zilina,227875,vydaty
433,Tomas,Kubik,630924/3151,Komarno,290916,slobodny
434,Petra,Kubikova,945625/9782,Martin,115809,vydaty
435,Tomas,Rusnak,891102/7381,Bardejov,97851,slobodny
436,Petra,Bednarova,955101/9808,Trencin,410992,vydaty
437,Juraj,Kucera,620316/3687,Tvrdosin,643659,slobodny
438,Ivana,Kubikova,915508/7960,Humenne,987793,vydaty
439,Filip,Vesely,650413/7701,Zvolen,363817,slobodny
440,Lucia,Cerna,785813/3677,Svidnik,231021,vydaty
441,Jan,Predajniansky,511214/9832,Presov,814213,slobodny
442,Katerina,Predajnianska,765823/1189,Tvrdosin,460498,vydaty
443,Martin,Kubik,980509/9453,Martin,669218,slobodny
444,Barbora,Novakova,755918/5598,Tvrdosin,794714,vydaty
445,Radoslav,Simek,920718/9118,Nitra,575009,slobodny
446,Ivana,Horvathova,936119/5188,Humenne,590853,vydaty
447,Jan,Bednar,770615/2615,Humenne,953458,slobodny
448,Jana,Simekova,685824/1225,Svidnik,293503,vydaty
449,Marek,Novak,560501/3870,Svidnik,138070,slobodny
450,Lucia,Vargova,885527/1735,Bardejov,773592,vydaty
451,Peter,Kucera,630628/2168,Martin,573807,slobodny
452,Sandra,Fabianova,815408/4748,Bratislava,570518,vydaty
453,Ondrej,Marko,881120/3814,Humenne,115339,slobodny
454,Jana,Novakova,625419/3198,Zilina,272956,vydaty
455,Juraj,Kucera,570102/7421,Senec,198928,slobodny
456,Simona,Vesela,835516/2876,Martin,459051,vydaty
457,Tomas,Bednar,841005/3215,Tvrdosin,216350,slobodny
458,Lucia,Markova,615128/5411,Komarno,153021,vydaty
459,Jan,Cerny,670801/6517,Poprad,788697,slobodny
460,Katerina,Vargova,726216/2898,Bardejov,217842,vydaty
461,Radoslav,Rusnak,750504/9820,Poprad,638058,slobodny
462,Lucia,Markova,595317/4880,Trnava,711161,vydaty
463,Martin,Vesely,550125/6400,Levice,342214,slobodny
464,Katerina,Novakova,745703/4995,Kosice,663102,vydaty
465,Tomas,Dvorak,600616/1511,Presov,335183,slobodny
466,Katerina,Vargova,785803/3584,Svidnik,224470,vydaty
467,Peter,Varga,520707/1864,Humenne,502448,slobodny
468,Veronika,Predajnianska,745209/4559,Komarno,147539,vydaty
469,Jan,Rusnak,981022/6850,Komarno,813735,slobodny
470,Jana,Horvathova,555724/1346,Kosice,895169,vydaty
471,Tomas,Horvath,560708/7868,Nitra,753816,slobodny
472,Simona,Vargova,755512/1323,Poprad,491786,vydaty
473,Tomas,Marko,950221/5587,Bardejov,960230,slobodny
474,Petra,Fabianova,745924/8344,Svidnik,936345,vydaty
475,Filip,Dvorak,900919/6708,Presov,706512,slobodny
476,Zuzana,Kubikova,865302/7824,Svidnik,938978,vydaty
477,Filip,Urban,961226/7879,Martin,994498,slobodny
478,Barbora,Vargova,955710/5280,Svidnik,715324,vydaty
479,Juraj,Rusnak,620611/9049,Zilina,642861,slobodny
480,Jana,Predajnianska,565705/6919,Bardejov,380338,vydaty
481,Radoslav,Kucera,580713/6845,Presov,786462,slobodny
482,Barbora,Muskova,905719/7465,Snina,429643,vydaty
483,Peter,Rusnak,701111/1437,Poprad,295959,slobodny
484,Veronika,Horvathova,916125/2599,Trencin,456076,vydaty
485,Jan,Bednar,770213/1633,Snina,878934,slobodny
486,Katerina,Bednarova,795516/4171,Zilina,56756,vydaty
487,Marek,Dvorak,580501/6502,Martin,976792,slobodny
488,Ivana,Markova,905618/8159,Zilina,548288,vydaty
489,Marek,Horvath,960301/8962,Poprad,986023,slobodny
490,Zuzana,Vesela,975905/8045,Levice,528617,vydaty
491,Richard,Urban,820920/5076,Bratislava,94107,slobodny
492,Veronika,Fabianova,885114/1533,Komarno,407403,vydaty
493,Jan,Bednar,721024/2298,Nitra,593339,slobodny
494,Sandra,Kubikova,756007/8423,Svidnik,161255,vydaty
495,Richard,Novak,540922/3584,Senec,571621,slobodny
496,Barbora,Kubikova,675312/3748,Trencin,755047,vydaty
497,Peter,Simek,880317/9161,Humenne,535704,slobodny
498,Lucia,Kubikova,605211/1782,Poprad,926092,vydaty
499,Peter,Urban,531015/7768,Bratislava,710880,slobodny
500,Katerina,Vargova,525408/3202,Trnava,728927,vydaty
501,Martin,Kucera,570221/9511,Kosice,717210,slobodny
502,Barbora,Kubikova,575427/1004,Zilina,612367,vydaty
503,Jan,Vesely,980102/5548,Trencin,271451,slobodny
504,Veronika,Fabianova,886023/3186,Trnava,262877,vydaty
505,Richard,Fabian,710317/7410,Poprad,178565,slobodny
506,Lucia,Vesela,596212/4410,Levice,134470,vydaty
507,Radoslav,Vesely,720612/8268,Levice,842674,slobodny
508,Katerina,Vesela,615323/1292,Trencin,133147,vydaty
509,Ondrej,Muska,530108/7419,Levice,94144,slobodny
510,Veronika,Fabianova,615302/3649,Snina,185999,vydaty
511,Jan,Kucera,651024/3911,Kosice,924227,slobodny
512,Petra,Markova,855717/5752,Bardejov,348279,vydaty
513,Filip,Simek,940912/7500,Humenne,776043,slobodny
514,Lucia,Vesela,645812/2958,Komarno,314807,vydaty
515,Filip,Vesely,681027/5800,Poprad,930506,slobodny
516,Zuzana,Cerna,966016/4877,Snina,556802,vydaty
517,Ondrej,Cerny,780312/7834,Poprad,362865,slobodny
518,Lucia,Predajnianska,875804/2053,Tvrdosin,272477,vydaty
519,Juraj,Kubik,540407/9867,Trencin,764770,slobodny
520,Barbora,Vargova,996226/6178,Senec,505205,vydaty
521,Marek,Fabian,830110/9978,Trnava,460639,slobodny
522,Barbora,Fabianova,875207/8912,Nitra,30370,vydaty
523,Radoslav,Simek,800416/6503,Kosice,363176,slobodny
524,Veronika,Kucerova,975523/6890,Humenne,430671,vydaty
525,Richard,Simek,830719/1058,Trnava,37706,slobodny
526,Lucia,Markova,885305/3235,Kosice,449741,vydaty
527,Juraj,Vesely,550628/4947,Humenne,637836,slobodny
528,Barbora,Kucerova,715326/9434,Komarno,904118,vydaty
529,Filip,Rusnak,520120/2146,Snina,889063,slobodny
530,Petra,Muskova,775115/9056,Tvrdosin,202270,vydaty
531,Jan,Simek,831225/2283,Presov,954065,slobodny
532,Jana,Bednarova,995112/7534,Humenne,31974,vydaty
533,Ondrej,Varga,890522/6260,Bratislava,480641,slobodny
534,Barbora,Novakova,705504/9829,Bardejov,81847,vydaty
535,Tomas,Kucera,920101/7793,Bratislava,866678,slobodny
536,Ivana,Markova,525207/5554,Martin,987008,vydaty
537,Juraj,Simek,681109/3420,Trnava,157666,slobodny
538,Zuzana,Predajnianska,555819/4598,Senec,336380,vydaty
539,Filip,Predajniansky,970405/6234,Komarno,730575,slobodny
540,Sandra,Novakova,565712/6675,Komarno,885825,vydaty
541,Peter,Bednar,930919/5188,Svidnik,151171,slobodny
542,Petra,Urbanova,795513/5430,Levice,865970,vydaty
543,Ondrej,Simek,610510/2841,Martin,35045,slobodny
544,Ivana,Cerna,836224/8006,Bratislava,413664,vydaty
545,Peter,Simek,650510/9728,Bardejov,309478,slobodny
546,Katerina,Muskova,935303/2742,Martin,846986,vydaty
547,Tomas,Fabian,740104/5254,Levice,803792,slobodny
548,Petra,Bednarova,575814/5499,Humenne,818205,vydaty
549,Tomas,Marko,910622/4608,Tvrdosin,436487,slobodny
550,Lucia,Horvathova,555214/9491,Bardejov,142749,vydaty
551,Marek,Varga,851217/3022,Tvrdosin,556615,slobodny
552,Ivana,Kubikova,745215/9699,Martin,567274,vydaty
553,Richard,Bednar,780518/3882,Senec,391105,slobodny
554,Zuzana,Dvorakova,745310/6978,Komarno,409221,vydaty
555,Tomas,Marko,760821/6224,Bardejov,619794,slobodny
556,Zuzana,Vargova,735327/2582,Senec,673225,vydaty
557,Marek,Urban,700220/5049,Trencin,556881,slobodny
558,Ivana,Simekova,555506/9361,Senec,412864,vydaty
559,Martin,Varga,760416/9886,Bardejov,925980,slobodny
560,Zuzana,Horvathova,795928/5153,Humenne,91714,vydaty
561,Ondrej,Varga,921226/2447,Presov,211256,slobodny
562,Jana,Novakova,736105/2759,Komarno,562210,vydaty
563,Martin,Varga,980126/7412,Presov,544352,slobodny
564,Barbora,Simekova,825717/2178,Humenne,666224,vydaty
565,Tomas,Predajniansky,640716/6492,Trnava,298113,slobodny
566,Katerina,Novakova,735917/4534,Kosice,298220,vydaty
567,Marek,Predajniansky,790403/1094,Martin,178782,slobodny
568,Zuzana,Vargova,815510/3913,Trnava,288483,vydaty
569,Richard,Urban,770528/3129,Tvrdosin,381316,slobodny
570,Zuzana,Simekova,865717/8015,Kosice,791831,vydaty
571,Filip,Simek,641123/4364,Trencin,594346,slobodny
572,Lucia,Predajnianska,645102/6678,Kosice,955866,vydaty
573,Martin,Varga,901012/7082,Nitra,832942,slobodny
574,Barbora,Bednarova,535917/7897,Presov,902000,vydaty
575,Radoslav,Kubik,840123/7496,Zvolen,738100,slobodny
576,Lucia,Dvorakova,525327/7862,Trnava,467306,vydaty
577,Richard,Fabian,580501/2835,Senec,151697,slobodny
578,Simona,Vesela,715621/7753,Tvrdosin,678639,vydaty
579,Jan,Simek,681201/2170,Martin,899089,slobodny
580,Petra,Muskova,545817/2271,Humenne,323278,vydaty
581,Radoslav,Simek,720119/2450,Zilina,780627,slobodny
582,Veronika,Rusnakova,765327/1664,Zilina,168414,vydaty
583,Juraj,Rusnak,940922/2733,Zvolen,361451,slobodny
584,Simona,Novakova,596211/4900,Zilina,830167,vydaty
585,Juraj,Muska,580826/8891,Tvrdosin,790418,slobodny
586,Zuzana,Vesela,716209/8400,Levice,479506,vydaty
587,Peter,Rusnak,880711/8416,Snina,105625,slobodny
588,Barbora,Fabianova,915126/6726,Humenne,738003,vydaty
589,Richard,Fabian,680409/7509,Trencin,560109,slobodny
590,Zuzana,Fabianova,905301/8542,Trnava,774920,vydaty
591,Jan,Kubik,940206/9604,Nitra,221210,slobodny
592,Jana,Horvathova,805725/5091,Bratislava,972993,vydaty
593,Juraj,Vesely,990415/1029,Bardejov,502990,slobodny
594,Jana,Markova,515615/1442,Snina,648160,vydaty
595,Martin,Predajniansky,930314/8094,Trencin,119240,slobodny
596,Zuzana,Cerna,906121/2092,Zvolen,740718,vydaty
597,Jan,Marko,640111/7250,Levice,44154,slobodny
598,Simona,Fabianova,585728/7291,Senec,31296,vydaty
599,Martin,Bednar,650414/6227,Bratislava,903545,slobodny
600,Veronika,Simekova,985127/4344,Zilina,282908,vydaty
601,Peter,Kucera,601226/3629,Poprad,766396,slobodny
602,Katerina,Vesela,656201/6521,Martin,94266,vydaty
603,Peter,Marko,991123/4473,Trnava,477552,slobodny
604,Barbora,Simekova,955828/4627,Svidnik,989296,vydaty
605,Jan,Marko,640627/8499,Humenne,887303,slobodny
606,Petra,Urbanova,755819/3254,Levice,62470,vydaty
607,Filip,Fabian,670419/7332,Humenne,610101,slobodny
608,Katerina,Simekova,886226/1218,Nitra,760096,vydaty
609,Ondrej,Marko,750801/3058,Snina,936809,slobodny
610,Veronika,Kubikova,935608/4129,Senec,562188,vydaty
611,Filip,Rusnak,931107/6256,Levice,686770,slobodny
612,Veronika,Muskova,905818/5644,Levice,59438,vydaty
613,Marek,Predajniansky,760606/9521,Senec,489162,slobodny
614,Petra,Cerna,626216/2722,Levice,660572,vydaty
615,Filip,Fabian,910717/9947,Senec,918964,slobodny
616,Sandra,Bednarova,625703/9875,Zvolen,111358,vydaty
617,Peter,Predajniansky,541217/3282,Senec,903043,slobodny
618,Barbora,Kucerova,705512/1820,Humenne,574092,vydaty
619,Ondrej,Fabian,650225/4240,Svidnik,273633,slobodny
620,Katerina,Fabianova,745519/9329,Svidnik,433566,vydaty
621,Richard,Simek,850906/2013,Humenne,917572,slobodny
622,Veronika,Dvorakova,905806/8017,Poprad,61180,vydaty
623,Juraj,Rusnak,990721/4724,Martin,627617,slobodny
624,Simona,Novakova,895805/6837,Poprad,486076,vydaty
625,Filip,Muska,810804/7337,Bratislava,894389,slobodny
626,Katerina,Kucerova,655413/5523,Bratislava,372022,vydaty
627,Filip,Rusnak,770407/9556,Zvolen,460372,slobodny
628,Lucia,Urbanova,756223/9440,Zilina,401858,vydaty
629,Radoslav,Rusnak,860226/3387,Bratislava,224827,slobodny
630,Zuzana,Bednarova,605422/1527,Zilina,562182,vydaty
631,Richard,Kubik,670308/3691,Zilina,549957,slobodny
632,Jana,Markova,866219/6323,Bratislava,524901,vydaty
633,Radoslav,Cerny,760215/4222,Levice,935479,slobodny
634,Barbora,Simekova,885909/7137,Poprad,431682,vydaty
635,Tomas,Fabian,910905/6731,Komarno,51520,slobodny
636,Petra,Bednarova,945321/3856,Zvolen,592597,vydaty
637,Peter,Kucera,851005/8544,Poprad,97449,slobodny
638,Lucia,Horvathova,875421/2118,Komarno,489886,vydaty
639,Radoslav,Cerny,790110/7709,Zilina,374134,slobodny
640,Barbora,Bednarova,855214/4530,Levice,823297,vydaty
641,Ondrej,Varga,781210/5754,Levice,850723,slobodny
642,Veronika,Kubikova,975124/3435,Trencin,50519,vydaty
643,Juraj,Horvath,971111/5683,Komarno,827653,slobodny
644,Sandra,Vargova,575518/6441,Svidnik,311014,vydaty
645,Ondrej,Fabian,760517/3700,Kosice,790188,slobodny
646,Ivana,Fabianova,515502/3801,Trnava,15628,vydaty
647,Filip,Urban,600622/6270,Martin,438265,slobodny
648,Sandra,Urbanova,795401/2519,Presov,587589,vydaty
649,Richard,Urban,870815/4649,Svidnik,177876,slobodny
650,Jana,Urbanova,735411/1692,Zilina,418468,vydaty
651,Ondrej,Dvorak,520103/7368,Trencin,601220,slobodny
652,Jana,Kucerova,665102/1787,Tvrdosin,319166,vydaty
653,Martin,Predajniansky,790526/9640,Bratislava,993960,slobodny
654,Barbora,Vesela,515306/8290,Trencin,572584,vydaty
655,Richard,Simek,730501/6961,Trencin,778476,slobodny
656,Simona,Vesela,645808/8317,Bardejov,47377,vydaty
657,Marek,Cerny,950103/2909,Poprad,460253,slobodny
658,Jana,Vesela,605823/5533,Bardejov,499952,vydaty
659,Peter,Dvorak,861101/8103,Levice,797749,slobodny
660,Ivana,Horvathova,625319/3166,Martin,432970,vydaty
661,Richard,Fabian,880513/9464,Poprad,133634,slobodny
662,Sandra,Cerna,546222/5548,Trnava,599588,vydaty
663,Radoslav,Muska,810722/6905,Martin,857041,slobodny
664,Lucia,Vesela,646214/9102,Nitra,913610,vydaty
665,Richard,Varga,850107/1216,Nitra,149613,slobodny
666,Barbora,Markova,835508/1569,Presov,905841,vydaty
667,Jan,Bednar,670226/3142,Snina,630360,slobodny
668,Simona,Dvorakova,745424/3119,Trencin,335639,vydaty
669,Martin,Bednar,650416/9044,Tvrdosin,19510,slobodny
670,Zuzana,Fabianova,756217/6875,Poprad,242042,vydaty
671,Martin,Bednar,620917/7807,Svidnik,610964,slobodny
672,Lucia,Markova,645525/9979,Presov,724210,vydaty
673,Radoslav,Muska,630520/7642,Trencin,639327,slobodny
674,Ivana,Predajnianska,996112/1081,Trencin,516112,vydaty
675,Peter,Horvath,830508/7891,Bratislava,416640,slobodny
676,Ivana,Novakova,905101/6879,Bratislava,626750,vydaty
677,Martin,Muska,781008/8846,Poprad,556660,slobodny
678,Simona,Predajnianska,645612/4881,Bardejov,806946,vydaty
679,Tomas,Cerny,580707/2072,Levice,468187,slobodny
680,Katerina,Kucerova,536016/7615,Bardejov,410831,vydaty
681,Juraj,Urban,760119/6216,Svidnik,654891,slobodny
682,Petra,Vargova,826021/3988,Tvrdosin,425702,vydaty
683,Jan,Predajniansky,621016/4826,Zilina,52463,slobodny
684,Barbora,Muskova,956208/8387,Bardejov,311136,vydaty
685,Radoslav,Kubik,880224/7443,Zvolen,484633,slobodny
686,Katerina,Muskova,795701/3646,Tvrdosin,152008,vydaty
687,Richard,Novak,631210/4167,Zvolen,787263,slobodny
688,Katerina,Muskova,645919/4434,Komarno,519767,vydaty
689,Juraj,Predajniansky,640308/5836,Levice,537005,slobodny
690,Ivana,Fabianova,835120/2216,Bratislava,830142,vydaty
691,Peter,Muska,620207/9126,Nitra,869115,slobodny
692,Simona,Dvorakova,755704/1557,Komarno,794842,vydaty
693,Radoslav,Cerny,630906/2746,Komarno,959181,slobodny
694,Veronika,Kucerova,825121/2566,Presov,873785,vydaty
695,Marek,Bednar,821014/7610,Presov,208899,slobodny
696,Sandra,Urbanova,955721/1727,Nitra,753614,vydaty
697,Radoslav,Predajniansky,650927/5985,Presov,821306,slobodny
698,Petra,Horvathova,675825/4135,Zilina,112814,vydaty
699,Ondrej,Predajniansky,661106/8374,Tvrdosin,75681,slobodny
700,Jana,Markova,816015/8200,Martin,262165,vydaty
701,Radoslav,Novak,930512/5035,Snina,138751,slobodny
702,Simona,Cerna,896017/1648,Senec,787036,vydaty
703,Peter,Predajniansky,591211/8433,Levice,162624,slobodny
704,Jana,Kucerova,855414/5012,Snina,306118,vydaty
705,Marek,Marko,671208/8279,Trnava,837798,slobodny
706,Sandra,Rusnakova,975123/4659,Senec,819773,vydaty
707,Marek,Vesely,670212/5970,Zvolen,318768,slobodny
708,Zuzana,Urbanova,805814/2861,Presov,661867,vydaty
709,Tomas,Cerny,560218/2925,Levice,279135,slobodny
710,Simona,Fabianova,966224/1118,Tvrdosin,809151,vydaty
711,Juraj,Novak,720818/7037,Senec,428888,slobodny
712,Katerina,Dvorakova,815624/4349,Zilina,763571,vydaty
713,Richard,Dvorak,880704/8835,Zilina,282670,slobodny
714,Jana,Urbanova,535826/9816,Presov,235614,vydaty
715,Richard,Rusnak,600615/1426,Senec,479734,slobodny
716,Veronika,Cerna,686003/2602,Zilina,924591,vydaty
717,Richard,Horvath,560501/8164,Komarno,55560,slobodny
718,Sandra,Kucerova,886022/9091,Komarno,123931,vydaty
719,Radoslav,Varga,820618/5352,Levice,747089,slobodny
720,Veronika,Simekova,856202/4509,Zvolen,393343,vydaty
721,Filip,Horvath,920319/4870,Presov,290427,slobodny
722,Zuzana,Fabianova,936205/8502,Poprad,751037,vydaty
723,Jan,Varga,780510/1228,Levice,124823,slobodny
724,Jana,Simekova,645316/3193,Tvrdosin,14893,vydaty
725,Richard,Kucera,800716/6632,Presov,147576,slobodny
726,Barbora,Fabianova,905925/7712,Presov,512022,vydaty
727,Jan,Marko,751120/9744,Poprad,646518,slobodny
728,Barbora,Fabianova,606213/2416,Nitra,686794,vydaty
729,Peter,Predajniansky,550522/8657,Humenne,11851,slobodny
730,Zuzana,Markova,976219/2371,Poprad,262008,vydaty
731,Jan,Vesely,850315/3671,Svidnik,50991,slobodny
732,Barbora,Simekova,565228/8239,Komarno,883985,vydaty
733,Peter,Bednar,540508/6029,Bratislava,208890,slobodny
734,Sandra,Fabianova,806104/3879,Svidnik,353992,vydaty
735,Richard,Bednar,930126/4509,Presov,911983,slobodny
736,Zuzana,Predajnianska,655910/7893,Poprad,775190,vydaty
737,Richard,Fabian,940620/7371,Zilina,429844,slobodny
738,Katerina,Markova,535220/8707,Bratislava,999495,vydaty
739,Peter,Urban,910109/4875,Poprad,204214,slobodny
740,Jana,Urbanova,575617/6280,Tvrdosin,400364,vydaty
741,Radoslav,Bednar,890103/3050,Presov,583976,slobodny
742,Petra,Simekova,855908/8764,Zvolen,964112,vydaty
743,Richard,Cerny,621114/1874,Zvolen,800878,slobodny
744,Petra,Simekova,956212/2654,Kosice,809592,vydaty
745,Radoslav,Vesely,840616/6515,Trnava,117089,slobodny
746,Simona,Dvorakova,925907/9353,Kosice,660662,vydaty
747,Martin,Varga,581214/6760,Zvolen,763627,slobodny
748,Ivana,Rusnakova,565805/2488,Zvolen,736498,vydaty
749,Filip,Vesely,960805/5898,Trencin,563877,slobodny
750,Jana,Horvathova,865117/8844,Nitra,983155,vydaty
751,Richard,Kucera,731124/9622,Komarno,843346,slobodny
752,Jana,Horvathova,795513/3587,Levice,294866,vydaty
753,Richard,Cerny,810221/3978,Bratislava,426814,slobodny
754,Barbora,Markova,726023/3046,Trencin,512170,vydaty
755,Marek,Urban,511216/9959,Zvolen,834707,slobodny
756,Lucia,Cerna,535410/2568,Kosice,959183,vydaty
757,Peter,Rusnak,961226/3651,Komarno,704183,slobodny
758,Jana,Dvorakova,605907/4627,Komarno,751720,vydaty
759,Martin,Dvorak,670705/2261,Senec,984275,slobodny
760,Ivana,Kubikova,725119/6223,Presov,405122,vydaty
761,Martin,Kubik,580712/1853,Tvrdosin,71922,slobodny
762,Jana,Dvorakova,645502/9778,Trencin,737787,vydaty
763,Jan,Dvorak,960610/7301,Tvrdosin,62636,slobodny
764,Simona,Cerna,886010/4197,Senec,134166,vydaty
765,Ondrej,Varga,820926/8894,Nitra,139430,slobodny
766,Zuzana,Kucerova,546117/1865,Poprad,717017,vydaty
767,Jan,Predajniansky,510217/5820,Trencin,111463,slobodny
768,Zuzana,Cerna,706008/6693,Kosice,414888,vydaty
769,Tomas,Fabian,780811/5234,Nitra,504222,slobodny
770,Sandra,Fabianova,995517/4360,Bardejov,942315,vydaty
771,Juraj,Rusnak,820401/2772,Poprad,179946,slobodny
772,Lucia,Kubikova,735315/2611,Tvrdosin,292871,vydaty
773,Marek,Bednar,910124/2187,Zvolen,45752,slobodny
774,Zuzana,Kucerova,835608/3280,Trencin,119614,vydaty
775,Martin,Novak,771127/4358,Bardejov,691481,slobodny
776,Petra,Horvathova,535328/2234,Tvrdosin,939123,vydaty
777,Jan,Novak,900415/8817,Poprad,539254,slobodny
778,Jana,Urbanova,986001/9219,Levice,430106,vydaty
779,Tomas,Kubik,951127/5866,Zvolen,451539,slobodny
780,Veronika,Vargova,945627/1636,Trnava,116324,vydaty
781,Radoslav,Fabian,641003/1948,Trencin,797024,slobodny
782,Barbora,Novakova,785721/3356,Zvolen,573350,vydaty
783,Martin,Dvorak,540916/1498,Trnava,196521,slobodny
784,Barbora,Rusnakova,905503/5180,Nitra,461008,vydaty
785,Juraj,Marko,610726/6880,Komarno,125667,slobodny
786,Ivana,Novakova,845707/2993,Tvrdosin,768827,vydaty
787,Marek,Varga,670523/6895,Zvolen,487430,slobodny
788,Veronika,Simekova,906027/5388,Poprad,446417,vydaty
789,Radoslav,Simek,570707/3964,Zilina,770705,slobodny
790,Katerina,Vesela,546224/7397,Bratislava,489080,vydaty
791,Martin,Predajniansky,571201/5408,Snina,908745,slobodny
792,Jana,Novakova,515718/1297,Svidnik,691363,vydaty
793,Tomas,Cerny,590913/3056,Trencin,908189,slobodny
794,Barbora,Kucerova,975621/8791,Bratislava,578440,vydaty
795,Jan,Vesely,550810/3978,Trencin,860669,slobodny
796,Zuzana,Markova,615708/5059,Komarno,357616,vydaty
797,Martin,Horvath,720408/1669,Zvolen,128996,slobodny
798,Veronika,Urbanova,705320/7197,Bratislava,503534,vydaty
799,Martin,Predajniansky,951123/2140,Senec,633995,slobodny
800,Jana,Simekova,775223/9014,Bratislava,884993,vydaty
801,Filip,Cerny,840218/4740,Snina,70368,slobodny
802,Barbora,Kucerova,685402/9000,Bratislava,979516,vydaty
803,Martin,Kubik,790913/2610,Snina,803916,slobodny
804,Lucia,Horvathova,866220/8162,Kosice,886127,vydaty
805,Juraj,Predajniansky,940309/1858,Snina,88385,slobodny
806,Veronika,Kubikova,865625/1122,Senec,85819,vydaty
807,Marek,Kubik,670504/1185,Nitra,551833,slobodny
808,Simona,Predajnianska,655312/9151,Poprad,628176,vydaty
809,Ondrej,Kucera,610703/7393,Humenne,579658,slobodny
810,Barbora,Horvathova,875426/3207,Senec,211271,vydaty
811,Marek,Kubik,561202/8875,Trencin,590625,slobodny
812,Petra,Kubikova,676221/5258,Tvrdosin,366416,vydaty
813,Radoslav,Novak,560803/2644,Poprad,656662,slobodny
814,Barbora,Markova,745314/8892,Humenne,969301,vydaty
815,Peter,Kubik,520402/5763,Zilina,297340,slobodny
816,Lucia,Bednarova,515621/3995,Poprad,248089,vydaty
817,Richard,Rusnak,680603/7320,Humenne,642215,slobodny
818,Katerina,Urbanova,705715/4025,Bardejov,723585,vydaty
819,Filip,Horvath,900120/5264,Tvrdosin,530059,slobodny
820,Jana,Dvorakova,805726/2310,Trencin,707463,vydaty
821,Tomas,Fabian,600107/5273,Tvrdosin,342970,slobodny
822,Lucia,Rusnakova,885114/7352,Martin,44548,vydaty
823,Jan,Vesely,850321/2858,Bratislava,855697,slobodny
824,Veronika,Horvathova,556021/5335,Kosice,166909,vydaty
825,Filip,Bednar,710307/6034,Nitra,290051,slobodny
826,Simona,Muskova,715421/8639,Kosice,425201,vydaty
827,Juraj,Bednar,700424/8813,Bratislava,897874,slobodny
828,Petra,Rusnakova,815406/6972,Bardejov,732026,vydaty
829,Marek,Varga,830805/9321,Levice,566506,slobodny
830,Lucia,Novakova,815521/2192,Trencin,839941,vydaty
831,Ondrej,Rusnak,640519/7192,Bardejov,96200,slobodny
832,Zuzana,Urbanova,566004/6482,Svidnik,56854,vydaty
833,Juraj,Kubik,980823/3458,Poprad,686383,slobodny
834,Jana,Fabianova,576101/7619,Trencin,886880,vydaty
835,Tomas,Urban,600318/6646,Levice,479053,slobodny
836,Simona,Vesela,645520/8048,Levice,255956,vydaty
837,Juraj,Kubik,771016/5418,Martin,353960,slobodny
838,Jana,Bednarova,645118/9681,Snina,39520,vydaty
839,Martin,Horvath,670120/2506,Presov,345749,slobodny
840,Ivana,Vargova,545102/7465,Trnava,136866,vydaty
841,Ondrej,Muska,861011/5981,Poprad,473893,slobodny
842,Sandra,Rusnakova,955413/4502,Martin,350473,vydaty
843,Tomas,Dvorak,700908/9134,Trnava,68184,slobodny
844,Katerina,Kucerova,915415/6839,Zilina,473364,vydaty
845,Marek,Muska,670628/1623,Humenne,586687,slobodny
846,Lucia,Horvathova,765111/2940,Komarno,22678,vydaty
847,Radoslav,Varga,780423/4269,Kosice,382692,slobodny
848,Simona,Dvorakova,775422/9250,Humenne,809848,vydaty
849,Juraj,Fabian,881023/6624,Nitra,26337,slobodny
850,Ivana,Vargova,655612/9545,Snina,568689,vydaty
851,Marek,Predajniansky,860502/3976,Martin,765797,slobodny
852,Lucia,Cerna,776021/8306,Nitra,815007,vydaty
853,Martin,Vesely,960403/9322,Bratislava,468792,slobodny
854,Sandra,Predajnianska,576122/9983,Trnava,411136,vydaty
855,Richard,Urban,540525/1679,Nitra,475658,slobodny
856,Sandra,Predajnianska,535904/7010,Zilina,291124,vydaty
857,Marek,Horvath,631122/7137,Trnava,780120,slobodny
858,Ivana,Kubikova,606224/9343,Humenne,184601,vydaty
859,Tomas,Rusnak,930808/4921,Svidnik,18492,slobodny
860,Sandra,Cerna,825824/1614,Snina,878248,vydaty
861,Filip,Novak,750617/8309,Zvolen,635080,slobodny
862,Ivana,Predajnianska,846223/4662,Bardejov,165568,vydaty
863,Richard,Vesely,510928/8904,Martin,752866,slobodny
864,Lucia,Vargova,976103/5738,Zilina,756370,vydaty
865,Peter,Kubik,840605/2343,Levice,755994,slobodny
866,Jana,Urbanova,975919/8508,Poprad,837739,vydaty
867,Marek,Marko,890902/6625,Nitra,618002,slobodny
868,Petra,Bednarova,655604/8767,Trencin,640954,vydaty
869,Radoslav,Simek,760215/8199,Martin,37452,slobodny
870,Barbora,Simekova,645925/8420,Zilina,595561,vydaty
871,Radoslav,Marko,550601/4182,Levice,669746,slobodny
872,Veronika,Vargova,855528/1590,Humenne,475525,vydaty
873,Peter,Horvath,751126/1462,Kosice,494351,slobodny
874,Sandra,Simekova,646121/7576,Levice,599472,vydaty
875,Ondrej,Kucera,790906/9597,Tvrdosin,32188,slobodny
876,Zuzana,Fabianova,625321/1968,Kosice,411077,vydaty
877,Filip,Marko,601205/7490,Snina,782628,slobodny
878,Veronika,Urbanova,795828/2967,Svidnik,589641,vydaty
879,Jan,Marko,510926/4453,Martin,33771,slobodny
880,Simona,Fabianova,585215/4304,Nitra,571280,vydaty
881,Jan,Dvorak,990903/1158,Humenne,42380,slobodny
882,Sandra,Markova,795816/4868,Kosice,338762,vydaty
883,Juraj,Cerny,620217/4198,Humenne,888168,slobodny
884,Katerina,Horvathova,905207/7496,Snina,462186,vydaty
885,Peter,Dvorak,731220/6676,Nitra,164624,slobodny
886,Katerina,Horvathova,675119/6637,Snina,608112,vydaty
887,Peter,Predajniansky,750525/6468,Bratislava,952983,slobodny
888,Simona,Vargova,676213/5376,Nitra,405836,vydaty
889,Tomas,Vesely,860310/4319,Senec,214984,slobodny
890,Katerina,Rusnakova,786227/2920,Nitra,240366,vydaty
891,Filip,Fabian,660518/9725,Nitra,680707,slobodny
892,Zuzana,Kucerova,655610/5595,Tvrdosin,569840,vydaty
893,Juraj,Kucera,550816/2516,Humenne,696526,slobodny
894,Petra,Vargova,535122/8710,Humenne,422673,vydaty
895,Richard,Horvath,741220/4806,Humenne,680238,slobodny
896,Sandra,Novakova,775606/2337,Martin,586417,vydaty
897,Martin,Varga,890802/8600,Bratislava,601441,slobodny
898,Jana,Kucerova,595815/1165,Kosice,433665,vydaty
899,Martin,Vesely,650324/8941,Zvolen,751279,slobodny
900,Sandra,Fabianova,925123/5667,Senec,595165,vydaty
901,Richard,Bednar,940602/8168,Komarno,544676,slobodny
902,Veronika,Kucerova,675604/4065,Levice,586073,vydaty
903,Filip,Kubik,770302/2653,Svidnik,241666,slobodny
904,Katerina,Rusnakova,826213/5441,Svidnik,412381,vydaty
905,Peter,Vesely,690316/6875,Zvolen,239007,slobodny
906,Katerina,Muskova,955623/1395,Humenne,246077,vydaty
907,Peter,Kucera,890813/5120,Zvolen,337142,slobodny
908,Petra,Rusnakova,566217/8956,Humenne,771322,vydaty
909,Richard,Varga,941224/9969,Trnava,62205,slobodny
910,Barbora,Vesela,575717/9190,Bratislava,215233,vydaty
911,Richard,Urban,630209/3693,Poprad,311955,slobodny
912,Katerina,Fabianova,956202/9233,Zilina,24751,vydaty
913,Peter,Dvorak,730904/3278,Komarno,397506,slobodny
914,Veronika,Predajnianska,515522/4748,Trencin,150295,vydaty
915,Juraj,Rusnak,511223/5013,Trnava,367520,slobodny
916,Petra,Horvathova,696101/5170,Levice,398129,vydaty
917,Filip,Horvath,760914/8331,Zvolen,926134,slobodny
918,Simona,Markova,885118/7107,Zilina,259433,vydaty
919,Marek,Marko,651010/9314,Snina,373800,slobodny
920,Barbora,Urbanova,635228/3728,Komarno,741100,vydaty
921,Peter,Kucera,750811/8734,Trencin,437830,slobodny
922,Jana,Markova,525227/5615,Tvrdosin,548127,vydaty
923,Martin,Bednar,781205/6283,Snina,789528,slobodny
924,Veronika,Vargova,785713/1683,Nitra,499365,vydaty
925,Juraj,Dvorak,810622/2192,Nitra,662356,slobodny
926,Zuzana,Predajnianska,746212/2544,Senec,288339,vydaty
927,Radoslav,Predajniansky,780724/4563,Poprad,939280,slobodny
928,Sandra,Rusnakova,575825/1576,Kosice,747572,vydaty
929,Marek,Marko,730210/3820,Snina,971026,slobodny
930,Barbora,Dvorakova,726011/4993,Zilina,610293,vydaty
931,Martin,Muska,790514/8043,Senec,416939,slobodny
932,Zuzana,Vargova,905123/4871,Svidnik,457852,vydaty
933,Martin,Simek,591008/1953,Senec,194839,slobodny
934,Ivana,Fabianova,665318/7177,Tvrdosin,161072,vydaty
935,Marek,Vesely,541026/8895,Svidnik,322787,slobodny
936,Zuzana,Markova,616109/8592,Trencin,173015,vydaty
937,Marek,Predajniansky,820418/5231,Snina,245276,slobodny
938,Lucia,Fabianova,815321/4549,Levice,366649,vydaty
939,Martin,Fabian,860110/4133,Presov,372055,slobodny
940,Simona,Rusnakova,825223/8040,Kosice,868265,vydaty
941,Filip,Vesely,620611/4963,Martin,647069,slobodny
942,Sandra,Novakova,876217/7121,Bratislava,422301,vydaty
943,Martin,Dvorak,750214/5714,Presov,989755,slobodny
944,Jana,Urbanova,775705/7471,Zvolen,839916,vydaty
945,Marek,Kucera,530121/3338,Poprad,390693,slobodny
946,Ivana,Kubikova,926220/7829,Zvolen,35813,vydaty
947,Richard,Kucera,590728/7987,Svidnik,167446,slobodny
948,Katerina,Rusnakova,585102/5411,Zilina,829910,vydaty
949,Ondrej,Horvath,881009/1014,Zvolen,256795,slobodny
950,Ivana,Vesela,526204/7140,Levice,252767,vydaty
951,Jan,Fabian,771109/6070,Presov,743186,slobodny
952,Barbora,Bednarova,545527/8852,Zvolen,137488,vydaty
953,Ondrej,Rusnak,531227/1204,Senec,176681,slobodny
954,Katerina,Rusnakova,866001/2408,Senec,326648,vydaty
955,Richard,Simek,871128/2518,Snina,87994,slobodny
956,Petra,Kubikova,826117/6752,Snina,210745,vydaty
957,Richard,Rusnak,610204/6318,Humenne,265600,slobodny
958,Katerina,Horvathova,836011/1466,Poprad,488453,vydaty
959,Tomas,Dvorak,770424/6088,Zvolen,534735,slobodny
960,Ivana,Kubikova,935413/7305,Senec,850609,vydaty
961,Tomas,Novak,971018/6696,Svidnik,173672,slobodny
962,Ivana,Rusnakova,985702/5889,Presov,489899,vydaty
963,Radoslav,Simek,911016/6426,Svidnik,956021,slobodny
964,Veronika,Fabianova,955504/8918,Bratislava,761390,vydaty
965,Peter,Dvorak,711128/2189,Zilina,655608,slobodny
966,Sandra,Horvathova,815328/9309,Zvolen,884751,vydaty
967,Peter,Simek,630325/3201,Zilina,952865,slobodny
968,Katerina,Markova,995916/2448,Bratislava,126738,vydaty
969,Peter,Marko,551020/8444,Senec,752423,slobodny
970,Lucia,Kubikova,805220/2056,Senec,137077,vydaty
971,Martin,Marko,750103/4576,Zilina,19021,slobodny
972,Simona,Vargova,885123/2522,Bardejov,655622,vydaty
973,Ondrej,Kubik,880518/7448,Svidnik,177081,slobodny
974,Veronika,Horvathova,945624/7515,Zvolen,137959,vydaty
975,Ondrej,Vesely,910528/1648,Trnava,256539,slobodny
976,Zuzana,Bednarova,995209/8580,Bratislava,514869,vydaty
977,Marek,Marko,611022/4232,Trnava,487124,slobodny
978,Katerina,Kucerova,875317/4289,Bratislava,300725,vydaty
979,Peter,Marko,590822/8074,Zilina,572764,slobodny
980,Veronika,Horvathova,835514/5119,Kosice,546468,vydaty
981,Peter,Varga,720725/3964,Senec,963074,slobodny
982,Jana,Novakova,955520/1963,Nitra,45708,vydaty
983,Juraj,Muska,751127/9072,Bratislava,713881,slobodny
984,Sandra,Cerna,815923/9744,Svidnik,218154,vydaty
985,Richard,Varga,690813/9467,Kosice,796560,slobodny
986,Barbora,Kubikova,605413/5702,Tvrdosin,508175,vydaty
987,Martin,Bednar,990717/8973,Tvrdosin,731713,slobodny
988,Simona,Rusnakova,695614/7064,Svidnik,405470,vydaty
989,Ondrej,Fabian,520616/3900,Martin,661456,slobodny
990,Barbora,Fabianova,965425/6240,Senec,880892,vydaty
991,Tomas,Cerny,990925/5457,Kosice,84899,slobodny
992,Katerina,Bednarova,726221/2533,Trencin,433307,vydaty
993,Martin,Vesely,930810/5948,Trnava,495830,slobodny
994,Sandra,Vesela,975713/3649,Senec,969183,vydaty
995,Peter,Simek,741206/9577,Komarno,745355,slobodny
996,Ivana,Simekova,545223/2994,Martin,227668,vydaty
997,Marek,Kucera,571009/3924,Bardejov,746769,slobodny
998,Veronika,Fabianova,855904/4361,Senec,951856,vydaty
999,Peter,Rusnak,900919/3814,Trencin,407459,slobodny
1000,Katerina,Kubikova,925918/1201,Snina,245227,vydaty
1001,Marek,Rusnak,750407/7906,Senec,240427,slobodny
1002,Katerina,Markova,995523/6822,Humenne,487324,vydaty
1003,Filip,Varga,970207/1538,Tvrdosin,930667,slobodny
1004,Jana,Markova,835602/4851,Tvrdosin,79257,vydaty
1005,Richard,Novak,521007/8670,Nitra,155322,slobodny
1006,Simona,Simekova,705907/8241,Zilina,34169,vydaty
1007,Peter,Vesely,960323/1444,Komarno,152790,slobodny
1008,Katerina,Kucerova,626023/9273,Trnava,183330,vydaty
1009,Jan,Cerny,581220/4675,Martin,684196,slobodny
1010,Jana,Bednarova,896003/3194,Humenne,290310,vydaty
1011,Filip,Bednar,640513/6771,Zvolen,71095,slobodny
1012,Katerina,Muskova,665520/7477,Komarno,461632,vydaty
1013,Richard,Rusnak,790305/8844,Bardejov,353013,slobodny
1014,Zuzana,Rusnakova,575214/7250,Komarno,978750,vydaty
1015,Martin,Novak,581211/3966,Snina,281781,slobodny
1016,Katerina,Simekova,766126/7484,Svidnik,746663,vydaty
1017,Filip,Horvath,560322/2661,Levice,902271,slobodny
1018,Lucia,Kubikova,665928/9850,Nitra,988616,vydaty
1019,Jan,Horvath,730824/8879,Nitra,233841,slobodny
1020,Zuzana,Kubikova,625909/9546,Martin,216759,vydaty
1021,Filip,Urban,620813/4121,Poprad,565284,slobodny
1022,Katerina,Muskova,896124/8836,Levice,959706,vydaty
1023,Juraj,Kubik,560726/3839,Trnava,225102,slobodny
1024,Lucia,Markova,675205/7140,Zilina,111430,vydaty
1025,Radoslav,Vesely,561011/6218,Svidnik,190842,slobodny
1026,Jana,Cerna,555203/6013,Zvolen,772830,vydaty
1027,Juraj,Horvath,890421/1995,Snina,167335,slobodny
1028,Sandra,Predajnianska,785120/4625,Presov,658921,vydaty
1029,Juraj,Kubik,790711/7548,Senec,315515,slobodny
1030,Zuzana,Vargova,805222/6141,Humenne,450008,vydaty
1031,Radoslav,Kucera,870712/1239,Tvrdosin,562166,slobodny
1032,Petra,Horvathova,695203/5979,Bratislava,253234,vydaty
1033,Ondrej,Kucera,930816/2444,Levice,914426,slobodny
1034,Veronika,Vesela,615922/1724,Trencin,818211,vydaty
1035,Richard,Bednar,910516/6590,Trencin,709020,slobodny
1036,Simona,Horvathova,555918/5354,Svidnik,157018,vydaty
1037,Radoslav,Vesely,960924/5817,Zilina,579724,slobodny
1038,Ivana,Vesela,955805/6415,Trencin,284011,vydaty
1039,Richard,Fabian,690113/7496,Senec,75555,slobodny
1040,Sandra,Simekova,915924/1456,Bardejov,251756,vydaty
1041,Peter,Varga,721012/5715,Bratislava,489465,slobodny
1042,Petra,Bednarova,585909/1506,Bardejov,10161,vydaty
1043,Tomas,Horvath,760715/2525,Zilina,110079,slobodny
1044,Veronika,Simekova,585514/9693,Bratislava,56620,vydaty
1045,Juraj,Urban,970124/7254,Poprad,868817,slobodny
1046,Katerina,Predajnianska,746122/1243,Trencin,563406,vydaty
1047,Radoslav,Marko,560510/9492,Trnava,146213,slobodny
1048,Petra,Kubikova,795521/3210,Trnava,490075,vydaty
1049,Radoslav,Cerny,750316/3082,Komarno,373077,slobodny
1050,Zuzana,Rusnakova,906212/7547,Martin,180926,vydaty
1051,Radoslav,Predajniansky,640928/4054,Svidnik,316354,slobodny
1052,Lucia,Rusnakova,695222/7875,Humenne,521277,vydaty
1053,Martin,Marko,661026/3354,Snina,768133,slobodny
1054,Veronika,Vesela,716226/5202,Snina,524895,vydaty
1055,Martin,Bednar,970519/2729,Zilina,899087,slobodny
1056,Ivana,Cerna,566206/7009,Levice,830320,vydaty
1057,Peter,Cerny,841022/4521,Bratislava,788624,slobodny
1058,Petra,Vargova,566205/1116,Presov,758736,vydaty
1059,Marek,Vesely,970616/2404,Bratislava,657304,slobodny
1060,Lucia,Cerna,676208/2651,Bardejov,354506,vydaty
1061,Peter,Horvath,540624/8092,Senec,849699,slobodny
1062,Simona,Dvorakova,635421/3210,Levice,644806,vydaty
1063,Juraj,Kubik,921211/2136,Snina,386720,slobodny
1064,Lucia,Dvorakova,965606/2464,Nitra,603471,vydaty
1065,Marek,Marko,580317/1331,Senec,122825,slobodny
1066,Sandra,Dvorakova,815218/1109,Bardejov,632456,vydaty
1067,Tomas,Novak,510124/5130,Tvrdosin,620059,slobodny
1068,Katerina,Kucerova,576112/7482,Bratislava,763803,vydaty
1069,Jan,Kubik,710418/6291,Snina,790932,slobodny
1070,Barbora,Novakova,705125/9758,Levice,425255,vydaty
1071,Richard,Horvath,621002/5113,Senec,429726,slobodny
1072,Petra,Kucerova,846219/6096,Poprad,733032,vydaty
1073,Peter,Varga,780112/2655,Trnava,761398,slobodny
1074,Barbora,Kucerova,545704/8891,Nitra,519096,vydaty
1075,Radoslav,Marko,800812/7644,Presov,836871,slobodny
1076,Petra,Markova,555402/7518,Trnava,414208,vydaty
1077,Jan,Urban,611201/3060,Tvrdosin,354897,slobodny
1078,Barbora,Novakova,655810/6570,Trencin,427857,vydaty
1079,Filip,Predajniansky,661022/6818,Kosice,484804,slobodny
1080,Ivana,Cerna,605317/3285,Nitra,745742,vydaty
1081,Juraj,Vesely,660502/7708,Nitra,906260,slobodny
1082,Barbora,Vesela,705519/6583,Komarno,818543,vydaty
1083,Ondrej,Dvorak,630910/1730,Svidnik,693950,slobodny
1084,Barbora,Kubikova,975118/9739,Trencin,868066,vydaty
1085,Juraj,Varga,820113/5102,Martin,293275,slobodny
1086,Simona,Vargova,636218/7257,Trnava,185051,vydaty
1087,Juraj,Urban,790820/2665,Zilina,793155,slobodny
1088,Zuzana,Vesela,875808/8661,Humenne,611936,vydaty
1089,Martin,Urban,680115/5004,Zilina,48963,slobodny
1090,Barbora,Vargova,775909/6324,Tvrdosin,608429,vydaty
1091,Tomas,Simek,690102/7394,Tvrdosin,396325,slobodny
1092,Katerina,Fabianova,695321/9472,Presov,706574,vydaty
1093,Filip,Urban,610224/2347,Bardejov,799766,slobodny
1094,Veronika,Kubikova,536021/1827,Martin,141019,vydaty
1095,Juraj,Kucera,740427/2391,Svidnik,929630,slobodny
1096,Simona,Urbanova,665113/2993,Kosice,183975,vydaty
1097,Jan,Vesely,531002/3399,Poprad,352428,slobodny
1098,Barbora,Markova,766207/5616,Trencin,109468,vydaty
1099,Juraj,Muska,840706/8627,Levice,461477,slobodny
1100,Veronika,Rusnakova,615823/5750,Svidnik,588190,vydaty
1101,Marek,Fabian,670128/5871,Bardejov,994445,slobodny
1102,Barbora,Vesela,966217/4502,Poprad,956980,vydaty
1103,Tomas,Marko,620510/4049,Tvrdosin,578501,slobodny
1104,Zuzana,Fabianova,926109/8657,Komarno,592055,vydaty
1105,Radoslav,Cerny,590419/5300,Bratislava,732015,slobodny
1106,Barbora,Markova,585914/8851,Senec,819913,vydaty
1107,Ondrej,Novak,770916/8930,Levice,726810,slobodny
1108,Sandra,Urbanova,875817/1145,Nitra,462177,vydaty
1109,Ondrej,Fabian,820413/6068,Bardejov,536689,slobodny
1110,Katerina,Muskova,836010/2025,Poprad,914789,vydaty
1111,Ondrej,Horvath,660201/3523,Trencin,311760,slobodny
1112,Sandra,Rusnakova,785913/8482,Martin,706804,vydaty
1113,Juraj,Rusnak,590623/1029,Trencin,418397,slobodny
1114,Barbora,Kubikova,625617/8841,Nitra,96151,vydaty
1115,Ondrej,Dvorak,910314/7035,Tvrdosin,480531,slobodny
1116,Jana,Cerna,695307/8719,Trencin,482920,vydaty
1117,Tomas,Rusnak,520317/1529,Zvolen,570367,slobodny
1118,Veronika,Rusnakova,555519/9032,Nitra,85359,vydaty
1119,Martin,Urban,670802/5172,Presov,654488,slobodny
1120,Katerina,Vesela,866110/1276,Zilina,738999,vydaty
1121,Marek,Cerny,660927/8068,Zilina,97006,slobodny
1122,Barbora,Markova,655107/3325,Bardejov,757194,vydaty
1123,Marek,Marko,840513/5300,Zvolen,485453,slobodny
1124,Barbora,Bednarova,795824/5520,Trnava,780854,vydaty
1125,Ondrej,Varga,700707/3782,Trencin,135567,slobodny
1126,Jana,Bednarova,635516/3134,Tvrdosin,545106,vydaty
1127,Richard,Rusnak,520407/7443,Snina,269051,slobodny
1128,Katerina,Urbanova,646116/4383,Trencin,549156,vydaty
1129,Jan,Cerny,750221/8363,Nitra,296649,slobodny
1130,Sandra,Fabianova,686222/4784,Bratislava,82502,vydaty
1131,Filip,Urban,900719/5117,Poprad,878081,slobodny
1132,Jana,Bednarova,955109/8366,Trnava,134430,vydaty
1133,Ondrej,Muska,930926/9790,Nitra,247294,slobodny
1134,Barbora,Muskova,846111/8232,Martin,955865,vydaty
1135,Radoslav,Kucera,520526/9931,Zvolen,944167,slobodny
1136,Zuzana,Kucerova,915403/3256,Tvrdosin,725027,vydaty
1137,Richard,Horvath,831014/4732,Poprad,765771,slobodny
1138,Barbora,Simekova,915220/7852,Levice,576341,vydaty
1139,Richard,Varga,811111/1792,Kosice,79815,slobodny
1140,Simona,Muskova,925920/1831,Martin,117685,vydaty
1141,Peter,Kucera,610411/1838,Nitra,627895,slobodny
1142,Simona,Simekova,925311/7281,Humenne,374549,vydaty
1143,Martin,Muska,760625/5766,Trnava,736307,slobodny
1144,Ivana,Fabianova,545921/2805,Nitra,917246,vydaty
1145,Radoslav,Predajniansky,961222/8935,Martin,185167,slobodny
1146,Zuzana,Simekova,785328/5505,Snina,286452,vydaty
1147,Marek,Varga,900524/3164,Senec,400110,slobodny
1148,Lucia,Vargova,805122/9458,Zvolen,65193,vydaty
1149,Richard,Simek,940721/6710,Trnava,459257,slobodny
1150,Lucia,Predajnianska,795422/9280,Bratislava,500581,vydaty
1151,Juraj,Cerny,620926/6319,Kosice,882096,slobodny
1152,Simona,Vesela,995501/4185,Trencin,356907,vydaty
1153,Filip,Vesely,910709/8369,Snina,846220,slobodny
1154,Lucia,Novakova,595519/5001,Humenne,240176,vydaty
1155,Filip,Urban,661119/2591,Zilina,272624,slobodny
1156,Sandra,Urbanova,815825/3633,Martin,357664,vydaty
1157,Peter,Vesely,800315/3323,Trencin,89600,slobodny
1158,Petra,Rusnakova,895806/4366,Humenne,591935,vydaty
1159,Tomas,Vesely,811220/7666,Trnava,282742,slobodny
1160,Ivana,Cerna,665402/8823,Bardejov,326813,vydaty
1161,Ondrej,Varga,601017/5467,Zvolen,886898,slobodny
1162,Petra,Fabianova,875102/7126,Martin,332547,vydaty
1163,Ondrej,Bednar,940922/6678,Levice,118134,slobodny
1164,Simona,Rusnakova,765921/2842,Senec,76010,vydaty
1165,Tomas,Rusnak,950511/8626,Zvolen,329992,slobodny
1166,Simona,Predajnianska,586020/3204,Martin,938485,vydaty
1167,Ondrej,Bednar,721108/7506,Poprad,944347,slobodny
1168,Simona,Simekova,775822/9982,Zilina,288392,vydaty
1169,Ondrej,Horvath,530123/2970,Levice,177915,slobodny
1170,Jana,Cerna,725209/6699,Zilina,190308,vydaty
1171,Radoslav,Kubik,580703/8780,Bardejov,99046,slobodny
1172,Katerina,Vesela,585609/3085,Levice,881992,vydaty
1173,Filip,Cerny,590924/1684,Poprad,679821,slobodny
1174,Lucia,Markova,675520/6425,Svidnik,492970,vydaty
1175,Richard,Simek,620518/5897,Levice,366359,slobodny
1176,Zuzana,Predajnianska,676009/9610,Martin,382047,vydaty
1177,Juraj,Horvath,891123/7583,Bratislava,974401,slobodny
1178,Veronika,Markova,906007/5024,Levice,960886,vydaty
1179,Jan,Kubik,881011/4448,Bratislava,498559,slobodny
1180,Petra,Cerna,686027/7071,Poprad,195747,vydaty
1181,Juraj,Urban,950816/3676,Trnava,379571,slobodny
1182,Ivana,Bednarova,725224/8192,Levice,204127,vydaty
1183,Tomas,Novak,680303/2239,Svidnik,950330,slobodny
1184,Petra,Rusnakova,895415/2826,Zilina,833036,vydaty
1185,Marek,Varga,980510/3362,Poprad,903521,slobodny
1186,Simona,Urbanova,825522/1232,Nitra,150009,vydaty
1187,Martin,Fabian,771015/7352,Levice,711361,slobodny
1188,Zuzana,Novakova,925425/3620,Presov,24824,vydaty
1189,Radoslav,Urban,540317/5583,Humenne,154652,slobodny
1190,Zuzana,Predajnianska,946126/9213,Snina,459932,vydaty
1191,Tomas,Kubik,791115/6177,Nitra,920109,slobodny
1192,Jana,Kucerova,515607/5247,Martin,396886,vydaty
1193,Jan,Dvorak,900524/9215,Trnava,756968,slobodny
1194,Lucia,Kubikova,815501/9955,Senec,973604,vydaty
1195,Ondrej,Vesely,540407/5006,Martin,746295,slobodny
1196,Jana,Fabianova,976218/4227,Martin,214134,vydaty
1197,Marek,Marko,740921/5598,Martin,759337,slobodny
1198,Veronika,Fabianova,926023/8735,Tvrdosin,827275,vydaty
1199,Juraj,Varga,771204/5216,Poprad,631523,slobodny
1200,Simona,Fabianova,765327/2471,Poprad,556044,vydaty
1201,Jan,Simek,760823/2249,Presov,763895,slobodny
1202,Sandra,Cerna,655526/9094,Trencin,624548,vydaty
1203,Ondrej,Rusnak,790323/4397,Trencin,266702,slobodny
1204,Petra,Novakova,665714/1491,Presov,219176,vydaty
1205,Juraj,Marko,990921/1206,Senec,531584,slobodny
1206,Barbora,Horvathova,715515/4591,Levice,671601,vydaty
1207,Martin,Kucera,610113/4933,Svidnik,657203,slobodny
1208,Ivana,Cerna,996018/4609,Humenne,945696,vydaty
1209,Jan,Horvath,730527/6665,Presov,460815,slobodny
1210,Barbora,Vargova,545525/9724,Bardejov,978276,vydaty
1211,Radoslav,Novak,671021/2796,Senec,765924,slobodny
1212,Barbora,Kucerova,766004/5942,Zilina,199324,vydaty
1213,Richard,Predajniansky,811010/5105,Trnava,91726,slobodny
1214,Lucia,Kucerova,905720/2993,Senec,674664,vydaty
1215,Martin,Bednar,591122/5854,Bratislava,990910,slobodny
1216,Lucia,Muskova,985420/5988,Poprad,747088,vydaty
1217,Peter,Novak,590718/7460,Martin,703425,slobodny
1218,Petra,Kubikova,836011/3302,Martin,73994,vydaty
1219,Tomas,Bednar,511202/4608,Zvolen,409946,slobodny
1220,Lucia,Dvorakova,536012/8735,Trencin,962501,vydaty
1221,Marek,Simek,550228/4677,Presov,896059,slobodny
1222,Katerina,Cerna,765112/7784,Zvolen,693531,vydaty
1223,Tomas,Rusnak,630608/8452,Tvrdosin,335598,slobodny
1224,Zuzana,Cerna,745213/8743,Presov,72510,vydaty
1225,Marek,Predajniansky,870821/6695,Kosice,606894,slobodny
1226,Katerina,Bednarova,976207/5751,Svidnik,954038,vydaty
1227,Marek,Fabian,890408/2540,Humenne,303974,slobodny
1228,Barbora,Muskova,535907/5198,Komarno,807810,vydaty
1229,Tomas,Marko,640705/2013,Tvrdosin,457630,slobodny
1230,Lucia,Kucerova,685216/4841,Trnava,315314,vydaty
1231,Juraj,Urban,840103/5399,Trnava,924951,slobodny
1232,Zuzana,Cerna,835521/3136,Zvolen,963274,vydaty
1233,Peter,Kucera,881125/2980,Snina,674523,slobodny
1234,Jana,Horvathova,936011/3639,Poprad,879326,vydaty
1235,Martin,Horvath,810718/7389,Bratislava,293600,slobodny
1236,Lucia,Vargova,985510/4779,Zvolen,249875,vydaty
1237,Ondrej,Dvorak,841005/8134,Humenne,588457,slobodny
1238,Sandra,Predajnianska,765714/8995,Martin,30605,vydaty
1239,Peter,Horvath,940828/1564,Snina,874349,slobodny
1240,Zuzana,Dvorakova,835416/3744,Presov,130035,vydaty
1241,Radoslav,Dvorak,571003/8635,Trnava,274923,slobodny
1242,Lucia,Markova,725124/4037,Bratislava,834812,vydaty
1243,Peter,Fabian,850111/8434,Snina,542615,slobodny
1244,Veronika,Horvathova,645423/2883,Presov,391190,vydaty
1245,Martin,Kubik,780818/3414,Presov,954624,slobodny
1246,Lucia,Bednarova,715427/2845,Bratislava,651396,vydaty
1247,Filip,Marko,580105/6498,Svidnik,780563,slobodny
1248,Jana,Kubikova,985224/6437,Komarno,806642,vydaty
1249,Marek,Cerny,950410/3256,Zvolen,55544,slobodny
1250,Jana,Kucerova,925327/3250,Bardejov,775589,vydaty
1251,Jan,Predajniansky,830805/1572,Snina,311812,slobodny
1252,Katerina,Urbanova,635106/2092,Bardejov,233500,vydaty
1253,Jan,Fabian,620405/4477,Kosice,45602,slobodny
1254,Simona,Rusnakova,875819/9375,Tvrdosin,823721,vydaty
1255,Radoslav,Bednar,810105/3537,Martin,680627,slobodny
1256,Sandra,Simekova,995119/5157,Poprad,648690,vydaty
1257,Tomas,Vesely,960524/5863,Nitra,747792,slobodny
1258,Lucia,Rusnakova,905714/3559,Nitra,991152,vydaty
1259,Peter,Simek,820720/9551,Komarno,612703,slobodny
1260,Barbora,Cerna,945322/1078,Tvrdosin,936096,vydaty
1261,Filip,Kucera,750310/9103,Trencin,377929,slobodny
1262,Sandra,Cerna,885321/5275,Komarno,752948,vydaty
1263,Tomas,Urban,760524/6905,Snina,210419,slobodny
1264,Ivana,Rusnakova,775101/7809,Trnava,782817,vydaty
1265,Richard,Cerny,820903/2335,Senec,446981,slobodny
1266,Lucia,Dvorakova,945305/2686,Senec,896830,vydaty
1267,Richard,Kubik,610321/9535,Zilina,858890,slobodny
1268,Jana,Bednarova,535518/7284,Trencin,11819,vydaty
1269,Jan,Rusnak,990925/8294,Tvrdosin,277866,slobodny
1270,Sandra,Kucerova,515819/7885,Kosice,738949,vydaty
1271,Jan,Cerny,520403/4637,Trencin,152802,slobodny
1272,Jana,Vargova,696011/3557,Trencin,573315,vydaty
1273,Radoslav,Predajniansky,840407/7537,Zilina,40936,slobodny
1274,Petra,Rusnakova,865918/6377,Levice,982335,vydaty
1275,Jan,Fabian,560309/6550,Poprad,671367,slobodny
1276,Veronika,Bednarova,745912/9151,Humenne,719711,vydaty
1277,Marek,Horvath,570319/2025,Levice,281784,slobodny
1278,Simona,Bednarova,645104/1204,Levice,245541,vydaty
1279,Tomas,Vesely,660404/2086,Trnava,822426,slobodny
1280,Katerina,Cerna,886204/4334,Svidnik,894102,vydaty
1281,Juraj,Simek,690902/5120,Zvolen,367218,slobodny
1282,Jana,Kucerova,896008/9686,Trnava,265944,vydaty
1283,Tomas,Muska,860414/1419,Martin,388273,slobodny
1284,Zuzana,Vargova,746219/5642,Bardejov,565287,vydaty
1285,Ondrej,Cerny,720328/3281,Zvolen,485877,slobodny
1286,Zuzana,Novakova,775415/5894,Trnava,928664,vydaty
1287,Marek,Muska,700604/9654,Trencin,521970,slobodny
1288,Sandra,Cerna,625601/2128,Senec,603042,vydaty
1289,Marek,Muska,780814/9762,Poprad,155594,slobodny
1290,Jana,Fabianova,565321/3296,Senec,747787,vydaty
1291,Marek,Rusnak,901221/6703,Nitra,812065,slobodny
1292,Lucia,Cerna,975114/6568,Komarno,79846,vydaty
1293,Radoslav,Rusnak,630717/4046,Trencin,971946,slobodny
1294,Petra,Urbanova,726203/5605,Bratislava,878517,vydaty
1295,Jan,Marko,830210/7310,Levice,167865,slobodny
1296,Simona,Novakova,916003/1939,Trnava,251235,vydaty
1297,Martin,Predajniansky,761026/6536,Tvrdosin,479226,slobodny
1298,Veronika,Cerna,805524/4875,Nitra,936449,vydaty
1299,Marek,Novak,681211/1837,Trencin,382524,slobodny
1300,Jana,Muskova,725512/7301,Zvolen,751863,vydaty
1301,Peter,Dvorak,710322/9998,Zvolen,158769,slobodny
1302,Jana,Vargova,935502/1935,Trnava,820221,vydaty
1303,Martin,Urban,970323/5571,Bratislava,566931,slobodny
1304,Jana,Cerna,846108/9403,Bratislava,526324,vydaty
1305,Radoslav,Marko,750709/7448,Zilina,968522,slobodny
1306,Simona,Kucerova,735821/8377,Snina,545333,vydaty
1307,Marek,Urban,721015/9133,Zilina,779886,slobodny
1308,Simona,Dvorakova,896117/6580,Humenne,828555,vydaty
1309,Marek,Varga,981017/9496,Presov,945216,slobodny
1310,Petra,Markova,666204/8259,Svidnik,288701,vydaty
1311,Jan,Dvorak,930209/4669,Senec,68613,slobodny
1312,Zuzana,Vesela,975404/4714,Kosice,594589,vydaty
1313,Juraj,Fabian,540801/7319,Bardejov,542000,slobodny
1314,Sandra,Markova,645228/5648,Zilina,965121,vydaty
1315,Juraj,Marko,670518/6891,Zvolen,976031,slobodny
1316,Petra,Fabianova,955321/5333,Poprad,994819,vydaty
1317,Tomas,Vesely,690107/9566,Kosice,501853,slobodny
1318,Ivana,Vesela,835328/2270,Presov,271225,vydaty
1319,Richard,Rusnak,761009/2248,Humenne,233628,slobodny
1320,Katerina,Vargova,905705/3699,Tvrdosin,443115,vydaty
1321,Peter,Cerny,510701/6925,Nitra,452288,slobodny
1322,Zuzana,Simekova,815616/7766,Trnava,188183,vydaty
1323,Ondrej,Novak,780706/7898,Svidnik,438592,slobodny
1324,Barbora,Dvorakova,726111/4287,Bratislava,70201,vydaty
1325,Filip,Predajniansky,990508/6710,Tvrdosin,292511,slobodny
1326,Barbora,Fabianova,735803/8476,Poprad,626150,vydaty
1327,Marek,Kubik,701116/9638,Komarno,757882,slobodny
1328,Jana,Simekova,986202/3324,Komarno,533452,vydaty
1329,Ondrej,Vesely,800723/1117,Komarno,871443,slobodny
1330,Veronika,Simekova,885715/4349,Presov,56285,vydaty
1331,Tomas,Dvorak,770628/9810,Kosice,338339,slobodny
1332,Petra,Dvorakova,935820/9608,Snina,901442,vydaty
1333,Radoslav,Dvorak,810120/8068,Bardejov,130546,slobodny
1334,Veronika,Markova,825425/8948,Zvolen,651555,vydaty
1335,Ondrej,Horvath,571207/4551,Tvrdosin,767589,slobodny
1336,Zuzana,Kucerova,576212/1461,Svidnik,128043,vydaty
1337,Martin,Varga,540108/1409,Zilina,339146,slobodny
1338,Lucia,Markova,605620/2312,Humenne,783743,vydaty
1339,Martin,Muska,970206/2718,Humenne,759560,slobodny
1340,Petra,Vargova,615515/3386,Komarno,817608,vydaty
1341,Martin,Predajniansky,611024/2586,Snina,602760,slobodny
1342,Ivana,Predajnianska,865813/9619,Humenne,577466,vydaty
1343,Juraj,Marko,800923/5611,Zvolen,33255,slobodny
1344,Petra,Markova,886209/1064,Levice,163525,vydaty
1345,Radoslav,Vesely,540113/9969,Poprad,261145,slobodny
1346,Zuzana,Bednarova,805326/6197,Kosice,753036,vydaty
1347,Tomas,Fabian,940801/6597,Trencin,553667,slobodny
1348,Petra,Kucerova,645409/2195,Humenne,569552,vydaty
1349,Jan,Fabian,650416/9664,Bardejov,520227,slobodny
1350,Lucia,Kucerova,905723/1004,Bardejov,434092,vydaty
1351,Marek,Cerny,820410/8255,Poprad,825239,slobodny
1352,Katerina,Muskova,865507/6959,Poprad,297081,vydaty
1353,Juraj,Simek,911128/7705,Presov,834844,slobodny
1354,Jana,Urbanova,686120/8834,Senec,57239,vydaty
1355,Tomas,Marko,800407/8474,Trencin,166264,slobodny
1356,Petra,Kubikova,595907/3873,Senec,170000,vydaty
1357,Martin,Predajniansky,991208/4156,Svidnik,775394,slobodny
1358,Lucia,Dvorakova,675603/4096,Bratislava,512006,vydaty
1359,Martin,Kubik,930622/2874,Svidnik,334970,slobodny
1360,Jana,Kubikova,855909/8432,Poprad,487685,vydaty
1361,Radoslav,Horvath,541105/9483,Zvolen,235560,slobodny
1362,Barbora,Markova,976126/3536,Bardejov,181320,vydaty
1363,Juraj,Predajniansky,910702/3121,Bratislava,816515,slobodny
1364,Veronika,Muskova,855903/2472,Tvrdosin,814927,vydaty
1365,Marek,Muska,980704/1742,Nitra,498013,slobodny
1366,Sandra,Urbanova,655823/4275,Tvrdosin,800174,vydaty
1367,Ondrej,Muska,860803/9711,Senec,79089,slobodny
1368,Jana,Horvathova,565906/4867,Levice,517677,vydaty
1369,Radoslav,Varga,620515/8368,Bratislava,657265,slobodny
1370,Jana,Muskova,545223/7338,Trencin,869182,vydaty
1371,Tomas,Cerny,570416/8384,Tvrdosin,644643,slobodny
1372,Barbora,Kucerova,715419/7334,Nitra,647911,vydaty
1373,Filip,Muska,820426/8438,Bardejov,399969,slobodny
1374,Sandra,Urbanova,975917/1617,Kosice,236166,vydaty
1375,Peter,Vesely,760413/6915,Bardejov,752793,slobodny
1376,Barbora,Simekova,785610/4060,Nitra,210978,vydaty
1377,Ondrej,Marko,820219/8118,Martin,592335,slobodny
1378,Jana,Markova,756121/5058,Presov,746513,vydaty
1379,Ondrej,Bednar,600309/5390,Presov,502845,slobodny
1380,Veronika,Vesela,786209/4110,Presov,564641,vydaty
1381,Jan,Varga,610322/7330,Levice,89409,slobodny
1382,Veronika,Rusnakova,965217/7076,Snina,569500,vydaty
1383,Ondrej,Novak,520910/1739,Humenne,513036,slobodny
1384,Sandra,Markova,555214/2576,Poprad,657011,vydaty
1385,Jan,Bednar,710203/2042,Trnava,399450,slobodny
1386,Veronika,Predajnianska,575820/8595,Svidnik,540006,vydaty
1387,Ondrej,Dvorak,750812/7625,Bratislava,629273,slobodny
1388,Veronika,Predajnianska,975422/5494,Bratislava,478605,vydaty
1389,Ondrej,Rusnak,511008/1717,Senec,131100,slobodny
1390,Sandra,Kucerova,626007/3995,Bardejov,511338,vydaty
1391,Peter,Vesely,990407/7683,Komarno,730492,slobodny
1392,Katerina,Rusnakova,875407/7446,Levice,467651,vydaty
1393,Filip,Horvath,920820/6041,Bardejov,830464,slobodny
1394,Katerina,Fabianova,575824/7657,Martin,637578,vydaty
1395,Richard,Novak,570110/5353,Poprad,145336,slobodny
1396,Jana,Cerna,605524/6894,Svidnik,892444,vydaty
1397,Richard,Marko,630525/8461,Bratislava,726302,slobodny
1398,Barbora,Predajnianska,655322/6431,Kosice,155739,vydaty
1399,Filip,Horvath,540118/2094,Trnava,289791,slobodny
1400,Barbora,Novakova,815303/1678,Levice,744475,vydaty
1401,Radoslav,Bednar,600705/7741,Zilina,798732,slobodny
1402,Katerina,Bednarova,515302/6547,Snina,10543,vydaty
1403,Filip,Varga,761018/7767,Tvrdosin,321050,slobodny
1404,Barbora,Horvathova,695517/1096,Senec,392350,vydaty
1405,Filip,Predajniansky,510116/4633,Snina,649143,slobodny
1406,Simona,Predajnianska,516115/2407,Kosice,783566,vydaty
1407,Marek,Vesely,530109/4960,Zilina,883075,slobodny
1408,Jana,Vesela,775101/7176,Poprad,588131,vydaty
1409,Filip,Muska,520813/8603,Kosice,305241,slobodny
1410,Simona,Cerna,616218/6493,Nitra,419302,vydaty
1411,Filip,Predajniansky,600312/8688,Zilina,535673,slobodny
1412,Katerina,Urbanova,725319/2911,Snina,440631,vydaty
1413,Martin,Fabian,730815/3557,Tvrdosin,705475,slobodny
1414,Ivana,Predajnianska,885906/7667,Bardejov,289732,vydaty
1415,Ondrej,Vesely,700202/4632,Martin,49151,slobodny
1416,Katerina,Cerna,575119/7778,Poprad,20841,vydaty
1417,Juraj,Rusnak,670716/3647,Senec,195675,slobodny
1418,Veronika,Cerna,785323/8016,Bardejov,352113,vydaty
1419,Peter,Novak,630918/8079,Trnava,52239,slobodny
1420,Veronika,Kubikova,555908/8920,Tvrdosin,911911,vydaty
1421,Ondrej,Muska,941206/5932,Nitra,702999,slobodny
1422,Veronika,Vesela,525416/4394,Bardejov,897859,vydaty
1423,Ondrej,Fabian,860724/4116,Kosice,224457,slobodny
1424,Barbora,Dvorakova,726202/3834,Levice,213871,vydaty
1425,Jan,Rusnak,830719/1349,Poprad,456901,slobodny
1426,Katerina,Cerna,965902/8659,Poprad,311140,vydaty
1427,Tomas,Vesely,590716/9453,Levice,646986,slobodny
1428,Katerina,Fabianova,735102/1893,Senec,298357,vydaty
1429,Jan,Rusnak,610325/1287,Kosice,177768,slobodny
1430,Petra,Rusnakova,576125/8376,Zvolen,520536,vydaty
1431,Marek,Simek,890808/6369,Levice,87006,slobodny
1432,Zuzana,Novakova,755907/4715,Zvolen,109053,vydaty
1433,Jan,Predajniansky,550926/7691,Nitra,346327,slobodny
1434,Zuzana,Novakova,595125/8038,Presov,576404,vydaty
1435,Martin,Bednar,750518/5551,Humenne,568054,slobodny
1436,Katerina,Muskova,636110/3283,Komarno,653990,vydaty
1437,Marek,Horvath,880307/9990,Trencin,416076,slobodny
1438,Jana,Novakova,595106/6519,Humenne,856831,vydaty
1439,Tomas,Cerny,870926/8283,Komarno,281148,slobodny
1440,Lucia,Kucerova,875626/5691,Trencin,589099,vydaty
1441,Richard,Dvorak,980119/8045,Zilina,847020,slobodny
1442,Katerina,Predajnianska,545102/7738,Kosice,783358,vydaty
1443,Marek,Bednar,761215/2533,Senec,308260,slobodny
1444,Jana,Urbanova,635302/4005,Poprad,793071,vydaty
1445,Marek,Vesely,650511/6677,Levice,690702,slobodny
1446,Veronika,Bednarova,645609/6324,Tvrdosin,822139,vydaty
1447,Juraj,Vesely,881001/3185,Presov,920722,slobodny
1448,Katerina,Novakova,835828/4948,Poprad,873102,vydaty
1449,Ondrej,Urban,741007/1787,Poprad,200297,slobodny
1450,Petra,Novakova,805125/6910,Bratislava,224311,vydaty
1451,Tomas,Marko,581121/7793,Nitra,144480,slobodny
1452,Barbora,Vargova,865709/9638,Trencin,467164,vydaty
1453,Tomas,Predajniansky,980818/4696,Kosice,97565,slobodny
1454,Zuzana,Vargova,935604/2495,Martin,635798,vydaty
1455,Richard,Varga,990627/5132,Bardejov,210887,slobodny
1456,Lucia,Novakova,655204/3776,Martin,143841,vydaty
1457,Martin,Horvath,850114/2281,Komarno,767990,slobodny
1458,Katerina,Rusnakova,555409/3181,Kosice,444633,vydaty
1459,Peter,Novak,620620/7765,Snina,994498,slobodny
1460,Katerina,Fabianova,635914/2127,Trnava,276589,vydaty
1461,Tomas,Predajniansky,860717/6192,Snina,538692,slobodny
1462,Zuzana,Urbanova,695210/9552,Snina,843343,vydaty
1463,Filip,Kucera,871220/8197,Nitra,410151,slobodny
1464,Simona,Kucerova,995601/6023,Tvrdosin,164342,vydaty
1465,Radoslav,Horvath,990311/4326,Poprad,816511,slobodny
1466,Barbora,Cerna,905119/1381,Zilina,560197,vydaty
1467,Jan,Dvorak,770428/6367,Snina,119841,slobodny
1468,Petra,Vargova,875826/7488,Trencin,386599,vydaty
1469,Peter,Vesely,720301/9629,Levice,506035,slobodny
1470,Lucia,Simekova,785808/4914,Levice,635203,vydaty
1471,Martin,Simek,790327/2889,Presov,189153,slobodny
1472,Lucia,Novakova,806109/3292,Zilina,138734,vydaty
1473,Jan,Novak,760426/5144,Komarno,348268,slobodny
1474,Simona,Markova,765928/2547,Tvrdosin,794726,vydaty
1475,Jan,Kubik,670616/1010,Trencin,732700,slobodny
1476,Jana,Horvathova,785504/5542,Zvolen,232137,vydaty
1477,Juraj,Rusnak,850717/7581,Humenne,552940,slobodny
1478,Veronika,Simekova,945907/7355,Humenne,921542,vydaty
1479,Filip,Cerny,971003/7661,Presov,565209,slobodny
1480,Zuzana,Urbanova,645303/5911,Humenne,871129,vydaty
1481,Radoslav,Rusnak,990726/8076,Zvolen,965970,slobodny
1482,Zuzana,Fabianova,775804/3336,Kosice,248450,vydaty
1483,Juraj,Kucera,940620/1788,Trencin,81995,slobodny
1484,Veronika,Markova,585325/8751,Poprad,573204,vydaty
1485,Marek,Horvath,661106/3552,Levice,846434,slobodny
1486,Veronika,Fabianova,685114/4891,Senec,405102,vydaty
1487,Juraj,Marko,940713/7423,Levice,444802,slobodny
1488,Jana,Cerna,715218/3230,Trencin,855727,vydaty
1489,Radoslav,Novak,980627/8371,Presov,351053,slobodny
1490,Simona,Novakova,606009/8276,Bratislava,90372,vydaty
1491,Ondrej,Rusnak,820210/9945,Komarno,947439,slobodny
1492,Barbora,Simekova,785810/2909,Zilina,214476,vydaty
1493,Juraj,Dvorak,680324/6156,Martin,617407,slobodny
1494,Katerina,Vesela,965103/4682,Komarno,562934,vydaty
1495,Jan,Novak,920322/3011,Bratislava,816476,slobodny
1496,Zuzana,Kucerova,706216/3356,Trnava,898225,vydaty
1497,Juraj,Marko,950324/7887,Martin,483753,slobodny
1498,Petra,Rusnakova,865515/1123,Bratislava,804332,vydaty
1499,Radoslav,Simek,710809/3540,Nitra,473610,slobodny
1500,Barbora,Predajnianska,725626/8862,Kosice,966781,vydaty
1501,Filip,Predajniansky,850922/1625,Martin,45181,slobodny
1502,Lucia,Rusnakova,645415/5176,Humenne,645674,vydaty
1503,Peter,Urban,510416/2923,Bratislava,655607,slobodny
1504,Sandra,Vargova,985512/8653,Zvolen,919747,vydaty
1505,Radoslav,Marko,780225/2202,Trencin,607875,slobodny
1506,Zuzana,Novakova,745525/7900,Snina,458573,vydaty
1507,Peter,Horvath,730310/8013,Poprad,596873,slobodny
1508,Sandra,Predajnianska,925623/5442,Martin,206202,vydaty
1509,Tomas,Predajniansky,741215/5562,Nitra,482435,slobodny
1510,Katerina,Kubikova,775509/5256,Poprad,313789,vydaty
1511,Richard,Vesely,571010/4708,Martin,221887,slobodny
1512,Lucia,Markova,815518/5933,Nitra,907885,vydaty
1513,Tomas,Urban,921016/3151,Komarno,525873,slobodny
1514,Jana,Markova,556119/2464,Zilina,107955,vydaty
1515,Ondrej,Kubik,960422/2499,Martin,738010,slobodny
1516,Katerina,Kucerova,955820/6847,Snina,956488,vydaty
1517,Peter,Muska,731209/9917,Snina,101362,slobodny
1518,Sandra,Kubikova,805822/5306,Tvrdosin,383125,vydaty
1519,Radoslav,Urban,870717/7989,Zilina,738022,slobodny
1520,Ivana,Dvorakova,655410/5728,Zvolen,377199,vydaty
1521,Tomas,Vesely,861016/5761,Presov,280516,slobodny
1522,Lucia,Bednarova,755403/3613,Snina,26442,vydaty
1523,Radoslav,Vesely,620113/8573,Zvolen,819122,slobodny
1524,Katerina,Urbanova,976209/2856,Svidnik,613308,vydaty
1525,Filip,Dvorak,821218/1974,Nitra,19991,slobodny
1526,Veronika,Rusnakova,655525/5834,Komarno,257472,vydaty
1527,Marek,Muska,571218/1207,Svidnik,118984,slobodny
1528,Jana,Urbanova,825308/8205,Trencin,713056,vydaty
1529,Richard,Kucera,810402/9458,Trencin,72974,slobodny
1530,Barbora,Novakova,605525/4758,Bratislava,135370,vydaty
1531,Peter,Bednar,740817/7707,Bardejov,435048,slobodny
1532,Katerina,Dvorakova,975816/4461,Zilina,517552,vydaty
1533,Tomas,Kubik,710304/2170,Bardejov,307801,slobodny
1534,Sandra,Kucerova,656201/6781,Senec,111732,vydaty
1535,Jan,Novak,770506/2088,Senec,869089,slobodny
1536,Jana,Horvathova,575827/7303,Poprad,31792,vydaty
1537,Richard,Marko,940109/3030,Nitra,342016,slobodny
1538,Simona,Predajnianska,565412/5732,Kosice,59466,vydaty
1539,Radoslav,Cerny,520607/3665,Tvrdosin,451389,slobodny
1540,Simona,Muskova,856203/2608,Zilina,999424,vydaty
1541,Ondrej,Muska,691114/1987,Levice,50960,slobodny
1542,Zuzana,Bednarova,515309/1891,Zvolen,417963,vydaty
1543,Peter,Rusnak,700211/3921,Svidnik,197517,slobodny
1544,Barbora,Horvathova,666122/8546,Trencin,753824,vydaty
1545,Jan,Simek,661208/1583,Svidnik,832189,slobodny
1546,Zuzana,Predajnianska,915827/8470,Komarno,313594,vydaty
1547,Filip,Fabian,860209/3282,Tvrdosin,38666,slobodny
1548,Simona,Novakova,975806/5429,Snina,497215,vydaty
1549,Tomas,Horvath,950710/3096,Trencin,666606,slobodny
1550,Lucia,Vargova,625428/4564,Presov,574480,vydaty
1551,Marek,Fabian,781021/8182,Zilina,950385,slobodny
1552,Jana,Novakova,776006/9484,Komarno,464755,vydaty
1553,Juraj,Kucera,560703/8539,Humenne,807042,slobodny
1554,Petra,Bednarova,826011/3681,Bratislava,543272,vydaty
1555,Juraj,Novak,780111/9344,Svidnik,749487,slobodny
1556,Petra,Predajnianska,625410/1471,Humenne,126059,vydaty
1557,Marek,Varga,880825/8069,Snina,441995,slobodny
1558,Katerina,Dvorakova,835502/1558,Nitra,593221,vydaty
1559,Ondrej,Kucera,760521/3997,Kosice,902718,slobodny
1560,Lucia,Vargova,776104/4681,Bardejov,519865,vydaty
1561,Juraj,Dvorak,830725/7036,Svidnik,540053,slobodny
1562,Sandra,Novakova,855312/1920,Zvolen,144021,vydaty
1563,Martin,Kucera,840920/6013,Bratislava,197062,slobodny
1564,Katerina,Fabianova,635702/1574,Komarno,338053,vydaty
1565,Marek,Rusnak,690810/6400,Poprad,569874,slobodny
1566,Simona,Urbanova,615225/7618,Tvrdosin,138465,vydaty
1567,Richard,Predajniansky,670528/5136,Snina,984800,slobodny
1568,Jana,Cerna,616023/6497,Martin,758434,vydaty
1569,Ondrej,Predajniansky,510113/2743,Kosice,305464,slobodny
1570,Jana,Muskova,715502/8089,Humenne,839933,vydaty
1571,Ondrej,Fabian,580513/9762,Martin,266099,slobodny
1572,Jana,Simekova,605508/3467,Humenne,779815,vydaty
1573,Ondrej,Kucera,540824/1295,Tvrdosin,953397,slobodny
1574,Veronika,Markova,775501/6476,Senec,524127,vydaty
1575,Ondrej,Kubik,821014/1534,Senec,268217,slobodny
1576,Katerina,Kubikova,595221/9284,Levice,427857,vydaty
1577,Marek,Kucera,861119/5398,Presov,281106,slobodny
1578,Zuzana,Rusnakova,826119/9792,Humenne,491131,vydaty
1579,Richard,Dvorak,660228/1513,Snina,800731,slobodny
1580,Barbora,Cerna,655316/8661,Tvrdosin,247044,vydaty
1581,Juraj,Horvath,630121/7707,Zilina,855140,slobodny
1582,Lucia,Simekova,606217/1415,Poprad,764966,vydaty
1583,Ondrej,Fabian,550325/7625,Snina,413454,slobodny
1584,Ivana,Vargova,526014/4713,Komarno,941692,vydaty
1585,Juraj,Varga,810109/1264,Tvrdosin,114207,slobodny
1586,Barbora,Urbanova,625403/8495,Martin,902189,vydaty
1587,Jan,Simek,601002/3942,Snina,510988,slobodny
1588,Katerina,Cerna,545421/2911,Tvrdosin,742489,vydaty
1589,Tomas,Novak,650220/3608,Kosice,879913,slobodny
1590,Ivana,Dvorakova,625104/1412,Tvrdosin,538027,vydaty
1591,Marek,Fabian,860815/2531,Bratislava,809916,slobodny
1592,Petra,Cerna,725608/8319,Martin,771404,vydaty
1593,Richard,Urban,581206/2939,Trencin,610374,slobodny
1594,Veronika,Simekova,755308/5881,Trnava,376613,vydaty
1595,Richard,Kucera,940127/9798,Svidnik,538751,slobodny
1596,Barbora,Muskova,935621/6746,Nitra,22316,vydaty
1597,Juraj,Vesely,520512/4219,Trnava,287547,slobodny
1598,Katerina,Vargova,816017/9084,Humenne,741221,vydaty
1599,Juraj,Horvath,990725/8415,Snina,813904,slobodny
1600,Veronika,Muskova,866117/9458,Trnava,343713,vydaty
1601,Tomas,Fabian,681104/4799,Nitra,753949,slobodny
1602,Jana,Novakova,755514/9549,Poprad,270701,vydaty
1603,Peter,Cerny,531222/2998,Kosice,636516,slobodny
1604,Jana,Markova,875603/7124,Levice,353268,vydaty
1605,Radoslav,Kubik,640601/1586,Humenne,695689,slobodny
1606,Zuzana,Fabianova,745301/5017,Trnava,266660,vydaty
1607,Richard,Horvath,620221/3485,Bardejov,608431,slobodny
1608,Simona,Kucerova,955127/1483,Senec,414375,vydaty
1609,Richard,Dvorak,511118/5503,Senec,165662,slobodny
1610,Sandra,Markova,855726/8660,Bratislava,598764,vydaty
1611,Martin,Kucera,520402/7402,Humenne,46209,slobodny
1612,Ivana,Muskova,526006/8661,Bratislava,466963,vydaty
1613,Jan,Simek,670328/7250,Trnava,413616,slobodny
1614,Sandra,Vargova,865413/9325,Senec,444735,vydaty
1615,Tomas,Novak,851118/9422,Trencin,308754,slobodny
1616,Ivana,Rusnakova,895502/8122,Levice,779191,vydaty
1617,Ondrej,Bednar,760317/9158,Bardejov,82893,slobodny
1618,Jana,Bednarova,975721/9499,Levice,844717,vydaty
1619,Richard,Bednar,770118/5032,Nitra,207869,slobodny
1620,Zuzana,Vargova,936006/9619,Svidnik,50545,vydaty
1621,Filip,Predajniansky,580912/4516,Tvrdosin,633310,slobodny
1622,Jana,Horvathova,705223/4567,Bardejov,710434,vydaty
1623,Marek,Dvorak,931228/8257,Humenne,759736,slobodny
1624,Sandra,Bednarova,796007/8928,Poprad,712440,vydaty
1625,Marek,Bednar,800421/7708,Zilina,459334,slobodny
1626,Zuzana,Vesela,985916/3413,Kosice,340083,vydaty
1627,Tomas,Horvath,510113/2640,Trencin,634675,slobodny
1628,Sandra,Dvorakova,626110/6834,Senec,121298,vydaty
1629,Martin,Horvath,721221/1491,Humenne,981603,slobodny
1630,Sandra,Kucerova,835902/6930,Senec,312732,vydaty
1631,Martin,Novak,801203/1800,Svidnik,234516,slobodny
1632,Zuzana,Markova,976226/1432,Zvolen,923285,vydaty
1633,Tomas,Rusnak,810508/3606,Komarno,894848,slobodny
1634,Simona,Muskova,975111/3295,Bratislava,459912,vydaty
1635,Juraj,Dvorak,540517/2296,Nitra,100880,slobodny
1636,Barbora,Bednarova,816103/1854,Trencin,515363,vydaty
1637,Jan,Rusnak,750106/7068,Svidnik,466140,slobodny
1638,Veronika,Markova,886015/6491,Levice,113260,vydaty
1639,Peter,Muska,651119/4219,Bratislava,291152,slobodny
1640,Ivana,Kubikova,805418/9173,Snina,84688,vydaty
1641,Juraj,Fabian,560312/9650,Levice,231182,slobodny
1642,Veronika,Simekova,546110/2574,Martin,451826,vydaty
1643,Filip,Novak,750219/5865,Komarno,560341,slobodny
1644,Lucia,Rusnakova,535613/7631,Zilina,647747,vydaty
1645,Peter,Cerny,620906/9894,Levice,617719,slobodny
1646,Katerina,Vargova,705319/8546,Trnava,826982,vydaty
1647,Peter,Horvath,740527/5406,Zilina,997216,slobodny
1648,Jana,Cerna,745414/4440,Trencin,467465,vydaty
1649,Marek,Dvorak,891023/5308,Trnava,184352,slobodny
1650,Ivana,Horvathova,995402/8396,Snina,768373,vydaty
1651,Peter,Bednar,990206/2383,Bardejov,295286,slobodny
1652,Katerina,Dvorakova,985817/7575,Bardejov,848601,vydaty
1653,Tomas,Dvorak,750609/8692,Snina,520862,slobodny
1654,Petra,Kubikova,685919/9007,Levice,118329,vydaty
1655,Radoslav,Novak,650307/3174,Komarno,66391,slobodny
1656,Katerina,Dvorakova,656116/8006,Humenne,427156,vydaty
1657,Peter,Kubik,661022/7267,Bardejov,670209,slobodny
1658,Barbora,Vargova,945228/5271,Presov,710344,vydaty
1659,Richard,Varga,690602/6672,Svidnik,693412,slobodny
1660,Katerina,Fabianova,956022/1246,Presov,101801,vydaty
1661,Filip,Kucera,710403/9795,Snina,379668,slobodny
1662,Veronika,Rusnakova,536105/9596,Nitra,812092,vydaty
1663,Ondrej,Cerny,650314/7704,Svidnik,363541,slobodny
1664,Barbora,Urbanova,945214/1425,Humenne,693043,vydaty
1665,Ondrej,Rusnak,851227/2753,Tvrdosin,849584,slobodny
1666,Sandra,Fabianova,675125/5826,Humenne,27182,vydaty
1667,Martin,Cerny,970312/2011,Nitra,777184,slobodny
1668,Barbora,Markova,546013/7880,Snina,498508,vydaty
1669,Richard,Kubik,800420/9160,Poprad,305693,slobodny
1670,Ivana,Muskova,885814/1232,Bratislava,592608,vydaty
1671,Jan,Marko,531002/9902,Levice,24366,slobodny
1672,Barbora,Urbanova,546224/6810,Nitra,411574,vydaty
1673,Peter,Fabian,861115/2689,Kosice,882772,slobodny
1674,Barbora,Dvorakova,815414/3123,Bratislava,596303,vydaty
1675,Marek,Fabian,910910/2349,Trencin,733210,slobodny
1676,Simona,Vesela,965728/3728,Levice,793986,vydaty
1677,Jan,Kucera,941208/8845,Zvolen,912686,slobodny
1678,Petra,Fabianova,666121/1924,Zilina,667478,vydaty
1679,Jan,Fabian,880214/8586,Zvolen,770233,slobodny
1680,Petra,Simekova,836124/3170,Bratislava,412991,vydaty
1681,Jan,Rusnak,720616/8550,Humenne,38438,slobodny
1682,Lucia,Predajnianska,605214/8047,Svidnik,691274,vydaty
1683,Richard,Kubik,800816/1296,Bratislava,875348,slobodny
1684,Katerina,Vesela,785505/4957,Snina,398084,vydaty
1685,Martin,Predajniansky,860525/3121,Senec,714929,slobodny
1686,Petra,Urbanova,555219/2515,Trnava,993407,vydaty
1687,Marek,Horvath,951223/7810,Bardejov,79827,slobodny
1688,Zuzana,Markova,606206/6158,Zvolen,696710,vydaty
1689,Radoslav,Horvath,581019/4896,Snina,332016,slobodny
1690,Zuzana,Markova,895521/3626,Tvrdosin,925404,vydaty
1691,Juraj,Marko,780823/4086,Humenne,647117,slobodny
1692,Zuzana,Vargova,666203/7314,Kosice,712340,vydaty
1693,Ondrej,Dvorak,780417/2524,Poprad,553546,slobodny
1694,Lucia,Vesela,945425/6064,Trnava,648616,vydaty
1695,Jan,Cerny,810506/7909,Zilina,398299,slobodny
1696,Petra,Predajnianska,855509/5195,Levice,310392,vydaty
1697,Ondrej,Vesely,560704/8483,Svidnik,158216,slobodny
1698,Jana,Predajnianska,875108/5687,Presov,524669,vydaty
1699,Jan,Marko,890105/9220,Trnava,112332,slobodny
1700,Sandra,Urbanova,615920/4142,Trencin,798161,vydaty
1701,Juraj,Urban,801109/5505,Martin,732694,slobodny
1702,Barbora,Cerna,845123/2368,Presov,720789,vydaty
1703,Tomas,Kucera,740906/3615,Presov,992710,slobodny
1704,Ivana,Simekova,925107/4325,Bratislava,16085,vydaty
1705,Jan,Urban,680419/9150,Nitra,815491,slobodny
1706,Jana,Urbanova,635305/3362,Trencin,223277,vydaty
1707,Filip,Varga,720105/8374,Poprad,891635,slobodny
1708,Veronika,Rusnakova,875920/7359,Trencin,146565,vydaty
1709,Juraj,Kucera,521020/1399,Kosice,444693,slobodny
1710,Veronika,Rusnakova,835911/5181,Komarno,713110,vydaty
1711,Marek,Muska,590918/1792,Nitra,183591,slobodny
1712,Sandra,Bednarova,955614/8341,Svidnik,611935,vydaty
1713,Marek,Cerny,801113/6073,Trnava,284907,slobodny
1714,Katerina,Simekova,815225/6430,Martin,995161,vydaty
1715,Peter,Fabian,511201/4643,Tvrdosin,644014,slobodny
1716,Ivana,Fabianova,905508/8346,Trnava,572867,vydaty
1717,Peter,Bednar,910904/1587,Zvolen,702741,slobodny
1718,Jana,Bednarova,766007/9389,Trnava,822717,vydaty
1719,Peter,Urban,530315/4182,Nitra,642903,slobodny
1720,Petra,Fabianova,625923/6198,Bardejov,25589,vydaty
1721,Jan,Novak,670204/4729,Levice,888928,slobodny
1722,Katerina,Kucerova,555325/9778,Tvrdosin,893273,vydaty
1723,Peter,Urban,841005/4957,Poprad,889806,slobodny
1724,Jana,Kubikova,546224/9143,Zilina,231619,vydaty
1725,Richard,Rusnak,621212/5473,Senec,43079,slobodny
1726,Simona,Novakova,705822/9981,Snina,269823,vydaty
1727,Jan,Predajniansky,990113/1395,Poprad,781978,slobodny
1728,Sandra,Predajnianska,955604/5434,Poprad,647442,vydaty
1729,Radoslav,Vesely,591201/3492,Senec,324276,slobodny
1730,Sandra,Cerna,846216/8895,Bratislava,465546,vydaty
1731,Martin,Simek,670110/7210,Presov,315061,slobodny
1732,Barbora,Rusnakova,755511/5210,Presov,425366,vydaty
1733,Filip,Muska,620122/4144,Svidnik,686579,slobodny
1734,Ivana,Urbanova,755207/4234,Senec,73352,vydaty
1735,Marek,Vesely,650318/2611,Trnava,341327,slobodny
1736,Jana,Muskova,786014/1211,Zvolen,915296,vydaty
1737,Martin,Kubik,590720/4862,Nitra,649816,slobodny
1738,Jana,Novakova,515403/5057,Poprad,104493,vydaty
1739,Peter,Kucera,780120/7782,Svidnik,645822,slobodny
1740,Sandra,Markova,575321/8254,Tvrdosin,775832,vydaty
1741,Ondrej,Kucera,511122/9157,Bratislava,324791,slobodny
1742,Petra,Rusnakova,705819/7299,Komarno,468686,vydaty
1743,Ondrej,Rusnak,650827/8568,Humenne,840491,slobodny
1744,Veronika,Horvathova,785913/8354,Zilina,689505,vydaty
1745,Jan,Kubik,970501/1989,Kosice,233379,slobodny
1746,Ivana,Kubikova,845314/6358,Svidnik,173537,vydaty
1747,Martin,Urban,880305/4600,Svidnik,429887,slobodny
1748,Simona,Bednarova,736211/2589,Snina,238716,vydaty
1749,Tomas,Cerny,940720/4743,Zilina,235861,slobodny
1750,Simona,Vargova,945125/7379,Tvrdosin,956334,vydaty
1751,Juraj,Marko,720304/9530,Zilina,151403,slobodny
1752,Katerina,Simekova,616003/8069,Senec,556481,vydaty
1753,Ondrej,Predajniansky,570701/6198,Komarno,290154,slobodny
1754,Katerina,Simekova,885102/7122,Martin,378336,vydaty
1755,Juraj,Simek,800517/8414,Snina,541364,slobodny
1756,Barbora,Fabianova,545510/3742,Levice,878512,vydaty
1757,Juraj,Fabian,670511/1751,Nitra,611319,slobodny
1758,Lucia,Bednarova,986017/3912,Nitra,100482,vydaty
1759,Marek,Novak,520323/6066,Trencin,509043,slobodny
1760,Veronika,Vargova,515106/8492,Trencin,756466,vydaty
1761,Jan,Kubik,950720/4153,Humenne,459120,slobodny
1762,Sandra,Novakova,826109/8582,Trnava,37797,vydaty
1763,Radoslav,Vesely,560509/1477,Presov,820328,slobodny
1764,Lucia,Predajnianska,646219/7357,Zvolen,684640,vydaty
1765,Juraj,Marko,721218/2664,Humenne,379884,slobodny
1766,Ivana,Predajnianska,785914/4823,Trencin,446323,vydaty
1767,Marek,Kucera,550802/1559,Trnava,369699,slobodny
1768,Zuzana,Predajnianska,955910/6334,Tvrdosin,297516,vydaty
1769,Richard,Predajniansky,580220/7241,Senec,632923,slobodny
1770,Veronika,Vesela,535122/4731,Zvolen,895086,vydaty
1771,Juraj,Predajniansky,890518/9390,Martin,956213,slobodny
1772,Sandra,Kucerova,775415/3840,Komarno,299495,vydaty
1773,Peter,Novak,680919/9205,Levice,692482,slobodny
1774,Sandra,Kubikova,585311/1891,Komarno,340538,vydaty
1775,Ondrej,Urban,530509/4804,Martin,413664,slobodny
1776,Sandra,Kucerova,595115/7253,Bratislava,337085,vydaty
1777,Juraj,Kucera,820710/6785,Snina,777510,slobodny
1778,Veronika,Vesela,565816/3320,Bratislava,582182,vydaty
1779,Marek,Bednar,930802/7016,Poprad,394034,slobodny
1780,Barbora,Predajnianska,825907/9513,Zvolen,560905,vydaty
1781,Richard,Horvath,941018/2024,Poprad,670332,slobodny
1782,Ivana,Simekova,715422/2481,Presov,612953,vydaty
1783,Marek,Vesely,740216/2155,Tvrdosin,214119,slobodny
1784,Jana,Vargova,715828/3690,Trencin,284650,vydaty
1785,Marek,Marko,530503/9702,Snina,206722,slobodny
1786,Katerina,Predajnianska,525602/9873,Komarno,154304,vydaty
1787,Ondrej,Muska,950505/8752,Bardejov,458790,slobodny
1788,Petra,Novakova,916008/1735,Humenne,489797,vydaty
1789,Radoslav,Predajniansky,860619/7985,Martin,490320,slobodny
1790,Ivana,Predajnianska,945413/9931,Snina,58797,vydaty
1791,Filip,Urban,700827/9395,Humenne,194723,slobodny
1792,Sandra,Muskova,825404/1250,Bardejov,815801,vydaty
1793,Richard,Kubik,820420/3500,Levice,166195,slobodny
1794,Sandra,Bednarova,825903/2604,Komarno,577577,vydaty
1795,Filip,Varga,820407/3697,Levice,47046,slobodny
1796,Jana,Dvorakova,745307/5194,Zilina,256387,vydaty
1797,Jan,Dvorak,571214/7336,Zvolen,477249,slobodny
1798,Simona,Simekova,525621/7661,Komarno,52828,vydaty
1799,Ondrej,Bednar,550406/4718,Nitra,263619,slobodny
1800,Lucia,Urbanova,555620/3953,Bratislava,569024,vydaty
1801,Radoslav,Muska,941107/4383,Levice,670065,slobodny
1802,Petra,Horvathova,835623/6697,Bardejov,386752,vydaty
1803,Filip,Novak,580124/4298,Poprad,130274,slobodny
1804,Sandra,Kucerova,785217/4184,Komarno,71772,vydaty
1805,Marek,Cerny,581003/1551,Bardejov,842873,slobodny
1806,Ivana,Vesela,635712/7177,Bardejov,877613,vydaty
1807,Tomas,Kubik,850911/2154,Bardejov,729882,slobodny
1808,Simona,Novakova,955126/1982,Tvrdosin,782502,vydaty
1809,Juraj,Rusnak,911002/4283,Senec,20627,slobodny
1810,Sandra,Cerna,995728/9097,Martin,348991,vydaty
1811,Filip,Rusnak,520508/3775,Snina,703796,slobodny
1812,Lucia,Fabianova,595613/3013,Senec,483481,vydaty
1813,Radoslav,Varga,680423/7951,Bardejov,65937,slobodny
1814,Ivana,Vargova,995425/6980,Tvrdosin,78684,vydaty
1815,Filip,Novak,760526/1258,Humenne,225129,slobodny
1816,Zuzana,Muskova,615910/2879,Trencin,554125,vydaty
1817,Radoslav,Vesely,920912/6247,Poprad,370615,slobodny
1818,Veronika,Cerna,845727/8126,Martin,428371,vydaty
1819,Marek,Muska,860505/4871,Trencin,843400,slobodny
1820,Jana,Vargova,525718/4707,Levice,394754,vydaty
1821,Tomas,Cerny,560813/9661,Presov,748919,slobodny
1822,Veronika,Markova,615203/4884,Humenne,862633,vydaty
1823,Marek,Rusnak,540105/2695,Snina,893484,slobodny
1824,Katerina,Rusnakova,846110/1930,Presov,505226,vydaty
1825,Martin,Novak,790922/7723,Levice,991181,slobodny
1826,Simona,Dvorakova,856218/4440,Presov,113074,vydaty
1827,Juraj,Horvath,921220/6383,Kosice,401405,slobodny
1828,Simona,Horvathova,866105/7819,Trencin,141583,vydaty
1829,Peter,Bednar,791219/9966,Humenne,295061,slobodny
1830,Lucia,Bednarova,605215/5780,Humenne,581848,vydaty
1831,Martin,Kucera,520918/6936,Levice,198173,slobodny
1832,Simona,Fabianova,995125/8485,Trencin,361584,vydaty
1833,Tomas,Fabian,990919/6783,Snina,385627,slobodny
1834,Simona,Vargova,685417/6365,Kosice,527744,vydaty
1835,Filip,Dvorak,670505/2867,Presov,890678,slobodny
1836,Katerina,Novakova,665301/6973,Bratislava,193118,vydaty
1837,Martin,Dvorak,770703/8142,Kosice,19138,slobodny
1838,Petra,Vargova,635601/6869,Trencin,383872,vydaty
1839,Juraj,Bednar,510320/2727,Martin,698247,slobodny
1840,Barbora,Novakova,826110/9412,Martin,791293,vydaty
1841,Tomas,Urban,930602/7986,Kosice,240050,slobodny
1842,Simona,Markova,845324/6297,Zvolen,67362,vydaty
1843,Ondrej,Novak,740204/9897,Presov,652910,slobodny
1844,Zuzana,Simekova,855728/9764,Nitra,779665,vydaty
1845,Tomas,Predajniansky,911119/2054,Zvolen,832014,slobodny
1846,Sandra,Predajnianska,625814/6718,Martin,701838,vydaty
1847,Richard,Marko,681118/6968,Martin,338400,slobodny
1848,Simona,Kubikova,585524/5503,Trencin,179573,vydaty
1849,Ondrej,Horvath,761211/3432,Bardejov,677331,slobodny
1850,Lucia,Urbanova,695715/3677,Zvolen,240134,vydaty
1851,Martin,Predajniansky,520303/8002,Levice,512878,slobodny
1852,Katerina,Fabianova,945722/7177,Humenne,54605,vydaty
1853,Ondrej,Dvorak,961109/1611,Bratislava,787392,slobodny
1854,Lucia,Novakova,895626/5246,Humenne,706435,vydaty
1855,Richard,Simek,800320/3407,Zilina,796054,slobodny
1856,Jana,Predajnianska,805313/4766,Kosice,276104,vydaty
1857,Martin,Varga,670820/1760,Presov,902175,slobodny
1858,Barbora,Kucerova,585118/9516,Trencin,10908,vydaty
1859,Radoslav,Novak,530120/8619,Martin,101184,slobodny
1860,Sandra,Cerna,825526/8948,Svidnik,999193,vydaty
1861,Radoslav,Simek,650722/6657,Levice,993943,slobodny
1862,Veronika,Horvathova,835203/7559,Poprad,370206,vydaty
1863,Radoslav,Predajniansky,800107/7518,Bratislava,112801,slobodny
1864,Ivana,Vesela,786215/7758,Zvolen,267087,vydaty
1865,Martin,Varga,760511/9648,Bardejov,42518,slobodny
1866,Barbora,Dvorakova,686208/6581,Tvrdosin,845625,vydaty
1867,Richard,Dvorak,971010/2616,Nitra,811662,slobodny
1868,Lucia,Horvathova,696007/8965,Snina,782882,vydaty
1869,Tomas,Kubik,830218/9353,Svidnik,886811,slobodny
1870,Lucia,Bednarova,696108/3005,Senec,264533,vydaty
1871,Jan,Muska,610622/5867,Bardejov,715988,slobodny
1872,Ivana,Simekova,976022/8950,Senec,302138,vydaty
1873,Radoslav,Cerny,760318/3307,Komarno,116776,slobodny
1874,Petra,Vesela,625420/1846,Kosice,500140,vydaty
1875,Radoslav,Horvath,581008/8683,Svidnik,313847,slobodny
1876,Lucia,Vesela,875627/6914,Bratislava,916333,vydaty
1877,Radoslav,Varga,570725/3663,Poprad,941406,slobodny
1878,Katerina,Kubikova,615218/4766,Snina,243170,vydaty
1879,Marek,Simek,790309/9231,Trnava,892413,slobodny
1880,Simona,Bednarova,605401/6081,Trnava,532024,vydaty
1881,Marek,Cerny,580215/2710,Trnava,35793,slobodny
1882,Sandra,Predajnianska,725408/6182,Bardejov,537676,vydaty
1883,Filip,Urban,810228/6867,Svidnik,447309,slobodny
1884,Petra,Muskova,736120/9425,Bardejov,177147,vydaty
1885,Tomas,Vesely,890314/1167,Svidnik,156634,slobodny
1886,Lucia,Markova,705203/8921,Martin,256924,vydaty
1887,Martin,Horvath,880505/9147,Nitra,907368,slobodny
1888,Petra,Vargova,905113/6144,Bratislava,975891,vydaty
1889,Juraj,Fabian,641108/1438,Komarno,426520,slobodny
1890,Jana,Kucerova,785505/3957,Martin,130412,vydaty
1891,Filip,Dvorak,880625/3465,Svidnik,589644,slobodny
1892,Lucia,Cerna,695624/1247,Svidnik,265125,vydaty
1893,Peter,Urban,720615/7031,Snina,309206,slobodny
1894,Sandra,Predajnianska,615203/3944,Martin,914177,vydaty
1895,Filip,Urban,631225/2366,Komarno,859386,slobodny
1896,Katerina,Fabianova,625117/6945,Bratislava,975179,vydaty
1897,Radoslav,Muska,730527/1003,Snina,509076,slobodny
1898,Lucia,Dvorakova,815709/3241,Bardejov,963285,vydaty
1899,Peter,Kubik,770516/7073,Presov,247501,slobodny
1900,Veronika,Novakova,856123/9923,Poprad,827582,vydaty
1901,Tomas,Dvorak,681116/9504,Martin,911084,slobodny
1902,Simona,Horvathova,845212/6574,Svidnik,686145,vydaty
1903,Richard,Simek,820517/5973,Humenne,697200,slobodny
1904,Zuzana,Vesela,636020/4375,Senec,454667,vydaty
1905,Marek,Predajniansky,770206/3802,Nitra,969325,slobodny
1906,Lucia,Urbanova,935707/4656,Tvrdosin,765092,vydaty
1907,Filip,Simek,700517/5189,Poprad,815041,slobodny
1908,Jana,Rusnakova,515314/9331,Martin,442273,vydaty
1909,Richard,Bednar,630618/4269,Snina,725732,slobodny
1910,Barbora,Vargova,735515/5724,Trnava,899734,vydaty
1911,Peter,Cerny,691213/9623,Trnava,780032,slobodny
1912,Petra,Horvathova,795418/8666,Bardejov,530927,vydaty
1913,Richard,Kucera,751209/2134,Zvolen,811182,slobodny
1914,Zuzana,Kubikova,646111/2626,Bardejov,859055,vydaty
1915,Jan,Muska,630905/1824,Komarno,531740,slobodny
1916,Petra,Kubikova,955602/5087,Humenne,357005,vydaty
1917,Ondrej,Dvorak,920418/3136,Trnava,328425,slobodny
1918,Katerina,Predajnianska,516025/5740,Bratislava,613713,vydaty
1919,Peter,Marko,780704/9437,Nitra,824389,slobodny
1920,Lucia,Predajnianska,755304/7695,Humenne,443136,vydaty
1921,Ondrej,Fabian,620719/7931,Bardejov,60072,slobodny
1922,Lucia,Vesela,545628/6018,Kosice,19016,vydaty
1923,Marek,Muska,890907/8599,Komarno,22938,slobodny
1924,Petra,Cerna,865408/5752,Levice,363360,vydaty
1925,Peter,Simek,780821/9943,Komarno,495766,slobodny
1926,Simona,Horvathova,795320/2478,Trencin,446147,vydaty
1927,Richard,Vesely,940401/1470,Snina,923568,slobodny
1928,Lucia,Urbanova,645505/9978,Zvolen,867903,vydaty
1929,Martin,Kubik,700406/8702,Nitra,490488,slobodny
1930,Zuzana,Vargova,746003/3531,Levice,735845,vydaty
1931,Juraj,Fabian,680523/5912,Poprad,352813,slobodny
1932,Ivana,Vesela,985624/5120,Snina,672188,vydaty
1933,Richard,Dvorak,901017/8885,Trnava,772052,slobodny
1934,Zuzana,Novakova,855204/3252,Tvrdosin,754923,vydaty
1935,Ondrej,Rusnak,720313/1566,Zvolen,601957,slobodny
1936,Barbora,Kubikova,995819/4577,Presov,869177,vydaty
1937,Marek,Novak,540416/6515,Presov,474774,slobodny
1938,Petra,Kucerova,965516/5954,Martin,134779,vydaty
1939,Peter,Muska,760210/2689,Bardejov,963622,slobodny
1940,Simona,Horvathova,755828/9111,Bratislava,186992,vydaty
1941,Juraj,Marko,640924/2779,Martin,755194,slobodny
1942,Veronika,Vesela,606107/8419,Levice,242896,vydaty
1943,Jan,Urban,560603/9007,Trnava,966433,slobodny
1944,Lucia,Kubikova,965310/4313,Tvrdosin,178345,vydaty
1945,Radoslav,Cerny,881222/6330,Levice,539197,slobodny
1946,Simona,Markova,835714/9341,Svidnik,233821,vydaty
1947,Radoslav,Kucera,810603/6044,Martin,770500,slobodny
1948,Ivana,Cerna,885719/9921,Humenne,902875,vydaty
1949,Juraj,Predajniansky,600420/4534,Snina,519860,slobodny
1950,Ivana,Horvathova,685218/5363,Trnava,106371,vydaty
1951,Peter,Kubik,810603/5614,Zvolen,573020,slobodny
1952,Jana,Muskova,685923/8328,Svidnik,992574,vydaty
1953,Peter,Urban,510523/5532,Zilina,937520,slobodny
1954,Lucia,Cerna,685213/4714,Humenne,525604,vydaty
1955,Filip,Kucera,870604/3319,Martin,188764,slobodny
1956,Sandra,Dvorakova,956116/9199,Snina,158626,vydaty
1957,Ondrej,Rusnak,590305/8659,Levice,192072,slobodny
1958,Veronika,Vesela,995718/2913,Martin,101888,vydaty
1959,Juraj,Bednar,841124/9316,Snina,50612,slobodny
1960,Petra,Horvathova,795110/6878,Bratislava,645487,vydaty
1961,Richard,Muska,671109/4744,Snina,80910,slobodny
1962,Veronika,Simekova,676109/1289,Bardejov,302172,vydaty
1963,Ondrej,Simek,930303/9930,Kosice,183089,slobodny
1964,Lucia,Novakova,905821/1968,Martin,953707,vydaty
1965,Richard,Cerny,920302/9572,Trnava,730941,slobodny
1966,Simona,Kucerova,856113/3429,Komarno,191544,vydaty
1967,Marek,Horvath,570513/8933,Martin,466388,slobodny
1968,Simona,Predajnianska,646204/1413,Trencin,866328,vydaty
1969,Peter,Urban,550601/9604,Svidnik,78836,slobodny
1970,Jana,Rusnakova,585625/7581,Zilina,533193,vydaty
1971,Juraj,Dvorak,920906/5359,Humenne,272464,slobodny
1972,Jana,Bednarova,706225/1928,Zilina,376858,vydaty
1973,Richard,Muska,970916/9536,Senec,815574,slobodny
1974,Petra,Horvathova,785525/7984,Senec,899093,vydaty
1975,Jan,Kubik,600307/3526,Snina,500754,slobodny
1976,Ivana,Predajnianska,955722/4626,Kosice,593299,vydaty
1977,Richard,Vesely,590827/7226,Nitra,887596,slobodny
1978,Petra,Cerna,715326/2318,Bardejov,153214,vydaty
1979,Marek,Novak,720813/1171,Presov,710100,slobodny
1980,Ivana,Kubikova,516012/1255,Bardejov,212092,vydaty
1981,Richard,Novak,740218/4098,Nitra,811263,slobodny
1982,Lucia,Fabianova,885310/8679,Zvolen,194435,vydaty
1983,Marek,Horvath,670407/4620,Bardejov,106482,slobodny
1984,Katerina,Vargova,566015/2803,Presov,343328,vydaty
1985,Peter,Horvath,730318/5760,Senec,497430,slobodny
1986,Zuzana,Horvathova,525924/5822,Nitra,86360,vydaty
1987,Radoslav,Novak,991112/4217,Bardejov,430927,slobodny
1988,Petra,Kucerova,915619/1336,Humenne,207520,vydaty
1989,Filip,Kucera,580425/8943,Komarno,173276,slobodny
1990,Jana,Rusnakova,626113/2186,Presov,488966,vydaty
1991,Juraj,Kubik,600428/4086,Senec,304395,slobodny
1992,Sandra,Bednarova,515104/6706,Zvolen,894290,vydaty
1993,Radoslav,Bednar,690509/4207,Levice,300782,slobodny
1994,Ivana,Fabianova,565909/3215,Martin,494578,vydaty
1995,Marek,Kubik,680509/8844,Komarno,775881,slobodny
1996,Simona,Markova,776019/6677,Levice,653914,vydaty
1997,Juraj,Vesely,731225/5220,Bratislava,934966,slobodny
1998,Simona,Novakova,705501/8931,Trencin,700181,vydaty
1999,Ondrej,Muska,580608/8511,Zilina,376667,slobodny
2000,Lucia,Urbanova,896225/8073,Tvrdosin,999436,vydaty
2001,Jan,Dvorak,830717/3496,Bratislava,492615,slobodny
2002,Petra,Fabianova,925728/6071,Humenne,463242,vydaty
2003,Juraj,Fabian,741214/7695,Senec,638915,slobodny
2004,Ivana,Simekova,945709/9036,Zilina,409298,vydaty
2005,Martin,Cerny,920313/6569,Bratislava,265136,slobodny
2006,Katerina,Markova,896009/4795,Trnava,818359,vydaty
2007,Filip,Muska,900413/5382,Svidnik,404887,slobodny
2008,Sandra,Rusnakova,985807/3745,Snina,156515,vydaty
2009,Radoslav,Muska,840106/5603,Tvrdosin,841122,slobodny
2010,Veronika,Vesela,656015/3085,Trencin,126570,vydaty
2011,Filip,Muska,730722/1994,Poprad,604568,slobodny
2012,Zuzana,Vargova,925724/4768,Martin,599157,vydaty
2013,Richard,Varga,790504/6456,Humenne,860038,slobodny
2014,Sandra,Kubikova,686116/5691,Komarno,159544,vydaty
2015,Martin,Predajniansky,601021/6145,Bardejov,845115,slobodny
2016,Sandra,Horvathova,875222/5502,Svidnik,252997,vydaty
2017,Ondrej,Predajniansky,760925/1896,Presov,58106,slobodny
2018,Simona,Markova,915228/9876,Svidnik,436382,vydaty
2019,Radoslav,Dvorak,820520/7621,Trnava,645414,slobodny
2020,Simona,Rusnakova,615221/7315,Bratislava,948220,vydaty
2021,Martin,Urban,560803/1676,Zvolen,760825,slobodny
2022,Zuzana,Urbanova,725618/2949,Bardejov,839215,vydaty
2023,Juraj,Bednar,940808/7787,Poprad,67023,slobodny
2024,Veronika,Vesela,696013/8103,Svidnik,482231,vydaty
2025,Peter,Bednar,640201/3730,Zvolen,320658,slobodny
2026,Jana,Cerna,596024/9661,Zvolen,215747,vydaty
2027,Radoslav,Kubik,680710/1380,Bardejov,794821,slobodny
2028,Petra,Bednarova,746216/5748,Poprad,247189,vydaty
2029,Radoslav,Kucera,980627/6963,Martin,75772,slobodny
2030,Lucia,Simekova,655503/5482,Zvolen,226928,vydaty
2031,Juraj,Urban,911021/4357,Komarno,977692,slobodny
2032,Petra,Dvorakova,966028/5350,Snina,344132,vydaty
2033,Richard,Rusnak,770725/7108,Kosice,371219,slobodny
2034,Sandra,Kubikova,766019/2092,Humenne,668246,vydaty
2035,Jan,Urban,520827/4994,Trnava,69381,slobodny
2036,Petra,Cerna,985604/8314,Trencin,303573,vydaty
2037,Marek,Predajniansky,920924/1185,Presov,43685,slobodny
2038,Zuzana,Rusnakova,575905/5844,Humenne,976429,vydaty
2039,Filip,Simek,861103/9350,Tvrdosin,951835,slobodny
2040,Petra,Markova,675324/8737,Nitra,12460,vydaty
2041,Tomas,Varga,540227/3311,Snina,124905,slobodny
2042,Ivana,Dvorakova,765610/6785,Trencin,318327,vydaty
2043,Richard,Marko,650202/4939,Poprad,871742,slobodny
2044,Jana,Bednarova,656016/4649,Svidnik,74405,vydaty
2045,Jan,Horvath,580810/4451,Presov,686505,slobodny
2046,Katerina,Simekova,735214/1610,Bratislava,973858,vydaty
2047,Radoslav,Vesely,830623/8061,Bratislava,887541,slobodny
2048,Sandra,Muskova,855426/8005,Senec,829483,vydaty
2049,Jan,Urban,550908/2362,Zvolen,734654,slobodny
2050,Jana,Vargova,846012/4566,Svidnik,100867,vydaty
2051,Radoslav,Kubik,620303/3024,Kosice,427613,slobodny
2052,Jana,Dvorakova,856213/4095,Trnava,905266,vydaty
2053,Richard,Fabian,510113/7315,Trnava,788152,slobodny
2054,Barbora,Markova,836222/9602,Trnava,665149,vydaty
2055,Ondrej,Urban,860619/5848,Snina,807151,slobodny
2056,Jana,Vargova,795906/2451,Senec,734201,vydaty
2057,Marek,Horvath,700520/7980,Levice,635451,slobodny
2058,Veronika,Horvathova,856122/7263,Svidnik,942306,vydaty
2059,Filip,Predajniansky,891117/4687,Levice,748820,slobodny
2060,Katerina,Rusnakova,805925/7388,Zilina,22610,vydaty
2061,Jan,Novak,610525/3622,Trnava,723296,slobodny
2062,Sandra,Cerna,856117/8488,Nitra,225138,vydaty
2063,Marek,Dvorak,980505/6926,Senec,714442,slobodny
2064,Veronika,Rusnakova,625306/1098,Svidnik,518117,vydaty
2065,Marek,Rusnak,910121/4690,Bratislava,495912,slobodny
2066,Jana,Rusnakova,935119/5538,Trnava,159761,vydaty
2067,Jan,Novak,760513/3533,Trencin,66067,slobodny
2068,Katerina,Simekova,735225/6695,Zilina,449654,vydaty
2069,Jan,Predajniansky,810410/3079,Kosice,926102,slobodny
2070,Ivana,Markova,945515/3873,Presov,54216,vydaty
2071,Juraj,Muska,890419/6973,Trnava,690423,slobodny
2072,Barbora,Cerna,745228/7514,Snina,835859,vydaty
2073,Juraj,Vesely,531211/4687,Bratislava,756275,slobodny
2074,Jana,Fabianova,885906/4214,Zvolen,594849,vydaty
2075,Ondrej,Predajniansky,940522/7474,Levice,261600,slobodny
2076,Barbora,Kucerova,955608/6735,Svidnik,580632,vydaty
2077,Ondrej,Horvath,770908/9579,Poprad,754637,slobodny
2078,Lucia,Dvorakova,755225/3191,Trnava,934741,vydaty
2079,Radoslav,Urban,770609/6089,Humenne,163734,slobodny
2080,Simona,Rusnakova,725507/2512,Zilina,966396,vydaty
2081,Richard,Muska,820516/4457,Bardejov,528319,slobodny
2082,Simona,Predajnianska,575127/1417,Zilina,101818,vydaty
2083,Marek,Fabian,990326/2527,Trnava,426806,slobodny
2084,Jana,Kucerova,996022/2214,Bratislava,256052,vydaty
2085,Tomas,Bednar,891004/2651,Kosice,159030,slobodny
2086,Sandra,Muskova,825606/6920,Zvolen,461884,vydaty
2087,Martin,Novak,861004/7548,Senec,647135,slobodny
2088,Jana,Predajnianska,975502/6224,Poprad,690029,vydaty
2089,Juraj,Kubik,731118/2347,Zvolen,71399,slobodny
2090,Veronika,Novakova,985617/2137,Senec,609565,vydaty
2091,Richard,Kucera,721106/6003,Martin,932990,slobodny
2092,Petra,Horvathova,765221/1261,Zvolen,695035,vydaty
2093,Radoslav,Fabian,910718/9648,Poprad,372947,slobodny
2094,Ivana,Horvathova,545101/6774,Bardejov,21375,vydaty
2095,Tomas,Predajniansky,991120/3203,Kosice,672092,slobodny
2096,Barbora,Predajnianska,545511/1212,Tvrdosin,616740,vydaty
2097,Ondrej,Cerny,821026/5221,Levice,577861,slobodny
2098,Barbora,Kubikova,855826/2839,Zilina,81546,vydaty
2099,Tomas,Novak,900504/8066,Trnava,534060,slobodny
2100,Jana,Bednarova,985526/1891,Trencin,558931,vydaty
2101,Filip,Dvorak,591122/7842,Zilina,397336,slobodny
2102,Simona,Predajnianska,546016/6154,Presov,508189,vydaty
2103,Radoslav,Urban,720220/9434,Kosice,97267,slobodny
2104,Sandra,Vargova,955301/2412,Senec,134186,vydaty
2105,Marek,Dvorak,510127/5508,Levice,417508,slobodny
2106,Zuzana,Kubikova,535117/5974,Trnava,875061,vydaty
2107,Tomas,Bednar,870808/4830,Bardejov,136492,slobodny
2108,Ivana,Kucerova,915427/3850,Humenne,827802,vydaty
2109,Ondrej,Simek,741016/8106,Bratislava,495180,slobodny
2110,Sandra,Urbanova,846106/5462,Senec,459797,vydaty
2111,Juraj,Simek,650628/4616,Bratislava,879434,slobodny
2112,Ivana,Fabianova,795502/9434,Nitra,94741,vydaty
2113,Tomas,Muska,560515/5326,Humenne,306441,slobodny
2114,Katerina,Bednarova,536226/8702,Svidnik,144670,vydaty
2115,Filip,Muska,550419/5912,Poprad,362112,slobodny
2116,Sandra,Bednarova,705924/6811,Bardejov,432839,vydaty
2117,Richard,Muska,620725/4595,Snina,156064,slobodny
2118,Sandra,Vesela,565622/2907,Komarno,217739,vydaty
2119,Peter,Muska,540227/4960,Svidnik,357145,slobodny
2120,Zuzana,Fabianova,875211/7217,Zilina,630528,vydaty
2121,Peter,Kubik,641016/6673,Komarno,505145,slobodny
2122,Lucia,Cerna,716124/4866,Senec,516677,vydaty
2123,Jan,Kubik,820916/7800,Kosice,529450,slobodny
2124,Zuzana,Horvathova,755901/7860,Bratislava,747232,vydaty
2125,Tomas,Muska,910713/9069,Nitra,291697,slobodny
2126,Ivana,Vesela,526215/9337,Humenne,736521,vydaty
2127,Jan,Bednar,630421/3961,Tvrdosin,254113,slobodny
2128,Jana,Vesela,625613/3322,Poprad,254664,vydaty
2129,Tomas,Muska,701226/5014,Martin,756437,slobodny
2130,Sandra,Simekova,625504/7393,Komarno,747593,vydaty
2131,Radoslav,Horvath,790125/5558,Poprad,162034,slobodny
2132,Lucia,Simekova,575617/2632,Kosice,927295,vydaty
2133,Radoslav,Kubik,590214/8554,Bardejov,725962,slobodny
2134,Barbora,Kucerova,996111/5954,Komarno,353221,vydaty
2135,Juraj,Dvorak,881005/6879,Trencin,790575,slobodny
2136,Petra,Novakova,606009/2687,Presov,387546,vydaty
2137,Richard,Bednar,900213/2712,Zilina,20408,slobodny
2138,Veronika,Simekova,676101/3006,Bratislava,575320,vydaty
2139,Richard,Fabian,830716/8982,Martin,853650,slobodny
2140,Katerina,Bednarova,785611/7181,Zvolen,589984,vydaty
2141,Radoslav,Vesely,540209/8894,Trnava,152268,slobodny
2142,Ivana,Bednarova,985528/8319,Trencin,920001,vydaty
2143,Peter,Kucera,950813/5750,Komarno,81618,slobodny
2144,Zuzana,Muskova,885320/1096,Levice,79955,vydaty
2145,Jan,Marko,590913/6825,Bratislava,728450,slobodny
2146,Zuzana,Simekova,975723/6428,Nitra,881573,vydaty
2147,Filip,Marko,691219/6190,Kosice,306362,slobodny
2148,Sandra,Urbanova,865725/9192,Senec,532572,vydaty
2149,Peter,Simek,720221/9355,Tvrdosin,668505,slobodny
2150,Barbora,Urbanova,556123/9330,Presov,497836,vydaty
2151,Richard,Kucera,590410/9597,Senec,146268,slobodny
2152,Simona,Simekova,595105/5897,Trencin,893408,vydaty
2153,Juraj,Kucera,950901/5717,Svidnik,627952,slobodny
2154,Katerina,Simekova,576125/4215,Levice,398284,vydaty
2155,Ondrej,Bednar,981005/3977,Tvrdosin,11663,slobodny
2156,Lucia,Kucerova,806214/3335,Bratislava,520169,vydaty
2157,Tomas,Fabian,830428/4020,Komarno,635261,slobodny
2158,Sandra,Dvorakova,535517/1724,Kosice,607760,vydaty
2159,Jan,Muska,750322/1193,Trencin,241259,slobodny
2160,Veronika,Vesela,735927/9190,Zvolen,973698,vydaty
2161,Peter,Fabian,901005/3973,Martin,865806,slobodny
2162,Barbora,Cerna,695116/6959,Trencin,764626,vydaty
2163,Richard,Varga,800616/2768,Poprad,972102,slobodny
2164,Veronika,Urbanova,745725/8267,Svidnik,81274,vydaty
2165,Ondrej,Fabian,680402/2465,Bardejov,835716,slobodny
2166,Barbora,Horvathova,636114/2135,Poprad,574927,vydaty
2167,Juraj,Vesely,900807/4074,Nitra,189534,slobodny
2168,Sandra,Markova,536128/5133,Trnava,221783,vydaty
2169,Filip,Dvorak,740902/5876,Zvolen,501521,slobodny
2170,Simona,Vargova,735410/4071,Zilina,455842,vydaty
2171,Marek,Bednar,860112/1226,Senec,388125,slobodny
2172,Zuzana,Vargova,535508/4019,Presov,707423,vydaty
2173,Richard,Simek,590701/6923,Trencin,38457,slobodny
2174,Jana,Cerna,825213/6820,Snina,902650,vydaty
2175,Filip,Bednar,950509/8297,Kosice,476975,slobodny
2176,Katerina,Kucerova,875728/8536,Nitra,379950,vydaty
2177,Martin,Dvorak,890422/7137,Presov,874406,slobodny
2178,Petra,Vargova,676202/4757,Kosice,231656,vydaty
2179,Richard,Novak,880824/4746,Tvrdosin,264761,slobodny
2180,Simona,Simekova,636106/6848,Komarno,164598,vydaty
2181,Martin,Fabian,530403/3669,Kosice,216421,slobodny
2182,Ivana,Vesela,675202/7529,Martin,783903,vydaty
2183,Juraj,Predajniansky,520821/4751,Nitra,440788,slobodny
2184,Zuzana,Kucerova,875921/1193,Trnava,940030,vydaty
2185,Ondrej,Rusnak,830105/6014,Bratislava,962445,slobodny
2186,Sandra,Rusnakova,736221/4524,Bardejov,441195,vydaty
2187,Filip,Vesely,980913/5749,Kosice,632348,slobodny
2188,Ivana,Novakova,975707/5016,Trencin,212385,vydaty
2189,Radoslav,Vesely,510802/6386,Poprad,910172,slobodny
2190,Veronika,Simekova,625604/7675,Martin,100324,vydaty
2191,Filip,Vesely,830410/6833,Levice,862203,slobodny
2192,Zuzana,Simekova,666007/5086,Bratislava,317009,vydaty
2193,Ondrej,Predajniansky,950126/1442,Zilina,291516,slobodny
2194,Barbora,Fabianova,715701/8550,Komarno,504242,vydaty
2195,Tomas,Novak,920512/5348,Trnava,465632,slobodny
2196,Ivana,Novakova,775827/1427,Zilina,528118,vydaty
2197,Juraj,Rusnak,760408/4974,Levice,238618,slobodny
2198,Barbora,Novakova,875716/3952,Snina,325194,vydaty
2199,Filip,Varga,861105/2783,Martin,171639,slobodny
2200,Veronika,Vargova,536107/8079,Bardejov,355283,vydaty
2201,Filip,Kubik,570417/8180,Presov,622684,slobodny
2202,Zuzana,Bednarova,695206/6699,Humenne,421031,vydaty
2203,Jan,Cerny,611006/3750,Komarno,49693,slobodny
2204,Katerina,Predajnianska,905325/9425,Komarno,798338,vydaty
2205,Jan,Kucera,730216/3314,Snina,378817,slobodny
2206,Barbora,Vesela,765805/3130,Komarno,957820,vydaty
2207,Marek,Rusnak,910223/2789,Bratislava,278217,slobodny
2208,Katerina,Kucerova,915621/8476,Senec,427524,vydaty
2209,Radoslav,Vesely,610917/8661,Bratislava,935388,slobodny
2210,Katerina,Vargova,545926/1126,Poprad,453898,vydaty
2211,Juraj,Dvorak,920504/8974,Trnava,924952,slobodny
2212,Veronika,Cerna,816003/5532,Bardejov,68792,vydaty
2213,Filip,Marko,790505/9185,Presov,273462,slobodny
2214,Veronika,Kucerova,945522/2793,Tvrdosin,747269,vydaty
2215,Radoslav,Bednar,970215/9229,Poprad,73097,slobodny
2216,Lucia,Urbanova,805906/2525,Kosice,931388,vydaty
2217,Juraj,Varga,720619/9463,Trnava,612079,slobodny
2218,Ivana,Horvathova,555928/2843,Humenne,971786,vydaty
2219,Richard,Bednar,970916/7473,Levice,221601,slobodny
2220,Barbora,Kucerova,875418/3150,Presov,312669,vydaty
2221,Jan,Fabian,940222/6561,Martin,582568,slobodny
2222,Veronika,Muskova,916219/9382,Trencin,482656,vydaty
2223,Ondrej,Urban,950416/4963,Levice,692034,slobodny
2224,Sandra,Predajnianska,925226/3523,Zvolen,589878,vydaty
2225,Ondrej,Fabian,920714/7184,Martin,549231,slobodny
2226,Jana,Rusnakova,986026/2104,Tvrdosin,714809,vydaty
2227,Peter,Horvath,640101/4177,Zilina,880535,slobodny
2228,Katerina,Horvathova,525722/5060,Zilina,423789,vydaty
2229,Juraj,Predajniansky,810327/7077,Nitra,939889,slobodny
2230,Zuzana,Cerna,795202/4105,Zvolen,850887,vydaty
2231,Jan,Urban,730128/9554,Komarno,619188,slobodny
2232,Sandra,Markova,755120/8492,Levice,158407,vydaty
2233,Radoslav,Bednar,741218/6663,Kosice,985072,slobodny
2234,Zuzana,Rusnakova,545819/8622,Presov,719874,vydaty
2235,Ondrej,Predajniansky,830419/4718,Martin,149614,slobodny
2236,Veronika,Vesela,655927/8351,Svidnik,685188,vydaty
2237,Ondrej,Muska,871217/3355,Presov,557016,slobodny
2238,Lucia,Urbanova,815922/4139,Kosice,119920,vydaty
2239,Radoslav,Muska,721217/7690,Komarno,720505,slobodny
2240,Ivana,Cerna,745118/2731,Snina,854831,vydaty
2241,Peter,Varga,710102/5787,Humenne,904539,slobodny
2242,Veronika,Markova,845418/2278,Bratislava,972227,vydaty
2243,Peter,Horvath,860512/9212,Senec,56821,slobodny
2244,Barbora,Markova,545514/5346,Levice,205900,vydaty
2245,Richard,Horvath,651105/4803,Martin,789419,slobodny
2246,Simona,Bednarova,985811/9773,Svidnik,437922,vydaty
2247,Radoslav,Kucera,610116/1357,Bardejov,739639,slobodny
2248,Veronika,Kucerova,955923/6163,Zilina,839426,vydaty
2249,Filip,Rusnak,710503/7058,Nitra,10153,slobodny
2250,Jana,Predajnianska,876218/2396,Poprad,665967,vydaty
2251,Martin,Dvorak,760113/6156,Humenne,644195,slobodny
2252,Katerina,Horvathova,766010/9989,Humenne,278387,vydaty
2253,Radoslav,Kucera,760613/6766,Zilina,14234,slobodny
2254,Veronika,Cerna,845702/9144,Tvrdosin,411489,vydaty
2255,Peter,Urban,600116/4225,Trencin,301144,slobodny
2256,Jana,Muskova,835615/8037,Poprad,574819,vydaty
2257,Tomas,Cerny,701125/9591,Poprad,562679,slobodny
2258,Barbora,Kubikova,535916/2713,Bardejov,864594,vydaty
2259,Juraj,Cerny,951222/4483,Trnava,589427,slobodny
2260,Zuzana,Predajnianska,585225/2422,Tvrdosin,901740,vydaty
2261,Filip,Muska,721210/8489,Zvolen,410039,slobodny
2262,Lucia,Kucerova,955911/3895,Poprad,307963,vydaty
2263,Ondrej,Bednar,591207/2686,Tvrdosin,674003,slobodny
2264,Petra,Kucerova,915708/3850,Snina,143646,vydaty
2265,Peter,Novak,810428/9095,Senec,923478,slobodny
2266,Sandra,Simekova,705715/9762,Komarno,937425,vydaty
2267,Marek,Kucera,830807/9110,Komarno,467570,slobodny
2268,Jana,Fabianova,835704/5446,Zilina,967071,vydaty
2269,Marek,Dvorak,580820/2568,Poprad,994049,slobodny
2270,Zuzana,Cerna,665104/4921,Tvrdosin,65519,vydaty
2271,Radoslav,Marko,580623/3745,Zvolen,258869,slobodny
2272,Lucia,Predajnianska,795627/2894,Poprad,410790,vydaty
2273,Peter,Vesely,690723/8156,Trnava,577519,slobodny
2274,Simona,Simekova,565308/5439,Poprad,989917,vydaty
2275,Richard,Marko,860120/6896,Zilina,582598,slobodny
2276,Sandra,Rusnakova,905901/1959,Senec,648279,vydaty
2277,Marek,Novak,560815/5792,Kosice,74711,slobodny
2278,Simona,Muskova,865624/9781,Tvrdosin,875404,vydaty
2279,Radoslav,Rusnak,670704/4780,Bardejov,293220,slobodny
2280,Lucia,Kubikova,625909/1831,Levice,911372,vydaty
2281,Filip,Novak,930924/1398,Humenne,528384,slobodny
2282,Zuzana,Markova,725127/9426,Zilina,424585,vydaty
2283,Marek,Novak,520209/6969,Trencin,268637,slobodny
2284,Jana,Horvathova,645524/3757,Martin,479856,vydaty
2285,Filip,Dvorak,581123/4835,Martin,710152,slobodny
2286,Lucia,Urbanova,675609/5792,Levice,875250,vydaty
2287,Juraj,Kucera,811004/1494,Zilina,181596,slobodny
2288,Lucia,Kucerova,705619/4230,Svidnik,984621,vydaty
2289,Marek,Novak,750906/6389,Svidnik,540512,slobodny
2290,Katerina,Cerna,865402/3466,Snina,932918,vydaty
2291,Martin,Cerny,730408/8899,Humenne,764096,slobodny
2292,Petra,Muskova,585928/6586,Svidnik,567406,vydaty
2293,Jan,Simek,811226/3643,Humenne,634542,slobodny
2294,Petra,Vargova,565111/5976,Snina,156128,vydaty
2295,Tomas,Muska,880623/5041,Bratislava,11548,slobodny
2296,Zuzana,Urbanova,726106/4466,Snina,936860,vydaty
2297,Radoslav,Cerny,550109/8501,Zilina,118104,slobodny
2298,Petra,Simekova,595604/2745,Nitra,711314,vydaty
2299,Tomas,Vesely,870613/5339,Levice,956129,slobodny
2300,Simona,Simekova,895418/4674,Nitra,809289,vydaty
2301,Radoslav,Horvath,800612/5157,Zvolen,905014,slobodny
2302,Zuzana,Muskova,696113/1076,Senec,68499,vydaty
2303,Peter,Urban,890621/7601,Nitra,997254,slobodny
2304,Petra,Bednarova,606212/3748,Tvrdosin,190764,vydaty
2305,Peter,Fabian,530818/9117,Kosice,352007,slobodny
2306,Petra,Simekova,905303/5175,Poprad,113710,vydaty
2307,Filip,Dvorak,670717/2137,Senec,553958,slobodny
2308,Ivana,Fabianova,846017/4599,Zvolen,273267,vydaty
2309,Tomas,Fabian,610810/4785,Trnava,640234,slobodny
2310,Zuzana,Horvathova,695501/5064,Presov,245619,vydaty
2311,Peter,Kubik,770404/4484,Trnava,262794,slobodny
2312,Katerina,Muskova,696121/2443,Bardejov,341158,vydaty
2313,Ondrej,Predajniansky,931011/8973,Zilina,42665,slobodny
2314,Barbora,Muskova,715213/6648,Zvolen,453764,vydaty
2315,Tomas,Cerny,630805/7899,Poprad,26307,slobodny
2316,Sandra,Urbanova,835115/8590,Senec,61725,vydaty
2317,Ondrej,Rusnak,600110/8206,Snina,722361,slobodny
2318,Katerina,Kucerova,975117/8338,Svidnik,605935,vydaty
2319,Martin,Dvorak,870107/4060,Levice,520942,slobodny
2320,Veronika,Bednarova,975802/8930,Zvolen,479816,vydaty
2321,Ondrej,Novak,650425/9223,Martin,549795,slobodny
2322,Jana,Kubikova,895608/6069,Svidnik,809718,vydaty
2323,Peter,Vesely,610707/1048,Trencin,464489,slobodny
2324,Ivana,Fabianova,716018/6775,Humenne,655358,vydaty
2325,Radoslav,Novak,570527/2431,Trnava,364377,slobodny
2326,Sandra,Cerna,695723/1341,Trencin,72332,vydaty
2327,Richard,Novak,760206/2018,Komarno,427117,slobodny
2328,Petra,Simekova,966121/3204,Zilina,39854,vydaty
2329,Tomas,Urban,740927/7111,Nitra,111206,slobodny
2330,Katerina,Urbanova,675826/4967,Bardejov,307301,vydaty
2331,Ondrej,Horvath,651021/6795,Svidnik,888202,slobodny
2332,Katerina,Urbanova,735404/8194,Tvrdosin,961313,vydaty
2333,Martin,Kubik,560918/5000,Levice,151059,slobodny
2334,Jana,Vargova,666221/4613,Zvolen,22238,vydaty
2335,Richard,Kubik,721026/9595,Bardejov,148622,slobodny
2336,Ivana,Urbanova,735403/7992,Kosice,157341,vydaty
2337,Martin,Kubik,730818/3867,Svidnik,995453,slobodny
2338,Sandra,Vargova,995510/8042,Zilina,866281,vydaty
2339,Tomas,Kucera,940327/1776,Presov,750793,slobodny
2340,Ivana,Dvorakova,936026/6748,Humenne,105671,vydaty
2341,Filip,Bednar,641201/5613,Bardejov,47304,slobodny
2342,Sandra,Muskova,585427/4826,Komarno,310083,vydaty
2343,Tomas,Novak,710215/4541,Bardejov,814742,slobodny
2344,Katerina,Bednarova,935414/1854,Presov,618892,vydaty
2345,Radoslav,Urban,931115/9905,Humenne,897292,slobodny
2346,Sandra,Muskova,935124/3334,Komarno,559126,vydaty
2347,Peter,Vesely,780126/6356,Martin,791439,slobodny
2348,Petra,Predajnianska,935120/2534,Snina,978347,vydaty
2349,Juraj,Fabian,870614/7605,Trnava,514672,slobodny
2350,Ivana,Dvorakova,785424/6900,Levice,961667,vydaty
2351,Tomas,Cerny,701107/8228,Levice,820168,slobodny
2352,Katerina,Kubikova,685623/2315,Levice,600741,vydaty
2353,Filip,Rusnak,960808/8756,Bardejov,545105,slobodny
2354,Lucia,Bednarova,606224/6191,Bratislava,684077,vydaty
2355,Radoslav,Kucera,960512/4110,Levice,889737,slobodny
2356,Ivana,Predajnianska,865628/4793,Svidnik,546910,vydaty
2357,Martin,Varga,560921/8857,Humenne,434803,slobodny
2358,Barbora,Kucerova,895218/5751,Tvrdosin,690752,vydaty
2359,Richard,Predajniansky,610711/4998,Trnava,409995,slobodny
2360,Petra,Cerna,845114/1209,Tvrdosin,468273,vydaty
2361,Marek,Novak,920309/2220,Senec,842619,slobodny
2362,Ivana,Vargova,555928/8328,Bratislava,348163,vydaty
2363,Peter,Vesely,790312/7231,Komarno,338176,slobodny
2364,Petra,Rusnakova,946027/8889,Svidnik,590109,vydaty
2365,Jan,Simek,540912/5715,Bratislava,909332,slobodny
2366,Petra,Rusnakova,586226/7845,Trnava,448267,vydaty
2367,Ondrej,Vesely,570515/6321,Humenne,787514,slobodny
2368,Barbora,Horvathova,595510/9063,Bardejov,755718,vydaty
2369,Tomas,Fabian,621107/2139,Humenne,369617,slobodny
2370,Jana,Simekova,966224/5383,Komarno,411090,vydaty
2371,Juraj,Rusnak,650211/1797,Trnava,430898,slobodny
2372,Petra,Urbanova,595714/4849,Nitra,763000,vydaty
2373,Tomas,Urban,640922/9857,Trnava,771754,slobodny
2374,Simona,Vesela,995328/9805,Martin,460861,vydaty
2375,Richard,Novak,860401/5954,Trencin,882052,slobodny
2376,Petra,Urbanova,635206/6570,Tvrdosin,467094,vydaty
2377,Tomas,Muska,850419/8168,Zilina,195667,slobodny
2378,Petra,Vargova,536104/6473,Levice,610876,vydaty
2379,Filip,Fabian,701005/7436,Trnava,597568,slobodny
2380,Lucia,Dvorakova,845705/7796,Humenne,20545,vydaty
2381,Peter,Vesely,810728/3786,Tvrdosin,335863,slobodny
2382,Jana,Vesela,786215/5514,Trencin,359435,vydaty
2383,Filip,Horvath,970601/2097,Komarno,676549,slobodny
2384,Sandra,Fabianova,716123/7875,Poprad,122849,vydaty
2385,Ondrej,Dvorak,721116/7498,Bratislava,885741,slobodny
2386,Petra,Urbanova,545806/7586,Poprad,414856,vydaty
2387,Martin,Vesely,840905/8834,Snina,669453,slobodny
2388,Katerina,Markova,695512/5489,Humenne,316291,vydaty
2389,Juraj,Horvath,580424/4768,Snina,718592,slobodny
2390,Zuzana,Muskova,525817/6578,Bardejov,102917,vydaty
2391,Richard,Vesely,770720/5763,Humenne,898984,slobodny
2392,Petra,Novakova,535521/3072,Kosice,369543,vydaty
2393,Ondrej,Predajniansky,561020/5318,Martin,58151,slobodny
2394,Petra,Vargova,665213/1627,Humenne,96278,vydaty
2395,Tomas,Muska,960402/8401,Senec,626103,slobodny
2396,Barbora,Fabianova,886216/1947,Senec,594225,vydaty
2397,Tomas,Rusnak,891102/1659,Trnava,175697,slobodny
2398,Veronika,Vargova,966111/8646,Trnava,809171,vydaty
2399,Filip,Rusnak,990506/9367,Nitra,605245,slobodny
2400,Simona,Urbanova,795527/6594,Poprad,525616,vydaty
2401,Jan,Urban,920208/7918,Zilina,348246,slobodny
2402,Jana,Kucerova,855222/4692,Martin,511958,vydaty
2403,Filip,Rusnak,790123/8057,Bratislava,380221,slobodny
2404,Katerina,Horvathova,725909/9004,Poprad,535928,vydaty
2405,Richard,Bednar,581209/1106,Trnava,144608,slobodny
2406,Ivana,Urbanova,875304/5423,Trencin,679393,vydaty
2407,Marek,Vesely,741214/3475,Svidnik,836608,slobodny
2408,Ivana,Horvathova,615113/5985,Levice,165209,vydaty
2409,Filip,Varga,670220/1310,Komarno,29091,slobodny
2410,Zuzana,Vargova,866007/4392,Trnava,14385,vydaty
2411,Richard,Muska,850424/8724,Senec,510372,slobodny
2412,Jana,Fabianova,685415/6919,Presov,286870,vydaty
2413,Martin,Kubik,860501/3615,Trnava,241592,slobodny
2414,Sandra,Simekova,785822/3777,Svidnik,709948,vydaty
2415,Juraj,Kucera,540812/7398,Bardejov,186794,slobodny
2416,Petra,Kubikova,795719/4576,Zilina,824775,vydaty
2417,Martin,Marko,890825/3231,Levice,143275,slobodny
2418,Katerina,Novakova,875821/9348,Bardejov,657368,vydaty
2419,Juraj,Horvath,940917/3233,Bardejov,615770,slobodny
2420,Zuzana,Dvorakova,646203/4645,Zilina,173989,vydaty
2421,Jan,Horvath,890901/6719,Trencin,523207,slobodny
2422,Lucia,Bednarova,936011/7604,Zilina,351895,vydaty
2423,Tomas,Kubik,680925/4124,Bratislava,951282,slobodny
2424,Lucia,Dvorakova,696107/3784,Presov,622334,vydaty
2425,Marek,Rusnak,911004/7239,Levice,975721,slobodny
2426,Ivana,Urbanova,885816/4419,Komarno,59962,vydaty
2427,Tomas,Kubik,650118/1388,Kosice,528954,slobodny
2428,Veronika,Rusnakova,995524/9199,Presov,273688,vydaty
2429,Martin,Rusnak,940927/1744,Svidnik,615728,slobodny
2430,Simona,Urbanova,915619/6446,Kosice,901051,vydaty
2431,Richard,Urban,630922/7173,Snina,768227,slobodny
2432,Lucia,Muskova,775924/3790,Nitra,34489,vydaty
2433,Tomas,Muska,880119/1996,Tvrdosin,704104,slobodny
2434,Sandra,Simekova,725826/8695,Svidnik,969878,vydaty
2435,Marek,Rusnak,610108/3997,Snina,855178,slobodny
2436,Jana,Kucerova,695808/1263,Tvrdosin,837419,vydaty
2437,Jan,Simek,990724/2156,Zvolen,748086,slobodny
2438,Lucia,Bednarova,705722/8712,Bardejov,347283,vydaty
2439,Tomas,Marko,801004/9535,Kosice,177573,slobodny
2440,Barbora,Kucerova,825903/4430,Zilina,199580,vydaty
2441,Jan,Cerny,820227/7768,Zvolen,611712,slobodny
2442,Katerina,Novakova,945207/3242,Presov,70096,vydaty
2443,Jan,Fabian,990314/5556,Snina,655258,slobodny
2444,Ivana,Fabianova,665402/1913,Martin,259489,vydaty
2445,Radoslav,Rusnak,670605/3774,Tvrdosin,646598,slobodny
2446,Zuzana,Predajnianska,575813/7610,Zvolen,211684,vydaty
2447,Jan,Marko,841019/6404,Levice,479128,slobodny
2448,Simona,Muskova,956126/6846,Presov,437658,vydaty
2449,Richard,Kubik,570720/5964,Poprad,643251,slobodny
2450,Ivana,Dvorakova,655922/7843,Tvrdosin,560044,vydaty
2451,Marek,Rusnak,900714/2828,Komarno,362738,slobodny
2452,Ivana,Fabianova,855624/5417,Tvrdosin,767990,vydaty
2453,Jan,Kubik,830613/4459,Trnava,515240,slobodny
2454,Katerina,Fabianova,686018/3915,Tvrdosin,652859,vydaty
2455,Ondrej,Dvorak,710821/2523,Humenne,397483,slobodny
2456,Barbora,Vesela,735322/7432,Levice,494662,vydaty
2457,Ondrej,Simek,790921/4719,Poprad,898934,slobodny
2458,Zuzana,Muskova,935205/5895,Snina,683957,vydaty
2459,Martin,Novak,671116/4666,Komarno,764430,slobodny
2460,Simona,Rusnakova,705226/6632,Kosice,465263,vydaty
2461,Ondrej,Kubik,640822/2275,Snina,298376,slobodny
2462,Petra,Vesela,705512/5214,Presov,813376,vydaty
2463,Radoslav,Rusnak,900213/3205,Presov,420518,slobodny
2464,Ivana,Cerna,855316/1067,Martin,886771,vydaty
2465,Martin,Fabian,550616/1042,Martin,582467,slobodny
2466,Jana,Cerna,885113/2904,Humenne,55679,vydaty
2467,Tomas,Novak,610715/3323,Zilina,574043,slobodny
2468,Ivana,Fabianova,635124/5652,Bratislava,230136,vydaty
2469,Radoslav,Predajniansky,990120/6335,Snina,42168,slobodny
2470,Petra,Urbanova,705323/4541,Bratislava,145719,vydaty
2471,Ondrej,Bednar,910201/7306,Poprad,123482,slobodny
2472,Sandra,Dvorakova,586010/7259,Presov,936816,vydaty
2473,Ondrej,Simek,640921/5433,Bardejov,507357,slobodny
2474,Barbora,Kucerova,836220/9317,Kosice,723049,vydaty
2475,Martin,Kubik,880102/5952,Poprad,114497,slobodny
2476,Barbora,Kucerova,525328/1744,Tvrdosin,550492,vydaty
2477,Tomas,Novak,680821/3121,Trnava,49375,slobodny
2478,Lucia,Simekova,655327/6290,Zilina,600247,vydaty
2479,Filip,Novak,711018/1224,Komarno,595023,slobodny
2480,Veronika,Cerna,775616/3831,Zvolen,500804,vydaty
2481,Jan,Kubik,760714/6928,Poprad,737963,slobodny
2482,Katerina,Novakova,585926/5817,Nitra,19697,vydaty
2483,Martin,Marko,940505/8241,Kosice,242431,slobodny
2484,Veronika,Bednarova,825309/2770,Poprad,274111,vydaty
2485,Jan,Bednar,720708/6064,Martin,450360,slobodny
2486,Veronika,Kucerova,995419/6755,Senec,283735,vydaty
2487,Richard,Fabian,650508/6473,Tvrdosin,673192,slobodny
2488,Zuzana,Bednarova,555102/1321,Zvolen,322257,vydaty
2489,Marek,Fabian,840324/4351,Snina,532867,slobodny
2490,Barbora,Simekova,545824/4047,Trencin,953962,vydaty
2491,Radoslav,Bednar,891009/5783,Bardejov,813430,slobodny
2492,Sandra,Kucerova,525427/7013,Levice,87267,vydaty
2493,Tomas,Urban,660608/3937,Zilina,378365,slobodny
2494,Ivana,Urbanova,835719/6138,Tvrdosin,542183,vydaty
2495,Radoslav,Muska,960821/5084,Kosice,207421,slobodny
2496,Zuzana,Kubikova,865609/3432,Bardejov,621061,vydaty
2497,Martin,Fabian,820410/7389,Zilina,944367,slobodny
2498,Ivana,Vargova,555517/8559,Poprad,566639,vydaty
2499,Marek,Kubik,721126/4321,Poprad,492684,slobodny
2500,Veronika,Simekova,626211/6570,Snina,696852,vydaty
2501,Radoslav,Urban,951116/9305,Trnava,71800,slobodny
2502,Simona,Vesela,825307/1520,Tvrdosin,489208,vydaty
2503,Richard,Varga,760105/7824,Zilina,181058,slobodny
2504,Petra,Kubikova,805819/7403,Trencin,932612,vydaty
2505,Peter,Horvath,900616/8312,Trnava,726563,slobodny
2506,Simona,Vargova,715802/3189,Poprad,971811,vydaty
2507,Juraj,Marko,520413/3913,Tvrdosin,452280,slobodny
2508,Simona,Vargova,885311/1704,Senec,823544,vydaty
2509,Ondrej,Marko,770312/2480,Presov,67393,slobodny
2510,Sandra,Cerna,736209/5952,Martin,647600,vydaty
2511,Martin,Varga,741017/2446,Nitra,18132,slobodny
2512,Petra,Fabianova,825207/2255,Svidnik,931908,vydaty
2513,Jan,Simek,921210/7673,Bardejov,238209,slobodny
2514,Petra,Kucerova,966005/4375,Svidnik,677856,vydaty
2515,Richard,Bednar,990209/1537,Martin,862570,slobodny
2516,Veronika,Vesela,875210/4804,Trencin,447990,vydaty
2517,Martin,Fabian,970811/9217,Bratislava,179798,slobodny
2518,Sandra,Markova,535424/5052,Humenne,856904,vydaty
2519,Martin,Kucera,690203/6379,Trencin,522204,slobodny
2520,Sandra,Rusnakova,855628/7055,Nitra,526216,vydaty
2521,Filip,Kucera,981225/5129,Tvrdosin,404235,slobodny
2522,Ivana,Dvorakova,786012/6929,Trencin,667850,vydaty
2523,Peter,Kubik,991228/9400,Levice,127140,slobodny
2524,Ivana,Bednarova,675411/1849,Levice,35804,vydaty
2525,Juraj,Varga,831024/6710,Presov,93151,slobodny
2526,Jana,Cerna,625705/7197,Bratislava,607141,vydaty
2527,Marek,Marko,570112/8333,Senec,987405,slobodny
2528,Barbora,Vargova,545222/2349,Poprad,104827,vydaty
2529,Juraj,Simek,690314/3457,Levice,159285,slobodny
2530,Veronika,Muskova,775324/7236,Trnava,541258,vydaty
2531,Radoslav,Kucera,661228/9843,Komarno,605828,slobodny
2532,Ivana,Urbanova,586024/8602,Martin,955116,vydaty
2533,Filip,Kucera,530628/3249,Snina,581991,slobodny
2534,Jana,Predajnianska,575314/6933,Komarno,654076,vydaty
2535,Richard,Kubik,741122/1243,Snina,381740,slobodny
2536,Ivana,Cerna,655826/6210,Tvrdosin,725599,vydaty
2537,Richard,Dvorak,831120/1187,Senec,367827,slobodny
2538,Barbora,Muskova,686111/3309,Svidnik,41947,vydaty
2539,Martin,Horvath,531013/8700,Senec,504918,slobodny
2540,Sandra,Bednarova,725225/8151,Trnava,409270,vydaty
2541,Juraj,Muska,690615/9093,Zvolen,479882,slobodny
2542,Simona,Dvorakova,925920/9200,Nitra,289117,vydaty
2543,Martin,Rusnak,610819/3772,Kosice,70627,slobodny
2544,Petra,Markova,535501/7347,Presov,28416,vydaty
2545,Juraj,Horvath,910122/9364,Humenne,369170,slobodny
2546,Simona,Markova,856111/1922,Tvrdosin,782051,vydaty
2547,Filip,Cerny,890723/5993,Presov,796376,slobodny
2548,Veronika,Cerna,725827/5283,Komarno,868772,vydaty
2549,Tomas,Marko,590510/4359,Humenne,730337,slobodny
2550,Petra,Vesela,675906/3296,Senec,579797,vydaty
2551,Richard,Cerny,930725/4274,Zvolen,397551,slobodny
2552,Barbora,Novakova,685602/8764,Senec,236828,vydaty
2553,Richard,Horvath,990911/6028,Levice,512213,slobodny
2554,Sandra,Kucerova,655311/8754,Senec,701238,vydaty
2555,Juraj,Muska,730415/6787,Komarno,158325,slobodny
2556,Katerina,Kucerova,586115/3587,Bratislava,454892,vydaty
2557,Tomas,Varga,800111/1761,Nitra,702655,slobodny
2558,Simona,Kubikova,546021/8312,Humenne,561447,vydaty
2559,Peter,Horvath,570814/6227,Martin,684835,slobodny
2560,Katerina,Cerna,535102/8532,Komarno,418225,vydaty
2561,Tomas,Novak,960704/8164,Kosice,384363,slobodny
2562,Ivana,Novakova,595514/6922,Bardejov,698245,vydaty
2563,Juraj,Rusnak,730418/4560,Levice,439614,slobodny
2564,Veronika,Bednarova,535320/8610,Kosice,625045,vydaty
2565,Juraj,Rusnak,600113/6372,Komarno,250042,slobodny
2566,Simona,Cerna,555304/2165,Zvolen,838794,vydaty
2567,Peter,Fabian,610914/3738,Komarno,529060,slobodny
2568,Veronika,Simekova,975710/5440,Nitra,718229,vydaty
2569,Radoslav,Fabian,530117/4182,Levice,620757,slobodny
2570,Simona,Kubikova,545206/8602,Trencin,619709,vydaty
2571,Filip,Muska,791221/4716,Trnava,570721,slobodny
2572,Simona,Predajnianska,605904/5045,Bratislava,226305,vydaty
2573,Martin,Marko,780302/9763,Trencin,35001,slobodny
2574,Ivana,Markova,735325/3418,Bardejov,708473,vydaty
2575,Peter,Fabian,730713/6083,Levice,735889,slobodny
2576,Lucia,Dvorakova,635408/1684,Martin,287649,vydaty
2577,Peter,Bednar,980921/3058,Svidnik,48618,slobodny
2578,Simona,Urbanova,585906/5054,Kosice,835895,vydaty
2579,Martin,Novak,660625/3658,Komarno,361503,slobodny
2580,Lucia,Muskova,735205/7650,Snina,551932,vydaty
2581,Filip,Bednar,780507/5972,Trencin,721452,slobodny
2582,Ivana,Simekova,765420/1068,Martin,153766,vydaty
2583,Radoslav,Rusnak,840801/9481,Snina,484744,slobodny
2584,Simona,Kucerova,635228/7509,Komarno,412756,vydaty
2585,Radoslav,Dvorak,620613/4470,Levice,615120,slobodny
2586,Ivana,Predajnianska,966016/8903,Nitra,116633,vydaty
2587,Peter,Simek,690209/9546,Trencin,276010,slobodny
2588,Simona,Vargova,915314/8789,Trencin,142684,vydaty
2589,Juraj,Cerny,960413/8697,Poprad,549338,slobodny
2590,Simona,Kubikova,905822/3494,Nitra,497774,vydaty
2591,Marek,Cerny,521221/2079,Trnava,243655,slobodny
2592,Zuzana,Horvathova,515227/7674,Martin,325325,vydaty
2593,Peter,Muska,751223/6261,Levice,724882,slobodny
2594,Lucia,Markova,995926/1470,Poprad,129105,vydaty
2595,Ondrej,Kubik,650907/8415,Bardejov,734551,slobodny
2596,Petra,Bednarova,615927/2847,Komarno,336229,vydaty
2597,Marek,Kucera,520614/8441,Kosice,533496,slobodny
2598,Lucia,Simekova,535817/9216,Svidnik,961745,vydaty
2599,Jan,Fabian,710812/5702,Levice,769763,slobodny
2600,Sandra,Simekova,725115/9613,Komarno,262172,vydaty
2601,Radoslav,Varga,880911/4074,Zvolen,978831,slobodny
2602,Jana,Muskova,645408/1507,Presov,569017,vydaty
2603,Peter,Cerny,980615/1136,Trnava,677426,slobodny
2604,Jana,Predajnianska,995728/9095,Bardejov,552650,vydaty
2605,Richard,Fabian,680912/2466,Levice,574400,slobodny
2606,Sandra,Dvorakova,565716/9166,Tvrdosin,603794,vydaty
2607,Richard,Horvath,540303/3470,Zilina,950672,slobodny
2608,Lucia,Simekova,525513/8880,Poprad,510617,vydaty
2609,Filip,Simek,940528/3532,Poprad,76633,slobodny
2610,Lucia,Simekova,785924/1898,Kosice,551309,vydaty
2611,Peter,Novak,921015/9904,Zvolen,392607,slobodny
2612,Jana,Dvorakova,816219/2504,Bardejov,838695,vydaty
2613,Jan,Marko,531205/1842,Zilina,274501,slobodny
2614,Zuzana,Muskova,726128/3030,Trencin,362062,vydaty
2615,Richard,Novak,800519/5357,Tvrdosin,517059,slobodny
2616,Jana,Kucerova,516224/1290,Komarno,786243,vydaty
2617,Jan,Fabian,550412/3016,Humenne,491979,slobodny
2618,Sandra,Vargova,545202/8939,Komarno,781233,vydaty
2619,Juraj,Kucera,740928/3361,Nitra,670107,slobodny
2620,Veronika,Novakova,635517/3824,Trencin,779946,vydaty
2621,Juraj,Marko,610704/6385,Tvrdosin,72797,slobodny
2622,Sandra,Horvathova,855212/2668,Bardejov,329911,vydaty
2623,Radoslav,Fabian,610919/6439,Levice,529866,slobodny
2624,Simona,Novakova,775420/2834,Trnava,566777,vydaty
2625,Jan,Urban,590503/4866,Humenne,235336,slobodny
2626,Katerina,Kubikova,605718/4322,Nitra,577432,vydaty
2627,Ondrej,Novak,960225/4356,Bardejov,388250,slobodny
2628,Petra,Novakova,636025/5875,Tvrdosin,592965,vydaty
2629,Martin,Kubik,640112/2042,Nitra,939639,slobodny
2630,Katerina,Markova,855926/6881,Zilina,132458,vydaty
2631,Juraj,Rusnak,830606/5283,Presov,315612,slobodny
2632,Zuzana,Cerna,935925/4913,Bardejov,992296,vydaty
2633,Marek,Cerny,931003/1424,Senec,241984,slobodny
2634,Sandra,Horvathova,795924/9868,Martin,460814,vydaty
2635,Martin,Bednar,710619/5012,Trencin,603102,slobodny
2636,Sandra,Urbanova,525219/5608,Levice,113411,vydaty
2637,Filip,Varga,600923/2048,Komarno,925568,slobodny
2638,Zuzana,Vargova,965907/8714,Trnava,590551,vydaty
2639,Jan,Kucera,580705/2170,Trnava,455897,slobodny
2640,Jana,Dvorakova,656215/1943,Komarno,83636,vydaty
2641,Radoslav,Simek,841118/5529,Poprad,994882,slobodny
2642,Katerina,Simekova,975928/3604,Bratislava,424784,vydaty
2643,Tomas,Fabian,650922/7163,Bardejov,845191,slobodny
2644,Sandra,Cerna,775326/9324,Martin,106484,vydaty
2645,Martin,Predajniansky,520606/8286,Zvolen,173712,slobodny
2646,Sandra,Fabianova,935710/7580,Trencin,185500,vydaty
2647,Radoslav,Varga,710815/9642,Kosice,222331,slobodny
2648,Simona,Kubikova,895206/5985,Poprad,333244,vydaty
2649,Richard,Novak,861214/8849,Presov,591409,slobodny
2650,Barbora,Fabianova,916204/2892,Humenne,634070,vydaty
2651,Jan,Horvath,791112/5186,Senec,862123,slobodny
2652,Zuzana,Simekova,775209/7312,Presov,744508,vydaty
2653,Radoslav,Dvorak,870621/4094,Trencin,693745,slobodny
2654,Veronika,Kubikova,705401/6493,Snina,236470,vydaty
2655,Juraj,Dvorak,970708/1622,Poprad,118942,slobodny
2656,Veronika,Rusnakova,565920/4412,Martin,206087,vydaty
2657,Tomas,Horvath,740519/6499,Zvolen,49731,slobodny
2658,Lucia,Dvorakova,725614/9184,Bratislava,27380,vydaty
2659,Radoslav,Predajniansky,961120/6562,Zilina,565983,slobodny
2660,Katerina,Bednarova,575512/4968,Senec,102115,vydaty
2661,Ondrej,Marko,521228/7186,Bratislava,267231,slobodny
2662,Petra,Bednarova,655824/7736,Nitra,77364,vydaty
2663,Filip,Muska,870328/9058,Senec,621973,slobodny
2664,Simona,Urbanova,655511/4769,Tvrdosin,991941,vydaty
2665,Jan,Simek,700728/3358,Humenne,491307,slobodny
2666,Petra,Predajnianska,705828/7659,Senec,416781,vydaty
2667,Ondrej,Kubik,821226/3629,Zvolen,226177,slobodny
2668,Katerina,Kucerova,995312/8309,Kosice,814599,vydaty
2669,Richard,Kubik,680409/2806,Trencin,759502,slobodny
2670,Jana,Urbanova,765413/5143,Svidnik,145569,vydaty
2671,Ondrej,Dvorak,680508/6161,Tvrdosin,671708,slobodny
2672,Zuzana,Urbanova,516210/2464,Humenne,407673,vydaty
2673,Martin,Dvorak,750820/8285,Bratislava,923551,slobodny
2674,Lucia,Fabianova,645807/4095,Bratislava,124824,vydaty
2675,Richard,Fabian,930725/1051,Zilina,509300,slobodny
2676,Petra,Dvorakova,915719/3695,Presov,539260,vydaty
2677,Martin,Predajniansky,970725/7132,Svidnik,696136,slobodny
2678,Veronika,Dvorakova,995420/5763,Trencin,394117,vydaty
2679,Marek,Varga,671120/3319,Tvrdosin,618764,slobodny
2680,Barbora,Muskova,725803/5793,Kosice,380221,vydaty
2681,Marek,Dvorak,671127/1411,Bardejov,551787,slobodny
2682,Ivana,Horvathova,725628/9818,Kosice,799999,vydaty
2683,Filip,Kubik,880308/2772,Bardejov,644509,slobodny
2684,Ivana,Cerna,835201/2905,Zilina,730356,vydaty
2685,Marek,Cerny,730216/7708,Trencin,435974,slobodny
2686,Veronika,Markova,865112/3832,Poprad,561295,vydaty
2687,Tomas,Kubik,520228/6072,Kosice,233224,slobodny
2688,Lucia,Markova,775725/8014,Poprad,962192,vydaty
2689,Richard,Simek,690924/4510,Komarno,579162,slobodny
2690,Lucia,Cerna,655604/8534,Tvrdosin,63655,vydaty
2691,Tomas,Bednar,780412/6482,Snina,375342,slobodny
2692,Veronika,Predajnianska,825319/4686,Zilina,579279,vydaty
2693,Ondrej,Urban,960711/5716,Senec,880732,slobodny
2694,Barbora,Predajnianska,945821/9616,Martin,964082,vydaty
2695,Ondrej,Kucera,790707/7703,Bardejov,88402,slobodny
2696,Veronika,Predajnianska,565626/7924,Trnava,25684,vydaty
2697,Ondrej,Kubik,900208/4850,Martin,234877,slobodny
2698,Sandra,Cerna,845528/4931,Poprad,523311,vydaty
2699,Radoslav,Cerny,770915/5315,Trnava,820524,slobodny
2700,Barbora,Predajnianska,975108/7644,Presov,332459,vydaty
2701,Filip,Vesely,991206/5565,Presov,153959,slobodny
2702,Lucia,Vesela,885307/3206,Poprad,878729,vydaty
2703,Martin,Muska,630824/6875,Humenne,597172,slobodny
2704,Veronika,Simekova,745114/6647,Svidnik,994201,vydaty
2705,Richard,Kubik,730910/3474,Levice,934575,slobodny
2706,Sandra,Bednarova,936028/6782,Senec,264164,vydaty
2707,Tomas,Marko,761017/8694,Trnava,89341,slobodny
2708,Veronika,Markova,845227/1458,Zvolen,141127,vydaty
2709,Richard,Horvath,710522/3126,Tvrdosin,537018,slobodny
2710,Barbora,Fabianova,696005/4667,Senec,219131,vydaty
2711,Juraj,Fabian,760213/9950,Zilina,117658,slobodny
2712,Simona,Vesela,635116/7173,Zvolen,849478,vydaty
2713,Tomas,Horvath,960808/7890,Svidnik,411498,slobodny
2714,Lucia,Markova,905605/8354,Humenne,354054,vydaty
2715,Radoslav,Varga,700407/5656,Senec,899936,slobodny
2716,Petra,Vargova,696209/1810,Levice,863055,vydaty
2717,Marek,Kubik,790328/4137,Tvrdosin,901291,slobodny
2718,Sandra,Horvathova,966226/6058,Martin,418444,vydaty
2719,Tomas,Cerny,740902/2621,Nitra,860299,slobodny
2720,Veronika,Dvorakova,915404/4289,Snina,810077,vydaty
2721,Richard,Dvorak,830320/7710,Nitra,653670,slobodny
2722,Veronika,Markova,845625/6183,Snina,808621,vydaty
2723,Peter,Varga,830911/9777,Levice,694325,slobodny
2724,Simona,Kubikova,656011/8235,Levice,317441,vydaty
2725,Juraj,Marko,640721/1404,Komarno,465074,slobodny
2726,Veronika,Fabianova,935206/1337,Senec,929242,vydaty
2727,Richard,Muska,590709/1177,Tvrdosin,632836,slobodny
2728,Barbora,Muskova,815305/2044,Bardejov,823216,vydaty
2729,Filip,Urban,850227/4304,Kosice,933849,slobodny
2730,Barbora,Markova,645511/6879,Senec,122656,vydaty
2731,Jan,Predajniansky,960124/9569,Zilina,769627,slobodny
2732,Lucia,Fabianova,765924/4783,Bardejov,284443,vydaty
2733,Filip,Kucera,660605/8953,Zilina,786840,slobodny
2734,Lucia,Horvathova,675214/3468,Svidnik,169828,vydaty
2735,Radoslav,Rusnak,811018/9174,Zilina,99769,slobodny
2736,Veronika,Rusnakova,545820/7620,Poprad,604089,vydaty
2737,Ondrej,Predajniansky,760205/9539,Humenne,612931,slobodny
2738,Sandra,Horvathova,675725/7258,Bardejov,308442,vydaty
2739,Radoslav,Vesely,740824/5302,Presov,104213,slobodny
2740,Veronika,Markova,685414/8048,Senec,944760,vydaty
2741,Jan,Predajniansky,860816/4079,Trencin,844178,slobodny
2742,Barbora,Urbanova,555117/6849,Nitra,23289,vydaty
2743,Radoslav,Dvorak,900602/3649,Presov,436449,slobodny
2744,Jana,Simekova,605327/2575,Zilina,725904,vydaty
2745,Tomas,Simek,770225/4864,Kosice,961724,slobodny
2746,Sandra,Predajnianska,835526/6622,Humenne,593746,vydaty
2747,Richard,Vesely,740406/6489,Senec,242904,slobodny
2748,Simona,Cerna,926218/7217,Nitra,75008,vydaty
2749,Tomas,Urban,941202/9278,Zvolen,641862,slobodny
2750,Simona,Rusnakova,915926/3739,Trencin,603780,vydaty
2751,Martin,Bednar,950614/7226,Komarno,816592,slobodny
2752,Lucia,Bednarova,865314/2419,Nitra,358473,vydaty
2753,Filip,Cerny,700901/5057,Bardejov,835017,slobodny
2754,Ivana,Vesela,726219/4230,Zilina,75527,vydaty
2755,Filip,Cerny,780302/8848,Svidnik,914795,slobodny
2756,Ivana,Horvathova,985315/8804,Bardejov,413581,vydaty
2757,Jan,Urban,700218/7629,Presov,975435,slobodny
2758,Veronika,Kubikova,565414/6538,Martin,784569,vydaty
2759,Radoslav,Bednar,671227/7222,Tvrdosin,240287,slobodny
2760,Simona,Horvathova,815601/4839,Senec,447286,vydaty
2761,Radoslav,Kucera,690628/5237,Nitra,853402,slobodny
2762,Jana,Kubikova,745824/8793,Presov,873652,vydaty
2763,Juraj,Simek,910517/8653,Snina,746327,slobodny
2764,Sandra,Urbanova,855505/4722,Martin,473896,vydaty
2765,Martin,Novak,660702/2148,Nitra,869547,slobodny
2766,Ivana,Vesela,535618/2994,Zvolen,221701,vydaty
2767,Ondrej,Bednar,571016/3981,Komarno,462799,slobodny
2768,Ivana,Urbanova,995201/4209,Bratislava,806748,vydaty
2769,Juraj,Bednar,791111/8740,Nitra,952777,slobodny
2770,Lucia,Dvorakova,705219/8282,Nitra,172941,vydaty
2771,Peter,Cerny,580203/4375,Kosice,887581,slobodny
2772,Katerina,Kucerova,895625/2997,Trencin,62996,vydaty
2773,Filip,Predajniansky,570722/8192,Levice,847495,slobodny
2774,Sandra,Predajnianska,996124/3183,Svidnik,464935,vydaty
2775,Richard,Horvath,621018/8305,Poprad,459303,slobodny
2776,Katerina,Urbanova,825517/7506,Presov,420840,vydaty
2777,Radoslav,Horvath,880105/5992,Poprad,560155,slobodny
2778,Veronika,Bednarova,675514/7416,Bardejov,49797,vydaty
2779,Marek,Varga,710307/6629,Trnava,366285,slobodny
2780,Petra,Simekova,515402/8838,Kosice,851853,vydaty
2781,Juraj,Marko,790721/8121,Bratislava,421282,slobodny
2782,Katerina,Fabianova,805817/2330,Presov,452607,vydaty
2783,Tomas,Horvath,631212/8422,Zilina,299142,slobodny
2784,Veronika,Dvorakova,676227/6640,Kosice,965365,vydaty
2785,Peter,Urban,781028/1130,Nitra,799960,slobodny
2786,Zuzana,Predajnianska,675525/4392,Snina,729557,vydaty
2787,Richard,Vesely,860806/5518,Presov,301148,slobodny
2788,Petra,Dvorakova,806003/3984,Bratislava,944170,vydaty
2789,Richard,Simek,661226/2142,Nitra,189594,slobodny
2790,Zuzana,Horvathova,716118/4170,Senec,338633,vydaty
2791,Radoslav,Urban,711015/7672,Senec,402551,slobodny
2792,Ivana,Bednarova,845719/8026,Zilina,593622,vydaty
2793,Peter,Varga,620122/5548,Presov,421519,slobodny
2794,Sandra,Markova,626206/9260,Bratislava,894672,vydaty
2795,Juraj,Bednar,960310/9385,Martin,773070,slobodny
2796,Simona,Urbanova,806023/7744,Zilina,100959,vydaty
2797,Martin,Muska,990324/6453,Tvrdosin,281607,slobodny
2798,Jana,Cerna,935718/6407,Trencin,840546,vydaty
2799,Filip,Dvorak,821217/8671,Trencin,925338,slobodny
2800,Zuzana,Bednarova,695420/2351,Bratislava,547104,vydaty
2801,Radoslav,Kucera,880606/3810,Bratislava,318946,slobodny
2802,Lucia,Simekova,885618/2261,Svidnik,533179,vydaty
2803,Martin,Fabian,570421/1199,Levice,504392,slobodny
2804,Sandra,Bednarova,915427/2763,Komarno,50258,vydaty
2805,Jan,Predajniansky,721023/3522,Levice,34949,slobodny
2806,Sandra,Rusnakova,816110/4876,Svidnik,573520,vydaty
2807,Peter,Kucera,550717/2318,Bardejov,475652,slobodny
2808,Katerina,Horvathova,996126/5412,Bardejov,180769,vydaty
2809,Tomas,Kubik,840220/1911,Zvolen,552675,slobodny
2810,Ivana,Novakova,615922/1662,Bardejov,798111,vydaty
2811,Peter,Predajniansky,640207/6835,Poprad,585284,slobodny
2812,Katerina,Fabianova,695609/8744,Levice,877546,vydaty
2813,Richard,Rusnak,850524/5725,Martin,965428,slobodny
2814,Petra,Kucerova,985908/2426,Kosice,211072,vydaty
2815,Filip,Kubik,510420/2057,Martin,342282,slobodny
2816,Zuzana,Horvathova,615103/3186,Trnava,553270,vydaty
2817,Ondrej,Marko,840921/8653,Bardejov,131237,slobodny
2818,Veronika,Urbanova,755218/3263,Snina,418297,vydaty
2819,Peter,Novak,690419/3051,Bratislava,531222,slobodny
2820,Jana,Bednarova,875819/4213,Presov,862347,vydaty
2821,Jan,Fabian,791023/6197,Svidnik,658248,slobodny
2822,Barbora,Horvathova,676205/3818,Snina,356114,vydaty
2823,Richard,Marko,940220/7457,Trencin,246387,slobodny
2824,Lucia,Cerna,945811/4147,Zilina,398788,vydaty
2825,Marek,Marko,930124/5825,Bardejov,401087,slobodny
2826,Jana,Vesela,546024/1780,Poprad,797281,vydaty
2827,Marek,Bednar,640110/1441,Bratislava,971177,slobodny
2828,Petra,Predajnianska,845115/8270,Snina,170313,vydaty
2829,Peter,Kucera,801214/2597,Svidnik,153757,slobodny
2830,Jana,Predajnianska,865524/1898,Nitra,841960,vydaty
2831,Ondrej,Horvath,681108/9716,Komarno,596631,slobodny
2832,Simona,Vesela,996123/5891,Trnava,219703,vydaty
2833,Juraj,Rusnak,631108/2114,Trencin,912435,slobodny
2834,Sandra,Kubikova,655715/1845,Bratislava,210617,vydaty
2835,Richard,Varga,700907/7187,Levice,862712,slobodny
2836,Veronika,Rusnakova,855426/3771,Snina,50550,vydaty
2837,Juraj,Urban,800606/6015,Komarno,449286,slobodny
2838,Petra,Horvathova,866208/2706,Svidnik,742291,vydaty
2839,Peter,Varga,690621/4698,Tvrdosin,227550,slobodny
2840,Barbora,Cerna,965808/3637,Martin,842340,vydaty
2841,Radoslav,Fabian,690314/9253,Bratislava,650517,slobodny
2842,Jana,Kubikova,795316/1472,Trnava,100341,vydaty
2843,Radoslav,Urban,730805/8331,Bardejov,183643,slobodny
2844,Simona,Horvathova,875303/2163,Bardejov,953589,vydaty
2845,Juraj,Horvath,510622/8779,Poprad,935810,slobodny
2846,Ivana,Predajnianska,795215/5240,Trnava,592381,vydaty
2847,Marek,Predajniansky,871113/8447,Senec,868083,slobodny
2848,Katerina,Rusnakova,715728/2399,Humenne,287833,vydaty
2849,Marek,Kucera,751107/2006,Senec,227396,slobodny
2850,Barbora,Vesela,725926/5952,Zilina,977937,vydaty
2851,Ondrej,Fabian,541206/7235,Kosice,256556,slobodny
2852,Barbora,Fabianova,805822/1996,Trnava,43546,vydaty
2853,Richard,Horvath,840420/6483,Nitra,779838,slobodny
2854,Petra,Vesela,685910/3175,Bardejov,234652,vydaty
2855,Marek,Vesely,910612/4303,Levice,763513,slobodny
2856,Jana,Vargova,536014/6492,Tvrdosin,365048,vydaty
2857,Filip,Kubik,540724/1326,Nitra,625735,slobodny
2858,Veronika,Rusnakova,705611/9232,Komarno,150966,vydaty
2859,Tomas,Fabian,861017/5470,Trencin,486610,slobodny
2860,Simona,Vargova,706220/5268,Poprad,641426,vydaty
2861,Juraj,Vesely,670508/7464,Levice,678243,slobodny
2862,Petra,Vesela,865822/6059,Bratislava,815375,vydaty
2863,Ondrej,Kubik,760212/5497,Poprad,114223,slobodny
2864,Petra,Kubikova,816120/2282,Martin,179351,vydaty
2865,Jan,Vesely,510213/5603,Trencin,415370,slobodny
2866,Petra,Predajnianska,775228/6223,Poprad,722379,vydaty
2867,Marek,Dvorak,780118/9500,Poprad,733928,slobodny
2868,Sandra,Fabianova,525102/9592,Kosice,365578,vydaty
2869,Richard,Urban,870413/3339,Zilina,90856,slobodny
2870,Veronika,Muskova,575703/8268,Zvolen,391456,vydaty
2871,Filip,Muska,890615/6634,Trnava,639756,slobodny
2872,Ivana,Markova,995908/5403,Levice,297478,vydaty
2873,Ondrej,Fabian,901107/8336,Poprad,715960,slobodny
2874,Ivana,Fabianova,855608/1445,Poprad,471720,vydaty
2875,Juraj,Kubik,960820/8107,Zvolen,654928,slobodny
2876,Lucia,Urbanova,745107/6407,Presov,805637,vydaty
2877,Juraj,Marko,680605/1187,Senec,361333,slobodny
2878,Veronika,Vesela,935419/4128,Nitra,990254,vydaty
2879,Peter,Kucera,671012/8897,Komarno,589920,slobodny
2880,Jana,Kubikova,935119/2488,Zilina,306097,vydaty
2881,Tomas,Kucera,641201/1910,Trencin,294691,slobodny
2882,Ivana,Cerna,725524/6928,Bratislava,388576,vydaty
2883,Martin,Urban,780818/1645,Presov,238995,slobodny
2884,Petra,Fabianova,645427/4923,Svidnik,766653,vydaty
2885,Peter,Fabian,841220/7825,Senec,458287,slobodny
2886,Ivana,Rusnakova,926226/2173,Komarno,567721,vydaty
2887,Martin,Simek,740607/8298,Kosice,863338,slobodny
2888,Jana,Horvathova,915423/5085,Nitra,240556,vydaty
2889,Radoslav,Dvorak,620221/6521,Tvrdosin,717462,slobodny
2890,Ivana,Cerna,895817/4084,Kosice,135642,vydaty
2891,Filip,Bednar,840726/2163,Zvolen,997261,slobodny
2892,Zuzana,Vesela,986022/2048,Bardejov,672061,vydaty
2893,Peter,Muska,750614/3536,Snina,809316,slobodny
2894,Jana,Rusnakova,876205/7481,Tvrdosin,468423,vydaty
2895,Martin,Marko,690509/4313,Senec,574672,slobodny
2896,Jana,Kucerova,585418/7675,Zilina,370694,vydaty
2897,Marek,Vesely,670601/3110,Snina,337022,slobodny
2898,Katerina,Muskova,615213/3427,Snina,924978,vydaty
2899,Juraj,Rusnak,950620/4103,Zilina,14143,slobodny
2900,Barbora,Urbanova,625910/2144,Snina,287349,vydaty
2901,Richard,Bednar,790607/4756,Senec,933775,slobodny
2902,Jana,Horvathova,785328/9103,Svidnik,290387,vydaty
2903,Martin,Marko,870127/7481,Trnava,834958,slobodny
2904,Katerina,Cerna,855116/9385,Senec,833360,vydaty
2905,Radoslav,Vesely,640511/1293,Presov,930740,slobodny
2906,Barbora,Dvorakova,805208/3636,Humenne,138582,vydaty
2907,Filip,Muska,620123/2395,Senec,892946,slobodny
2908,Simona,Horvathova,685219/6374,Nitra,644226,vydaty
2909,Ondrej,Kucera,740315/3384,Nitra,500443,slobodny
2910,Katerina,Novakova,645301/7559,Svidnik,866930,vydaty
2911,Jan,Cerny,990207/1083,Bratislava,638432,slobodny
2912,Jana,Simekova,515812/2531,Kosice,267918,vydaty
2913,Juraj,Rusnak,541220/2247,Bratislava,349120,slobodny
2914,Katerina,Predajnianska,936005/9970,Zvolen,455688,vydaty
2915,Juraj,Bednar,900712/5056,Komarno,135746,slobodny
2916,Simona,Markova,775320/6398,Bardejov,841276,vydaty
2917,Filip,Kubik,830818/3382,Komarno,502281,slobodny
2918,Barbora,Simekova,775228/9320,Presov,825520,vydaty
2919,Jan,Kucera,710203/1151,Snina,156504,slobodny
2920,Sandra,Simekova,745717/2999,Trnava,112509,vydaty
2921,Juraj,Varga,831010/6310,Trencin,264740,slobodny
2922,Barbora,Rusnakova,766010/6108,Levice,405051,vydaty
2923,Peter,Varga,860315/6944,Snina,151856,slobodny
2924,Petra,Vesela,685323/8370,Levice,800027,vydaty
2925,Ondrej,Kucera,790922/6459,Martin,564652,slobodny
2926,Petra,Markova,875714/6198,Tvrdosin,49614,vydaty
2927,Ondrej,Predajniansky,900221/9576,Zvolen,625611,slobodny
2928,Petra,Markova,895917/8476,Humenne,835400,vydaty
2929,Marek,Urban,970702/8764,Svidnik,449912,slobodny
2930,Katerina,Fabianova,546223/2034,Nitra,231350,vydaty
2931,Tomas,Kucera,690102/6043,Senec,96076,slobodny
2932,Barbora,Cerna,795724/3968,Trnava,407290,vydaty
2933,Peter,Fabian,760702/5309,Svidnik,140282,slobodny
2934,Petra,Vargova,735212/2279,Humenne,624805,vydaty
2935,Ondrej,Bednar,990422/4221,Trencin,95003,slobodny
2936,Petra,Dvorakova,655110/9892,Trencin,341418,vydaty
2937,Filip,Kubik,660309/6594,Trnava,842210,slobodny
2938,Zuzana,Novakova,735611/4779,Kosice,501115,vydaty
2939,Ondrej,Predajniansky,960606/1805,Kosice,151082,slobodny
2940,Petra,Rusnakova,716102/3370,Humenne,697009,vydaty
2941,Jan,Novak,921221/9982,Zvolen,301739,slobodny
2942,Katerina,Predajnianska,535610/5211,Levice,893907,vydaty
2943,Filip,Rusnak,830921/7810,Presov,90460,slobodny
2944,Jana,Vargova,785128/5318,Tvrdosin,447026,vydaty
2945,Ondrej,Vesely,550225/5121,Nitra,442294,slobodny
2946,Veronika,Vargova,566008/7440,Trnava,512598,vydaty
2947,Filip,Dvorak,690821/9176,Levice,663697,slobodny
2948,Barbora,Urbanova,665820/2862,Martin,243109,vydaty
2949,Radoslav,Kucera,630602/9548,Poprad,139889,slobodny
2950,Katerina,Cerna,535106/7530,Bardejov,72818,vydaty
2951,Jan,Marko,551212/3499,Bardejov,582114,slobodny
2952,Ivana,Horvathova,715806/4367,Trencin,530820,vydaty
2953,Peter,Rusnak,920514/4179,Bardejov,75252,slobodny
2954,Simona,Urbanova,625710/8390,Senec,299723,vydaty
2955,Richard,Marko,800403/7957,Presov,613562,slobodny
2956,Veronika,Kucerova,915922/7466,Levice,73186,vydaty
2957,Jan,Fabian,581217/1946,Zvolen,131011,slobodny
2958,Jana,Horvathova,686108/5594,Poprad,112661,vydaty
2959,Martin,Dvorak,520405/6858,Nitra,261279,slobodny
2960,Simona,Simekova,995416/9769,Komarno,454636,vydaty
2961,Richard,Marko,910307/3326,Trencin,386966,slobodny
2962,Barbora,Fabianova,695624/2791,Bardejov,442479,vydaty
2963,Filip,Dvorak,820306/1715,Martin,508546,slobodny
2964,Barbora,Kucerova,765208/2257,Levice,506254,vydaty
2965,Martin,Predajniansky,521227/6339,Levice,875981,slobodny
2966,Zuzana,Horvathova,915320/2204,Tvrdosin,992781,vydaty
2967,Juraj,Varga,730207/6266,Poprad,100022,slobodny
2968,Barbora,Cerna,745915/4861,Levice,505599,vydaty
2969,Juraj,Rusnak,971116/4833,Zilina,53222,slobodny
2970,Simona,Novakova,755607/5104,Tvrdosin,700982,vydaty
2971,Juraj,Kucera,901120/9516,Komarno,646073,slobodny
2972,Zuzana,Kubikova,885908/9295,Trnava,678733,vydaty
2973,Ondrej,Fabian,880712/6852,Presov,547919,slobodny
2974,Katerina,Vargova,865124/3999,Humenne,31539,vydaty
2975,Juraj,Rusnak,840224/4440,Poprad,117147,slobodny
2976,Zuzana,Bednarova,965525/5854,Komarno,680211,vydaty
2977,Radoslav,Varga,560421/4934,Komarno,422567,slobodny
2978,Sandra,Predajnianska,515312/5181,Humenne,421382,vydaty
2979,Jan,Novak,610421/3905,Zilina,901422,slobodny
2980,Sandra,Cerna,755714/6114,Humenne,466414,vydaty
2981,Martin,Bednar,880203/2282,Senec,289297,slobodny
2982,Barbora,Muskova,716119/1475,Bardejov,335527,vydaty
2983,Filip,Kubik,840328/9499,Presov,175401,slobodny
2984,Barbora,Muskova,535101/5240,Zilina,520823,vydaty
2985,Jan,Muska,950416/1322,Senec,938201,slobodny
2986,Lucia,Predajnianska,876116/9941,Senec,513862,vydaty
2987,Radoslav,Cerny,711106/7259,Bratislava,977636,slobodny
2988,Jana,Dvorakova,515614/8602,Bardejov,547259,vydaty
2989,Martin,Kubik,670908/8723,Snina,677456,slobodny
2990,Simona,Fabianova,625302/6405,Bratislava,262251,vydaty
2991,Filip,Simek,520320/8613,Zvolen,690248,slobodny
2992,Simona,Cerna,846217/3486,Humenne,361207,vydaty
2993,Ondrej,Rusnak,780304/9182,Svidnik,287973,slobodny
2994,Lucia,Markova,855325/3901,Levice,737556,vydaty
2995,Ondrej,Novak,750211/5347,Komarno,543012,slobodny
2996,Katerina,Bednarova,725602/8285,Trencin,431899,vydaty
2997,Marek,Dvorak,930311/1182,Nitra,711578,slobodny
2998,Jana,Simekova,676114/5993,Trencin,295656,vydaty
2999,Tomas,Novak,530625/5909,Presov,430100,slobodny
3000,Petra,Vesela,665222/9943,Svidnik,115795,vydaty
3001,Richard,Novak,781024/3696,Senec,530882,slobodny
3002,Simona,Kucerova,515312/2830,Zilina,801956,vydaty
3003,Jan,Urban,870405/7989,Zilina,23825,slobodny
3004,Lucia,Cerna,806012/7495,Kosice,418476,vydaty
3005,Filip,Muska,680107/4284,Trencin,421737,slobodny
3006,Simona,Urbanova,885307/7075,Senec,390482,vydaty
3007,Richard,Fabian,750116/3901,Humenne,676391,slobodny
3008,Simona,Predajnianska,555621/4685,Komarno,521917,vydaty
3009,Peter,Predajniansky,620223/1792,Trnava,213210,slobodny
3010,Jana,Vargova,515419/7397,Nitra,12663,vydaty
3011,Radoslav,Fabian,661216/4350,Svidnik,561210,slobodny
3012,Zuzana,Simekova,645602/9452,Snina,883641,vydaty
3013,Marek,Varga,810101/2111,Humenne,160800,slobodny
3014,Sandra,Urbanova,956011/6497,Snina,967170,vydaty
3015,Peter,Dvorak,761128/1567,Senec,40361,slobodny
3016,Barbora,Rusnakova,785515/1734,Presov,489739,vydaty
3017,Radoslav,Fabian,931001/1257,Martin,952334,slobodny
3018,Zuzana,Novakova,906020/1315,Martin,205324,vydaty
3019,Radoslav,Varga,661011/3339,Svidnik,677886,slobodny
3020,Veronika,Predajnianska,586007/7422,Trencin,179295,vydaty
3021,Radoslav,Vesely,670106/2378,Zilina,721522,slobodny
3022,Barbora,Dvorakova,925803/6941,Zvolen,878535,vydaty
3023,Juraj,Horvath,580813/4580,Levice,241962,slobodny
3024,Veronika,Vesela,835907/9575,Snina,928076,vydaty
3025,Marek,Marko,650122/3697,Tvrdosin,550092,slobodny
3026,Petra,Vesela,965506/3715,Komarno,564590,vydaty
3027,Peter,Urban,580426/3769,Nitra,653208,slobodny
3028,Veronika,Vargova,665709/2264,Martin,642067,vydaty
3029,Tomas,Kucera,700505/6447,Martin,864704,slobodny
3030,Sandra,Predajnianska,605915/8792,Bratislava,611900,vydaty
3031,Tomas,Horvath,680613/6464,Kosice,718930,slobodny
3032,Sandra,Fabianova,825902/1982,Poprad,344605,vydaty
3033,Ondrej,Rusnak,620922/4993,Presov,221363,slobodny
3034,Katerina,Markova,895317/7610,Bardejov,388775,vydaty
3035,Juraj,Dvorak,690504/5110,Svidnik,729582,slobodny
3036,Petra,Muskova,535724/3657,Zvolen,779049,vydaty
3037,Richard,Rusnak,760410/1997,Presov,823550,slobodny
3038,Jana,Horvathova,696021/8490,Trencin,559857,vydaty
3039,Marek,Muska,780618/1203,Senec,891311,slobodny
3040,Ivana,Dvorakova,536222/3138,Trnava,739003,vydaty
3041,Filip,Marko,790817/3261,Poprad,572976,slobodny
3042,Zuzana,Bednarova,705620/6649,Komarno,739708,vydaty
3043,Radoslav,Vesely,931203/9597,Zilina,41389,slobodny
3044,Sandra,Dvorakova,525921/6962,Tvrdosin,999280,vydaty
3045,Jan,Vesely,740628/7848,Zilina,310424,slobodny
3046,Petra,Dvorakova,976126/5499,Bardejov,977770,vydaty
3047,Tomas,Vesely,690907/9851,Komarno,915949,slobodny
3048,Petra,Novakova,535523/6336,Levice,659347,vydaty
3049,Jan,Simek,870615/1295,Poprad,144856,slobodny
3050,Jana,Predajnianska,515519/7958,Zvolen,503793,vydaty
3051,Peter,Vesely,751027/6287,Svidnik,38364,slobodny
3052,Veronika,Bednarova,736214/1288,Komarno,149087,vydaty
3053,Ondrej,Novak,790212/5566,Presov,779952,slobodny
3054,Katerina,Simekova,775206/7034,Poprad,630816,vydaty
3055,Filip,Muska,760909/2493,Kosice,557067,slobodny
3056,Katerina,Kucerova,595808/9352,Tvrdosin,253404,vydaty
3057,Tomas,Simek,531102/1731,Komarno,566986,slobodny
3058,Jana,Bednarova,985502/5240,Tvrdosin,659332,vydaty
3059,Radoslav,Urban,640820/1141,Poprad,777422,slobodny
3060,Veronika,Muskova,905113/5763,Kosice,338033,vydaty
3061,Jan,Bednar,730521/2222,Bardejov,388908,slobodny
3062,Petra,Rusnakova,966024/8482,Komarno,780967,vydaty
3063,Richard,Muska,631008/4587,Bratislava,584992,slobodny
3064,Lucia,Horvathova,985314/3491,Bratislava,123795,vydaty
3065,Marek,Novak,740109/5583,Zilina,486716,slobodny
3066,Lucia,Markova,865913/5308,Poprad,140386,vydaty
3067,Richard,Horvath,690409/1576,Trencin,816055,slobodny
3068,Barbora,Rusnakova,985416/8385,Senec,421851,vydaty
3069,Peter,Marko,671218/8656,Zvolen,177065,slobodny
3070,Ivana,Bednarova,535602/8216,Poprad,505438,vydaty
3071,Marek,Varga,880121/3255,Presov,280551,slobodny
3072,Barbora,Vargova,766105/6619,Svidnik,933427,vydaty
3073,Ondrej,Marko,870724/6129,Trnava,377345,slobodny
3074,Lucia,Cerna,785405/5283,Poprad,829448,vydaty
3075,Ondrej,Simek,660413/3647,Levice,150591,slobodny
3076,Veronika,Novakova,935206/6919,Svidnik,263616,vydaty
3077,Radoslav,Varga,530526/5235,Martin,303955,slobodny
3078,Ivana,Cerna,935226/2056,Humenne,830458,vydaty
3079,Tomas,Vesely,950226/8119,Svidnik,765710,slobodny
3080,Petra,Fabianova,865225/5794,Zvolen,461488,vydaty
3081,Martin,Muska,521201/4699,Martin,409369,slobodny
3082,Simona,Kubikova,815713/8667,Martin,123835,vydaty
3083,Martin,Simek,520320/9590,Zvolen,190565,slobodny
3084,Sandra,Predajnianska,835805/1338,Nitra,658913,vydaty
3085,Marek,Rusnak,630114/9187,Zilina,803150,slobodny
3086,Jana,Bednarova,885508/5799,Bardejov,382439,vydaty
3087,Martin,Bednar,660828/8568,Bratislava,213981,slobodny
3088,Sandra,Fabianova,555520/1613,Zilina,698422,vydaty
3089,Ondrej,Kucera,911010/4187,Trnava,57306,slobodny
3090,Ivana,Simekova,535524/1421,Poprad,81585,vydaty
3091,Marek,Fabian,740528/2922,Bardejov,471465,slobodny
3092,Lucia,Vesela,795412/2400,Trencin,692858,vydaty
3093,Radoslav,Marko,980919/8075,Nitra,900408,slobodny
3094,Veronika,Vargova,515711/6829,Svidnik,577698,vydaty
3095,Martin,Novak,921223/8720,Trnava,470770,slobodny
3096,Zuzana,Vesela,906020/9131,Bratislava,671558,vydaty
3097,Peter,Vesely,531018/5013,Zilina,258088,slobodny
3098,Sandra,Rusnakova,755103/3907,Snina,221805,vydaty
3099,Radoslav,Fabian,800920/8900,Komarno,263823,slobodny
3100,Jana,Kucerova,765105/9839,Levice,562733,vydaty
3101,Filip,Horvath,891206/1743,Nitra,344890,slobodny
3102,Petra,Vargova,645118/7258,Kosice,839662,vydaty
3103,Peter,Simek,570416/8073,Zvolen,427436,slobodny
3104,Petra,Cerna,715615/5595,Senec,398221,vydaty
3105,Jan,Urban,850420/5110,Snina,545888,slobodny
3106,Sandra,Muskova,795225/2463,Komarno,331880,vydaty
3107,Richard,Kucera,750426/3979,Tvrdosin,207220,slobodny
3108,Ivana,Novakova,975427/2263,Humenne,93959,vydaty
3109,Radoslav,Simek,870716/5993,Trencin,459911,slobodny
3110,Sandra,Kucerova,785314/9407,Zilina,46186,vydaty
3111,Martin,Cerny,670726/2908,Bardejov,988079,slobodny
3112,Lucia,Predajnianska,575514/4339,Trnava,760992,vydaty
3113,Martin,Kucera,780710/8166,Senec,149749,slobodny
3114,Katerina,Vargova,656018/9534,Bratislava,874343,vydaty
3115,Marek,Dvorak,730126/5435,Bardejov,813694,slobodny
3116,Zuzana,Horvathova,775223/4591,Kosice,142356,vydaty
3117,Jan,Vesely,920308/2753,Trnava,718547,slobodny
3118,Lucia,Predajnianska,585816/1478,Humenne,714469,vydaty
3119,Ondrej,Horvath,630313/7641,Tvrdosin,328817,slobodny
3120,Petra,Markova,685728/6779,Tvrdosin,721360,vydaty
3121,Juraj,Kucera,851021/3740,Trencin,743356,slobodny
3122,Jana,Rusnakova,805117/9791,Presov,359602,vydaty
3123,Martin,Urban,900205/9833,Trnava,769439,slobodny
3124,Ivana,Dvorakova,795518/4363,Martin,298078,vydaty
3125,Radoslav,Vesely,520624/2875,Senec,219221,slobodny
3126,Petra,Bednarova,565828/3606,Kosice,141782,vydaty
3127,Peter,Horvath,750323/1435,Zilina,493573,slobodny
3128,Barbora,Markova,805515/9724,Zilina,330744,vydaty
3129,Martin,Kucera,630713/3397,Trnava,173012,slobodny
3130,Simona,Predajnianska,876118/9475,Svidnik,496599,vydaty
3131,Radoslav,Rusnak,691015/4525,Tvrdosin,826151,slobodny
3132,Zuzana,Markova,765324/6183,Nitra,43224,vydaty
3133,Juraj,Kucera,860120/2923,Martin,430492,slobodny
3134,Lucia,Novakova,705603/9776,Zilina,830739,vydaty
3135,Radoslav,Urban,521027/3850,Bratislava,868407,slobodny
3136,Barbora,Kubikova,815403/7093,Nitra,800440,vydaty
3137,Peter,Muska,700402/8146,Bratislava,929752,slobodny
3138,Zuzana,Vesela,845509/4629,Martin,459946,vydaty
3139,Radoslav,Kucera,941015/3027,Bardejov,275310,slobodny
3140,Petra,Kucerova,856223/8032,Svidnik,976445,vydaty
3141,Peter,Rusnak,881202/9664,Svidnik,225320,slobodny
3142,Zuzana,Bednarova,615924/9832,Zilina,90415,vydaty
3143,Radoslav,Varga,830305/9082,Zvolen,373699,slobodny
3144,Ivana,Markova,966210/2860,Tvrdosin,280609,vydaty
3145,Juraj,Novak,680201/6485,Zvolen,733013,slobodny
3146,Zuzana,Markova,595506/3188,Svidnik,521159,vydaty
3147,Tomas,Urban,760709/5439,Zvolen,895581,slobodny
3148,Veronika,Rusnakova,816126/4379,Poprad,198035,vydaty
3149,Tomas,Urban,941219/1896,Svidnik,160967,slobodny
3150,Lucia,Novakova,655608/4006,Snina,479175,vydaty
3151,Martin,Novak,680615/9436,Humenne,860986,slobodny
3152,Katerina,Fabianova,895827/1372,Tvrdosin,831255,vydaty
3153,Tomas,Rusnak,900209/4601,Bardejov,228382,slobodny
3154,Ivana,Kubikova,675324/4956,Snina,423364,vydaty
3155,Radoslav,Varga,631207/4123,Zvolen,19347,slobodny
3156,Zuzana,Predajnianska,785119/7218,Snina,532152,vydaty
3157,Martin,Muska,900108/3817,Trencin,151381,slobodny
3158,Simona,Vargova,905718/7601,Nitra,336496,vydaty
3159,Peter,Cerny,791108/3627,Zilina,330700,slobodny
3160,Petra,Vesela,766128/4253,Zvolen,657564,vydaty
3161,Richard,Marko,621203/4482,Humenne,655799,slobodny
3162,Ivana,Dvorakova,965401/7374,Bardejov,692367,vydaty
3163,Ondrej,Kucera,811125/3728,Svidnik,342836,slobodny
3164,Lucia,Simekova,985622/3494,Martin,292227,vydaty
3165,Radoslav,Fabian,530114/9441,Komarno,887250,slobodny
3166,Petra,Urbanova,755802/9769,Zvolen,417353,vydaty
3167,Filip,Rusnak,850412/5171,Zvolen,319362,slobodny
3168,Veronika,Urbanova,586217/6950,Snina,203026,vydaty
3169,Ondrej,Marko,971027/9058,Levice,696723,slobodny
3170,Simona,Fabianova,965314/9847,Trencin,925660,vydaty
3171,Jan,Horvath,961207/9445,Trnava,420158,slobodny
3172,Petra,Vesela,725118/5601,Humenne,30532,vydaty
3173,Juraj,Horvath,920925/3013,Nitra,109591,slobodny
3174,Zuzana,Predajnianska,885715/1045,Svidnik,970283,vydaty
3175,Radoslav,Simek,790211/3483,Poprad,558658,slobodny
3176,Jana,Markova,605927/8083,Levice,236269,vydaty
3177,Richard,Horvath,940620/4905,Senec,912914,slobodny
3178,Petra,Vesela,965815/3124,Zilina,423952,vydaty
3179,Jan,Novak,930716/1802,Bardejov,230152,slobodny
3180,Katerina,Markova,885721/9867,Trnava,857172,vydaty
3181,Radoslav,Horvath,540908/1786,Tvrdosin,605689,slobodny
3182,Lucia,Urbanova,985214/4242,Humenne,749585,vydaty
3183,Juraj,Kubik,890103/6256,Bratislava,756905,slobodny
3184,Barbora,Simekova,516016/9984,Tvrdosin,549779,vydaty
3185,Martin,Dvorak,771118/1923,Snina,928381,slobodny
3186,Lucia,Kucerova,666123/8252,Nitra,785991,vydaty
3187,Radoslav,Kubik,851105/3366,Trnava,528061,slobodny
3188,Simona,Novakova,565108/5852,Svidnik,286286,vydaty
3189,Richard,Varga,680708/6246,Zvolen,479221,slobodny
3190,Lucia,Bednarova,815610/8504,Tvrdosin,973907,vydaty
3191,Jan,Marko,590810/2980,Komarno,710743,slobodny
3192,Ivana,Simekova,675117/3517,Senec,284819,vydaty
3193,Filip,Novak,830103/3186,Tvrdosin,464750,slobodny
3194,Barbora,Horvathova,616101/7429,Levice,264243,vydaty
3195,Juraj,Predajniansky,670719/4103,Tvrdosin,820819,slobodny
3196,Simona,Vargova,566128/8133,Snina,379083,vydaty
3197,Tomas,Horvath,650205/3847,Tvrdosin,931415,slobodny
3198,Sandra,Fabianova,855903/3671,Svidnik,453647,vydaty
3199,Peter,Simek,971024/9366,Snina,310447,slobodny
3200,Lucia,Vesela,885527/4601,Komarno,834221,vydaty
3201,Marek,Kubik,990704/7337,Presov,775649,slobodny
3202,Barbora,Simekova,865917/9810,Nitra,809418,vydaty
3203,Richard,Fabian,521106/8883,Levice,361458,slobodny
3204,Sandra,Novakova,955624/1129,Bardejov,673195,vydaty
3205,Peter,Bednar,751015/1075,Poprad,276833,slobodny
3206,Jana,Rusnakova,706022/4061,Bardejov,391960,vydaty
3207,Martin,Vesely,720607/2153,Zilina,553537,slobodny
3208,Petra,Simekova,756206/8718,Bardejov,915700,vydaty
3209,Jan,Predajniansky,590528/8253,Levice,323656,slobodny
3210,Zuzana,Novakova,595504/1914,Levice,582741,vydaty
3211,Martin,Simek,590221/5581,Nitra,365579,slobodny
3212,Jana,Urbanova,765727/2204,Trnava,152786,vydaty
3213,Richard,Muska,880303/4767,Senec,893300,slobodny
3214,Ivana,Fabianova,936102/9930,Trencin,810426,vydaty
3215,Filip,Bednar,770726/8856,Svidnik,770904,slobodny
3216,Lucia,Kucerova,745616/8012,Snina,874307,vydaty
3217,Jan,Urban,961120/7304,Svidnik,808092,slobodny
3218,Lucia,Kubikova,906101/2207,Bratislava,978188,vydaty
3219,Ondrej,Cerny,830312/4016,Kosice,991130,slobodny
3220,Petra,Simekova,645926/7920,Zvolen,902384,vydaty
3221,Ondrej,Predajniansky,880104/1482,Poprad,501318,slobodny
3222,Katerina,Urbanova,565312/2896,Senec,373039,vydaty
3223,Tomas,Kubik,651125/7247,Svidnik,148924,slobodny
3224,Zuzana,Bednarova,995727/4993,Zilina,670785,vydaty
3225,Jan,Predajniansky,840628/1364,Bratislava,484671,slobodny
3226,Zuzana,Vargova,525924/8197,Trencin,200967,vydaty
3227,Radoslav,Dvorak,680715/3439,Zilina,852055,slobodny
3228,Barbora,Markova,686227/5121,Bratislava,836331,vydaty
3229,Filip,Predajniansky,860104/7293,Zvolen,108118,slobodny
3230,Lucia,Predajnianska,535808/4248,Snina,73473,vydaty
3231,Radoslav,Cerny,621120/2751,Tvrdosin,684618,slobodny
3232,Barbora,Simekova,536208/6504,Snina,972983,vydaty
3233,Filip,Predajniansky,600217/9300,Humenne,933686,slobodny
3234,Sandra,Bednarova,985404/9732,Levice,258190,vydaty
3235,Juraj,Cerny,631201/9163,Snina,237349,slobodny
3236,Veronika,Muskova,655515/5523,Levice,198365,vydaty
3237,Ondrej,Varga,670814/3273,Senec,751799,slobodny
3238,Sandra,Dvorakova,795606/9836,Bratislava,842832,vydaty
3239,Tomas,Marko,960428/1076,Presov,498329,slobodny
3240,Veronika,Kubikova,565106/3929,Senec,17496,vydaty
3241,Radoslav,Marko,830714/2966,Nitra,254232,slobodny
3242,Veronika,Kucerova,835603/8596,Levice,664085,vydaty
3243,Martin,Cerny,770301/5873,Komarno,687128,slobodny
3244,Jana,Markova,585506/8679,Snina,29338,vydaty
3245,Peter,Kubik,670322/8842,Trnava,178439,slobodny
3246,Katerina,Urbanova,785219/3665,Svidnik,999980,vydaty
3247,Peter,Kubik,510704/4116,Bardejov,530323,slobodny
3248,Simona,Rusnakova,516102/4300,Levice,460282,vydaty
3249,Richard,Marko,770503/7796,Poprad,672520,slobodny
3250,Zuzana,Vesela,646012/8073,Kosice,782171,vydaty
3251,Jan,Muska,740811/5876,Levice,50947,slobodny
3252,Veronika,Vargova,995810/4133,Senec,591190,vydaty
3253,Ondrej,Predajniansky,940827/6594,Senec,502375,slobodny
3254,Veronika,Kucerova,965801/8186,Zilina,130060,vydaty
3255,Tomas,Kubik,690802/1722,Komarno,828102,slobodny
3256,Sandra,Vargova,705321/4379,Martin,961465,vydaty
3257,Juraj,Varga,860419/9881,Senec,379276,slobodny
3258,Jana,Simekova,535720/4635,Senec,641545,vydaty
3259,Tomas,Bednar,690416/2828,Trencin,882807,slobodny
3260,Simona,Rusnakova,835105/3389,Presov,58434,vydaty
3261,Martin,Kubik,850221/2305,Nitra,942272,slobodny
3262,Ivana,Rusnakova,805921/2932,Zvolen,57401,vydaty
3263,Radoslav,Varga,521217/4183,Senec,899002,slobodny
3264,Petra,Cerna,735213/6915,Komarno,105235,vydaty
3265,Peter,Kubik,941115/4408,Martin,113912,slobodny
3266,Sandra,Vesela,575507/7320,Poprad,391863,vydaty
3267,Marek,Fabian,900703/5048,Bardejov,476677,slobodny
3268,Lucia,Cerna,525408/9267,Nitra,869425,vydaty
3269,Jan,Fabian,570615/1855,Svidnik,65875,slobodny
3270,Veronika,Dvorakova,656015/3921,Snina,505955,vydaty
3271,Marek,Cerny,530619/4348,Snina,729498,slobodny
3272,Jana,Vesela,826024/4815,Zilina,420154,vydaty
3273,Juraj,Kucera,791004/5806,Humenne,400861,slobodny
3274,Lucia,Bednarova,925209/7812,Nitra,226963,vydaty
3275,Richard,Cerny,930716/1671,Tvrdosin,251306,slobodny
3276,Simona,Vesela,615420/3435,Trencin,809182,vydaty
3277,Richard,Predajniansky,830316/8611,Martin,906047,slobodny
3278,Barbora,Bednarova,695803/9906,Trencin,378772,vydaty
3279,Filip,Varga,890324/9263,Martin,623788,slobodny
3280,Katerina,Dvorakova,575818/9831,Kosice,22335,vydaty
3281,Filip,Dvorak,940404/7659,Komarno,838168,slobodny
3282,Sandra,Urbanova,955119/2588,Humenne,829707,vydaty
3283,Ondrej,Simek,561221/8483,Kosice,10271,slobodny
3284,Zuzana,Novakova,615417/7077,Komarno,327070,vydaty
3285,Ondrej,Kucera,840625/4905,Senec,213152,slobodny
3286,Petra,Kucerova,805622/5374,Kosice,298362,vydaty
3287,Ondrej,Varga,980810/8982,Trencin,656089,slobodny
3288,Barbora,Vargova,835914/1775,Poprad,699007,vydaty
3289,Juraj,Bednar,820211/9119,Nitra,84926,slobodny
3290,Simona,Urbanova,775304/2648,Zvolen,849014,vydaty
3291,Martin,Vesely,510116/6688,Nitra,32436,slobodny
3292,Lucia,Dvorakova,655713/2321,Martin,525822,vydaty
3293,Radoslav,Predajniansky,861228/2418,Nitra,195266,slobodny
3294,Katerina,Dvorakova,706009/9566,Nitra,882535,vydaty
3295,Ondrej,Vesely,900125/8521,Levice,978242,slobodny
3296,Lucia,Bednarova,765620/9068,Nitra,748410,vydaty
3297,Ondrej,Horvath,570605/8932,Senec,565404,slobodny
3298,Ivana,Predajnianska,985422/5158,Kosice,168769,vydaty
3299,Juraj,Urban,760822/5731,Nitra,674389,slobodny
3300,Jana,Predajnianska,586025/4054,Senec,505369,vydaty
3301,Juraj,Marko,530301/5859,Nitra,39235,slobodny
3302,Jana,Novakova,535924/9533,Zilina,796247,vydaty
3303,Peter,Bednar,711228/2013,Senec,562346,slobodny
3304,Lucia,Kubikova,565705/1563,Kosice,859752,vydaty
3305,Marek,Muska,670425/6477,Presov,157956,slobodny
3306,Katerina,Bednarova,735608/9311,Zvolen,436044,vydaty
3307,Richard,Vesely,750528/2648,Trencin,897646,slobodny
3308,Katerina,Muskova,875327/9041,Tvrdosin,668945,vydaty
3309,Radoslav,Muska,610324/9547,Presov,849021,slobodny
3310,Katerina,Vargova,785822/4949,Kosice,178224,vydaty
3311,Peter,Bednar,680628/1107,Levice,407517,slobodny
3312,Barbora,Rusnakova,525213/5782,Zilina,476716,vydaty
3313,Marek,Urban,900504/7331,Martin,937480,slobodny
3314,Zuzana,Urbanova,685320/4464,Bardejov,324535,vydaty
3315,Jan,Bednar,660610/7132,Levice,198844,slobodny
3316,Simona,Novakova,515827/8430,Nitra,321565,vydaty
3317,Tomas,Rusnak,750624/2748,Zvolen,855924,slobodny
3318,Petra,Bednarova,875412/3903,Levice,604361,vydaty
3319,Filip,Rusnak,650912/5150,Tvrdosin,218863,slobodny
3320,Sandra,Markova,625319/1326,Kosice,585466,vydaty
3321,Juraj,Kucera,821009/2932,Humenne,70571,slobodny
3322,Katerina,Vargova,955624/7019,Snina,685065,vydaty
3323,Tomas,Fabian,660319/9710,Poprad,330812,slobodny
3324,Zuzana,Kucerova,835411/6246,Zvolen,821439,vydaty
3325,Marek,Fabian,540611/4217,Trnava,765501,slobodny
3326,Petra,Bednarova,845802/6114,Zilina,764161,vydaty
3327,Richard,Simek,630511/8861,Zvolen,715102,slobodny
3328,Sandra,Kucerova,955308/6906,Svidnik,568386,vydaty
3329,Filip,Urban,830726/1291,Poprad,236040,slobodny
3330,Veronika,Vargova,585512/8215,Poprad,786254,vydaty
3331,Jan,Horvath,891008/8804,Nitra,372298,slobodny
3332,Veronika,Predajnianska,925212/3039,Bratislava,890576,vydaty
3333,Jan,Horvath,790615/9165,Tvrdosin,42027,slobodny
3334,Lucia,Bednarova,965421/7318,Humenne,191088,vydaty
3335,Radoslav,Varga,560124/3505,Martin,307680,slobodny
3336,Lucia,Kucerova,766028/4937,Levice,791786,vydaty
3337,Martin,Kucera,650621/8468,Levice,720671,slobodny
3338,Simona,Muskova,676002/7766,Zvolen,703893,vydaty
3339,Marek,Simek,680517/6478,Trencin,348010,slobodny
3340,Simona,Dvorakova,576118/6961,Bratislava,298483,vydaty
3341,Jan,Horvath,811210/9222,Poprad,605694,slobodny
3342,Petra,Rusnakova,795317/9590,Senec,740316,vydaty
3343,Filip,Marko,990708/4739,Svidnik,617823,slobodny
3344,Sandra,Cerna,616227/7657,Snina,482119,vydaty
3345,Martin,Muska,961127/3118,Svidnik,106741,slobodny
3346,Sandra,Kucerova,855914/4332,Trnava,490910,vydaty
3347,Jan,Kubik,580603/5136,Bardejov,905681,slobodny
3348,Katerina,Dvorakova,526014/7453,Komarno,307008,vydaty
3349,Tomas,Dvorak,550207/4266,Senec,321398,slobodny
3350,Barbora,Kubikova,865901/5541,Svidnik,324661,vydaty
3351,Juraj,Muska,581020/5677,Levice,651280,slobodny
3352,Zuzana,Fabianova,975721/6230,Nitra,805710,vydaty
3353,Ondrej,Predajniansky,840816/1213,Martin,269754,slobodny
3354,Jana,Cerna,855817/9388,Nitra,925871,vydaty
3355,Ondrej,Varga,870328/8599,Senec,901531,slobodny
3356,Simona,Predajnianska,776106/6753,Trnava,270939,vydaty
3357,Marek,Horvath,750623/7248,Zvolen,551388,slobodny
3358,Barbora,Cerna,606226/4659,Nitra,274433,vydaty
3359,Ondrej,Dvorak,800814/5926,Trencin,526561,slobodny
3360,Ivana,Kubikova,575703/1458,Humenne,859736,vydaty
3361,Jan,Muska,790728/2125,Levice,76805,slobodny
3362,Simona,Muskova,685328/1068,Kosice,774040,vydaty
3363,Filip,Marko,760121/9550,Zvolen,971623,slobodny
3364,Ivana,Dvorakova,575425/1654,Nitra,84673,vydaty
3365,Martin,Urban,590805/2136,Trencin,371348,slobodny
3366,Barbora,Horvathova,665619/5229,Humenne,687965,vydaty
3367,Filip,Rusnak,601227/7751,Snina,207267,slobodny
3368,Katerina,Novakova,525106/4192,Zilina,347707,vydaty
3369,Filip,Marko,810207/1794,Poprad,797769,slobodny
3370,Simona,Muskova,755717/2873,Zilina,714139,vydaty
3371,Marek,Rusnak,660626/3339,Bardejov,668010,slobodny
3372,Petra,Vargova,965622/1448,Levice,95203,vydaty
3373,Richard,Vesely,891223/6731,Zilina,633362,slobodny
3374,Zuzana,Predajnianska,705524/3131,Zilina,937155,vydaty
3375,Radoslav,Horvath,900709/4222,Presov,549055,slobodny
3376,Simona,Novakova,975620/9823,Zvolen,393257,vydaty
3377,Martin,Predajniansky,791223/6252,Levice,188131,slobodny
3378,Sandra,Horvathova,865119/7772,Senec,55591,vydaty
3379,Richard,Kubik,791209/7877,Zvolen,746130,slobodny
3380,Ivana,Vesela,705421/6294,Poprad,650288,vydaty
3381,Filip,Kubik,750417/1683,Svidnik,423994,slobodny
3382,Veronika,Horvathova,735220/8481,Trnava,13074,vydaty
3383,Radoslav,Fabian,901227/5372,Snina,844048,slobodny
3384,Ivana,Kucerova,725310/4720,Nitra,643351,vydaty
3385,Martin,Simek,580524/1197,Snina,601128,slobodny
3386,Ivana,Predajnianska,675812/4028,Snina,578017,vydaty
3387,Ondrej,Cerny,700718/2684,Bardejov,192466,slobodny
3388,Jana,Horvathova,975407/5864,Trencin,613591,vydaty
3389,Tomas,Muska,790223/9805,Svidnik,353374,slobodny
3390,Petra,Markova,546125/5098,Kosice,755619,vydaty
3391,Filip,Kubik,650704/2765,Senec,137669,slobodny
3392,Lucia,Urbanova,645210/4360,Humenne,83779,vydaty
3393,Richard,Kubik,780910/6809,Presov,827538,slobodny
3394,Barbora,Vesela,905421/9529,Snina,336812,vydaty
3395,Martin,Bednar,510601/3678,Svidnik,823238,slobodny
3396,Veronika,Vesela,625103/6810,Kosice,280369,vydaty
3397,Marek,Kucera,860806/1569,Senec,588704,slobodny
3398,Zuzana,Novakova,976119/8381,Nitra,29238,vydaty
3399,Ondrej,Predajniansky,851227/3941,Nitra,150065,slobodny
3400,Petra,Vesela,855705/1144,Humenne,296111,vydaty
3401,Filip,Vesely,660613/8283,Kosice,40968,slobodny
3402,Ivana,Fabianova,825414/2893,Trnava,178565,vydaty
3403,Ondrej,Cerny,910103/2773,Zilina,487484,slobodny
3404,Sandra,Vesela,586105/2112,Nitra,641838,vydaty
3405,Ondrej,Kucera,660902/3986,Martin,705762,slobodny
3406,Simona,Muskova,855301/3541,Levice,417921,vydaty
3407,Richard,Dvorak,870503/1003,Kosice,630037,slobodny
3408,Zuzana,Novakova,805728/7034,Komarno,74856,vydaty
3409,Juraj,Novak,711120/1347,Snina,990845,slobodny
3410,Veronika,Markova,785216/3729,Tvrdosin,980041,vydaty
3411,Juraj,Simek,731105/9129,Poprad,280939,slobodny
3412,Katerina,Kubikova,536009/2091,Nitra,17632,vydaty
3413,Radoslav,Predajniansky,980615/2893,Tvrdosin,901216,slobodny
3414,Lucia,Horvathova,975514/5492,Trencin,522292,vydaty
3415,Peter,Rusnak,551111/2741,Levice,587546,slobodny
3416,Katerina,Rusnakova,715926/1552,Svidnik,658491,vydaty
3417,Martin,Marko,641110/2165,Presov,251147,slobodny
3418,Barbora,Vargova,905403/8017,Humenne,606976,vydaty
3419,Juraj,Varga,780927/1294,Humenne,692198,slobodny
3420,Petra,Bednarova,865307/2929,Zilina,280549,vydaty
3421,Jan,Fabian,560817/9811,Kosice,602476,slobodny
3422,Jana,Simekova,855114/5986,Nitra,245339,vydaty
3423,Filip,Urban,850815/2273,Zvolen,590008,slobodny
3424,Sandra,Predajnianska,625503/6929,Poprad,760523,vydaty
3425,Juraj,Rusnak,920623/5631,Presov,480503,slobodny
3426,Ivana,Markova,875409/9869,Trencin,596396,vydaty
3427,Juraj,Urban,820712/2164,Tvrdosin,43975,slobodny
3428,Petra,Cerna,855922/6655,Nitra,685943,vydaty
3429,Tomas,Urban,560621/1668,Presov,964408,slobodny
3430,Petra,Urbanova,806104/3019,Senec,567057,vydaty
3431,Peter,Dvorak,941211/5839,Zilina,435531,slobodny
3432,Zuzana,Predajnianska,995819/8570,Presov,761183,vydaty
3433,Filip,Kubik,770308/6039,Bardejov,260404,slobodny
3434,Simona,Kubikova,525818/3831,Tvrdosin,133502,vydaty
3435,Marek,Kucera,621122/3078,Tvrdosin,460933,slobodny
3436,Jana,Fabianova,595716/1746,Bardejov,95179,vydaty
3437,Juraj,Predajniansky,981019/6217,Svidnik,842283,slobodny
3438,Simona,Bednarova,535608/7468,Snina,864484,vydaty
3439,Ondrej,Bednar,680411/5206,Presov,677978,slobodny
3440,Sandra,Horvathova,606013/4495,Presov,565103,vydaty
3441,Juraj,Rusnak,811013/3453,Humenne,713042,slobodny
3442,Ivana,Kucerova,586105/3579,Komarno,35162,vydaty
3443,Richard,Marko,910102/2045,Humenne,932102,slobodny
3444,Simona,Bednarova,626119/1213,Bratislava,186371,vydaty
3445,Radoslav,Horvath,711101/3526,Tvrdosin,639339,slobodny
3446,Ivana,Cerna,795822/6078,Kosice,465811,vydaty
3447,Richard,Kucera,920201/4693,Svidnik,377586,slobodny
3448,Simona,Muskova,985316/7525,Komarno,968631,vydaty
3449,Radoslav,Kubik,660120/6758,Trnava,377343,slobodny
3450,Zuzana,Predajnianska,705907/4552,Martin,679393,vydaty
3451,Juraj,Novak,930712/4630,Presov,382879,slobodny
3452,Veronika,Muskova,545520/8124,Bratislava,935133,vydaty
3453,Martin,Marko,851202/7239,Humenne,567288,slobodny
3454,Zuzana,Bednarova,595207/2795,Trencin,156206,vydaty
3455,Ondrej,Dvorak,921121/4963,Presov,491501,slobodny
3456,Simona,Vargova,686016/1040,Trnava,801311,vydaty
3457,Martin,Muska,770109/5686,Kosice,42169,slobodny
3458,Sandra,Novakova,586124/3988,Poprad,945647,vydaty
3459,Peter,Dvorak,790305/8051,Humenne,715172,slobodny
3460,Petra,Cerna,755924/3266,Bardejov,640310,vydaty
3461,Radoslav,Kubik,870525/1557,Trencin,234795,slobodny
3462,Petra,Bednarova,685612/6261,Trencin,249637,vydaty
3463,Martin,Predajniansky,640122/6065,Svidnik,599231,slobodny
3464,Veronika,Cerna,755711/8911,Svidnik,606630,vydaty
3465,Richard,Varga,891106/5374,Senec,836018,slobodny
3466,Katerina,Urbanova,945414/7044,Tvrdosin,446138,vydaty
3467,Radoslav,Rusnak,870504/2702,Martin,713162,slobodny
3468,Zuzana,Vargova,775616/4351,Bratislava,805488,vydaty
3469,Ondrej,Horvath,901020/5206,Komarno,713704,slobodny
3470,Sandra,Simekova,756205/3541,Tvrdosin,93528,vydaty
3471,Tomas,Varga,850616/9925,Trencin,948494,slobodny
3472,Simona,Markova,755325/3580,Zilina,116275,vydaty
3473,Marek,Predajniansky,891213/1685,Trnava,988254,slobodny
3474,Ivana,Muskova,705317/2088,Bardejov,474158,vydaty
3475,Peter,Varga,970827/4218,Nitra,776830,slobodny
3476,Katerina,Predajnianska,546101/7730,Bardejov,852289,vydaty
3477,Juraj,Simek,710920/5081,Levice,692816,slobodny
3478,Lucia,Vargova,695727/6394,Svidnik,654477,vydaty
3479,Tomas,Bednar,780911/4374,Bratislava,508518,slobodny
3480,Simona,Muskova,675315/3383,Trnava,964634,vydaty
3481,Richard,Fabian,671128/5884,Trnava,473134,slobodny
3482,Lucia,Vargova,525520/5848,Levice,818298,vydaty
3483,Peter,Bednar,551027/3661,Humenne,539772,slobodny
3484,Zuzana,Vesela,636227/1435,Kosice,17345,vydaty
3485,Radoslav,Marko,971118/7252,Bardejov,443110,slobodny
3486,Lucia,Kucerova,556020/5752,Trencin,438024,vydaty
3487,Tomas,Horvath,690522/8861,Senec,826997,slobodny
3488,Simona,Vargova,635512/7583,Presov,629708,vydaty
3489,Radoslav,Urban,840415/8720,Snina,443658,slobodny
3490,Ivana,Vesela,795809/2609,Zilina,757699,vydaty
3491,Marek,Kubik,520120/6482,Levice,568365,slobodny
3492,Jana,Rusnakova,765204/2488,Trencin,129090,vydaty
3493,Ondrej,Kucera,810203/3944,Kosice,911605,slobodny
3494,Jana,Dvorakova,726106/6363,Svidnik,902766,vydaty
3495,Martin,Rusnak,971114/5698,Bratislava,22540,slobodny
3496,Simona,Fabianova,716109/4332,Trencin,121845,vydaty
3497,Ondrej,Cerny,850315/3792,Presov,122461,slobodny
3498,Ivana,Kucerova,896011/6041,Senec,987798,vydaty
3499,Peter,Predajniansky,840607/4580,Bardejov,414756,slobodny
3500,Simona,Bednarova,735621/2781,Zilina,640706,vydaty
3501,Marek,Dvorak,600413/4629,Tvrdosin,892391,slobodny
3502,Sandra,Novakova,735226/7477,Snina,66559,vydaty
3503,Tomas,Vesely,510625/1347,Poprad,773836,slobodny
3504,Sandra,Markova,956222/8887,Humenne,25048,vydaty
3505,Filip,Urban,731103/1153,Nitra,142295,slobodny
3506,Katerina,Cerna,855607/9231,Svidnik,401524,vydaty
3507,Tomas,Varga,940623/9084,Humenne,939564,slobodny
3508,Jana,Markova,685412/8648,Nitra,967690,vydaty
3509,Ondrej,Cerny,990301/7835,Senec,941525,slobodny
3510,Zuzana,Vargova,945328/3320,Snina,614043,vydaty
3511,Tomas,Marko,671116/9303,Senec,912208,slobodny
3512,Katerina,Novakova,935210/6207,Senec,449379,vydaty
3513,Juraj,Dvorak,691008/7125,Senec,957218,slobodny
3514,Petra,Markova,576023/5608,Svidnik,488625,vydaty
3515,Martin,Horvath,670403/3343,Nitra,964974,slobodny
3516,Barbora,Rusnakova,576025/6929,Trnava,255895,vydaty
3517,Marek,Novak,670514/6141,Nitra,724599,slobodny
3518,Veronika,Kubikova,615426/4850,Poprad,278527,vydaty
3519,Jan,Fabian,680704/4398,Zvolen,363421,slobodny
3520,Veronika,Horvathova,615327/8793,Trnava,202275,vydaty
3521,Marek,Fabian,740519/8277,Tvrdosin,417329,slobodny
3522,Veronika,Vesela,945802/1112,Svidnik,928820,vydaty
3523,Juraj,Marko,960914/8426,Poprad,808967,slobodny
3524,Katerina,Fabianova,995927/1735,Humenne,108424,vydaty
3525,Martin,Varga,710217/6642,Zvolen,613346,slobodny
3526,Zuzana,Rusnakova,555221/6907,Kosice,600744,vydaty
3527,Juraj,Varga,971223/1524,Zvolen,665000,slobodny
3528,Petra,Horvathova,555806/3101,Levice,599418,vydaty
3529,Peter,Vesely,790701/4562,Bratislava,302822,slobodny
3530,Lucia,Muskova,515425/2858,Trnava,864171,vydaty
3531,Radoslav,Fabian,630405/9008,Presov,332765,slobodny
3532,Jana,Kucerova,915309/4059,Bardejov,107262,vydaty
3533,Radoslav,Kubik,850125/1483,Poprad,323975,slobodny
3534,Lucia,Predajnianska,865505/4013,Nitra,847183,vydaty
3535,Ondrej,Cerny,770114/3446,Svidnik,558632,slobodny
3536,Zuzana,Muskova,945416/3289,Martin,203916,vydaty
3537,Radoslav,Muska,760117/2932,Martin,61523,slobodny
3538,Lucia,Muskova,546007/7930,Poprad,665363,vydaty
3539,Marek,Simek,611016/8425,Senec,83579,slobodny
3540,Simona,Urbanova,645508/4298,Senec,481593,vydaty
3541,Richard,Urban,791020/9862,Komarno,127215,slobodny
3542,Barbora,Vesela,845307/7977,Snina,917822,vydaty
3543,Peter,Simek,971108/7182,Komarno,70703,slobodny
3544,Zuzana,Cerna,815301/5432,Komarno,653832,vydaty
3545,Peter,Horvath,590920/2747,Kosice,460378,slobodny
3546,Katerina,Rusnakova,705317/6314,Martin,947120,vydaty
3547,Martin,Rusnak,731015/3687,Trencin,221102,slobodny
3548,Veronika,Kucerova,985201/9936,Kosice,617316,vydaty
3549,Ondrej,Bednar,660816/9481,Poprad,113868,slobodny
3550,Simona,Muskova,795407/4866,Snina,480975,vydaty
3551,Radoslav,Vesely,520115/2363,Poprad,240975,slobodny
3552,Barbora,Kubikova,825625/4155,Trnava,433485,vydaty
3553,Marek,Muska,721221/9882,Martin,688817,slobodny
3554,Jana,Cerna,935811/4608,Kosice,846258,vydaty
3555,Peter,Varga,810614/1988,Trencin,206523,slobodny
3556,Zuzana,Kucerova,695225/9479,Levice,48920,vydaty
3557,Jan,Muska,700611/8681,Humenne,525248,slobodny
3558,Katerina,Novakova,985806/9129,Trencin,378269,vydaty
3559,Tomas,Cerny,530302/1169,Poprad,808059,slobodny
3560,Barbora,Simekova,525815/2526,Kosice,164802,vydaty
3561,Ondrej,Bednar,990115/8571,Poprad,341702,slobodny
3562,Zuzana,Predajnianska,715301/6026,Tvrdosin,546514,vydaty
3563,Martin,Bednar,530219/8996,Snina,583574,slobodny
3564,Jana,Rusnakova,925620/8279,Levice,266928,vydaty
3565,Juraj,Urban,911208/3017,Snina,361497,slobodny
3566,Jana,Novakova,576220/9145,Presov,757194,vydaty
3567,Peter,Vesely,540904/1827,Komarno,327364,slobodny
3568,Sandra,Markova,835121/6842,Svidnik,917494,vydaty
3569,Marek,Muska,600301/1939,Senec,625383,slobodny
3570,Jana,Fabianova,715510/8427,Senec,439798,vydaty
3571,Peter,Bednar,800914/3729,Trencin,448726,slobodny
3572,Jana,Cerna,655412/7089,Trencin,732525,vydaty
3573,Peter,Kucera,670923/6929,Komarno,881034,slobodny
3574,Katerina,Fabianova,645902/2986,Senec,902952,vydaty
3575,Juraj,Rusnak,690201/7465,Levice,498924,slobodny
3576,Barbora,Urbanova,566120/2642,Nitra,927588,vydaty
3577,Tomas,Simek,510402/8018,Humenne,907233,slobodny
3578,Barbora,Kucerova,525803/2048,Zilina,427123,vydaty
3579,Filip,Simek,990504/4256,Komarno,178117,slobodny
3580,Zuzana,Novakova,765120/5962,Bardejov,133657,vydaty
3581,Tomas,Simek,671203/3909,Martin,651951,slobodny
3582,Lucia,Markova,806214/5973,Komarno,541061,vydaty
3583,Tomas,Fabian,730920/9443,Humenne,791248,slobodny
3584,Zuzana,Vesela,615716/8817,Komarno,277128,vydaty
3585,Jan,Horvath,760807/2960,Kosice,205119,slobodny
3586,Barbora,Muskova,845918/1351,Humenne,25972,vydaty
3587,Filip,Muska,940425/4325,Trencin,420088,slobodny
3588,Ivana,Vesela,845904/8664,Presov,709487,vydaty
3589,Ondrej,Rusnak,920102/8009,Trencin,196043,slobodny
3590,Ivana,Novakova,535903/4493,Kosice,201102,vydaty
3591,Jan,Vesely,711127/6762,Svidnik,703524,slobodny
3592,Petra,Markova,915309/9919,Senec,56597,vydaty
3593,Juraj,Novak,811007/5422,Zilina,652963,slobodny
3594,Zuzana,Rusnakova,645627/2447,Humenne,47779,vydaty
3595,Jan,Muska,921006/2678,Martin,209006,slobodny
3596,Lucia,Novakova,525106/7899,Zilina,788196,vydaty
3597,Jan,Kucera,800419/4942,Nitra,916709,slobodny
3598,Lucia,Kucerova,636216/7567,Senec,595459,vydaty
3599,Ondrej,Varga,770118/1528,Zvolen,353342,slobodny
3600,Jana,Rusnakova,766207/2682,Zilina,803570,vydaty
3601,Juraj,Horvath,831213/9781,Levice,84360,slobodny
3602,Veronika,Bednarova,756021/8172,Trnava,685224,vydaty
3603,Ondrej,Cerny,831024/9890,Nitra,351642,slobodny
3604,Sandra,Horvathova,575225/6219,Snina,72042,vydaty
3605,Martin,Cerny,930527/2205,Trencin,447159,slobodny
3606,Lucia,Kubikova,936208/7778,Zvolen,687183,vydaty
3607,Tomas,Simek,731205/3314,Nitra,41444,slobodny
3608,Petra,Predajnianska,625706/2803,Presov,198845,vydaty
3609,Peter,Fabian,881114/7338,Trnava,674846,slobodny
3610,Petra,Bednarova,985116/8163,Zvolen,755784,vydaty
3611,Tomas,Urban,860416/5394,Bratislava,711534,slobodny
3612,Veronika,Simekova,926221/7992,Senec,539108,vydaty
3613,Ondrej,Kubik,600426/9820,Presov,389793,slobodny
3614,Jana,Markova,995713/4994,Humenne,621502,vydaty
3615,Jan,Simek,610128/4198,Poprad,383391,slobodny
3616,Lucia,Dvorakova,876023/8553,Svidnik,458761,vydaty
3617,Filip,Rusnak,600810/3922,Snina,356625,slobodny
3618,Zuzana,Dvorakova,755318/3922,Bardejov,157273,vydaty
3619,Peter,Dvorak,980915/1684,Zvolen,482630,slobodny
3620,Petra,Horvathova,905607/7756,Tvrdosin,918087,vydaty
3621,Peter,Urban,990902/8129,Bratislava,298814,slobodny
3622,Petra,Muskova,865607/4391,Zilina,847500,vydaty
3623,Marek,Simek,991225/4343,Kosice,648219,slobodny
3624,Veronika,Muskova,835221/7111,Kosice,971179,vydaty
3625,Peter,Marko,860710/5103,Kosice,529276,slobodny
3626,Jana,Predajnianska,865914/7223,Zvolen,905477,vydaty
3627,Martin,Rusnak,871006/9595,Presov,880747,slobodny
3628,Jana,Vesela,875616/5948,Bardejov,836201,vydaty
3629,Juraj,Novak,790221/1085,Snina,273315,slobodny
3630,Ivana,Muskova,916017/9595,Zilina,72443,vydaty
3631,Tomas,Kubik,960915/4548,Humenne,341110,slobodny
3632,Ivana,Horvathova,715627/7343,Levice,989733,vydaty
3633,Juraj,Simek,760605/1726,Senec,224253,slobodny
3634,Simona,Rusnakova,705104/8001,Zilina,417535,vydaty
3635,Ondrej,Vesely,760107/1975,Levice,578617,slobodny
3636,Barbora,Vargova,665722/7576,Humenne,15172,vydaty
3637,Richard,Rusnak,510615/7935,Levice,384533,slobodny
3638,Barbora,Vesela,976117/8338,Bardejov,395378,vydaty
3639,Ondrej,Predajniansky,960922/4095,Tvrdosin,101057,slobodny
3640,Zuzana,Urbanova,515806/3299,Trencin,703927,vydaty
3641,Martin,Fabian,570212/5431,Bardejov,286725,slobodny
3642,Katerina,Kubikova,935721/2237,Humenne,647959,vydaty
3643,Ondrej,Cerny,610303/9614,Presov,118692,slobodny
3644,Sandra,Kubikova,855603/3170,Zvolen,495051,vydaty
3645,Filip,Varga,930722/4740,Zvolen,967578,slobodny
3646,Petra,Bednarova,676121/4758,Svidnik,112762,vydaty
3647,Richard,Kucera,690724/8481,Trnava,777180,slobodny
3648,Katerina,Fabianova,546102/1486,Poprad,391548,vydaty
3649,Richard,Fabian,800526/7152,Bratislava,302481,slobodny
3650,Jana,Bednarova,625610/2668,Trnava,998700,vydaty
3651,Peter,Horvath,991027/9208,Komarno,876334,slobodny
3652,Petra,Simekova,686028/8841,Bratislava,840443,vydaty
3653,Ondrej,Novak,960721/7862,Nitra,979881,slobodny
3654,Barbora,Horvathova,615610/1045,Humenne,407718,vydaty
3655,Radoslav,Kubik,570224/3124,Trencin,888339,slobodny
3656,Zuzana,Predajnianska,975419/2406,Zilina,931438,vydaty
3657,Jan,Marko,560316/1901,Martin,819839,slobodny
3658,Lucia,Fabianova,515723/3563,Bardejov,595775,vydaty
3659,Peter,Rusnak,990512/2945,Poprad,947500,slobodny
3660,Lucia,Urbanova,625601/8577,Nitra,128613,vydaty
3661,Marek,Muska,570406/9065,Senec,828333,slobodny
3662,Petra,Horvathova,735110/6992,Snina,56038,vydaty
3663,Jan,Kubik,971002/7726,Tvrdosin,923050,slobodny
3664,Ivana,Markova,596021/2832,Trnava,430152,vydaty
3665,Tomas,Kucera,860406/8412,Svidnik,664476,slobodny
3666,Barbora,Predajnianska,715506/4507,Poprad,694478,vydaty
3667,Ondrej,Urban,800326/5487,Trencin,797019,slobodny
3668,Petra,Rusnakova,965622/5593,Snina,576873,vydaty
3669,Marek,Simek,730112/2031,Bardejov,335228,slobodny
3670,Petra,Fabianova,706003/8179,Bratislava,378093,vydaty
3671,Jan,Cerny,961112/7810,Nitra,273293,slobodny
3672,Petra,Vargova,645621/9718,Humenne,544844,vydaty
3673,Tomas,Cerny,840309/6089,Kosice,793277,slobodny
3674,Veronika,Kubikova,866024/4636,Komarno,215753,vydaty
3675,Jan,Horvath,640606/1698,Levice,227672,slobodny
3676,Veronika,Markova,835623/3715,Komarno,88224,vydaty
3677,Juraj,Simek,800701/8876,Zvolen,428314,slobodny
3678,Katerina,Rusnakova,645314/9311,Komarno,17806,vydaty
3679,Radoslav,Dvorak,551227/7230,Trnava,489014,slobodny
3680,Katerina,Fabianova,905327/5958,Bardejov,98481,vydaty
3681,Peter,Simek,751120/5023,Kosice,506342,slobodny
3682,Simona,Fabianova,765301/4543,Bratislava,617559,vydaty
3683,Martin,Cerny,640506/1341,Komarno,556983,slobodny
3684,Zuzana,Novakova,595113/6404,Poprad,431572,vydaty
3685,Martin,Marko,780614/3675,Nitra,508756,slobodny
3686,Katerina,Rusnakova,675926/6745,Humenne,463052,vydaty
3687,Tomas,Varga,651207/2839,Nitra,615234,slobodny
3688,Jana,Bednarova,595708/1028,Svidnik,590678,vydaty
3689,Ondrej,Varga,600516/8763,Kosice,481930,slobodny
3690,Barbora,Markova,575605/2002,Levice,766035,vydaty
3691,Filip,Predajniansky,801126/7188,Zvolen,603644,slobodny
3692,Ivana,Novakova,935603/6785,Senec,890277,vydaty
3693,Juraj,Varga,920522/7746,Bardejov,891691,slobodny
3694,Barbora,Predajnianska,856116/3867,Trencin,427520,vydaty
3695,Filip,Urban,710124/3105,Levice,927694,slobodny
3696,Barbora,Vesela,596202/7937,Senec,143777,vydaty
3697,Juraj,Varga,710903/3581,Snina,621647,slobodny
3698,Barbora,Horvathova,695301/4141,Zilina,577575,vydaty
3699,Martin,Muska,610328/8474,Humenne,435729,slobodny
3700,Ivana,Markova,585208/7261,Humenne,395742,vydaty
3701,Juraj,Simek,640624/3408,Tvrdosin,299191,slobodny
3702,Simona,Simekova,515515/7932,Trnava,760697,vydaty
3703,Richard,Cerny,940924/8459,Bardejov,913256,slobodny
3704,Katerina,Rusnakova,976215/5089,Levice,646082,vydaty
3705,Jan,Fabian,980317/9230,Martin,965359,slobodny
3706,Barbora,Predajnianska,645424/1759,Trencin,545076,vydaty
3707,Radoslav,Predajniansky,920623/6581,Zilina,638668,slobodny
3708,Barbora,Kucerova,645619/3221,Komarno,103645,vydaty
3709,Marek,Fabian,900214/3701,Nitra,625416,slobodny
3710,Ivana,Urbanova,995227/1405,Zvolen,532459,vydaty
3711,Jan,Marko,740405/9283,Kosice,704541,slobodny
3712,Veronika,Dvorakova,625720/1963,Zvolen,651544,vydaty
3713,Jan,Bednar,850908/3385,Zilina,772131,slobodny
3714,Zuzana,Muskova,886108/1662,Senec,194907,vydaty
3715,Marek,Cerny,750404/6414,Kosice,580219,slobodny
3716,Veronika,Kucerova,596113/1070,Senec,107886,vydaty
3717,Tomas,Fabian,970525/8049,Tvrdosin,743887,slobodny
3718,Simona,Bednarova,666101/4255,Tvrdosin,26997,vydaty
3719,Filip,Muska,730217/8079,Bardejov,205995,slobodny
3720,Ivana,Novakova,815108/7945,Tvrdosin,727514,vydaty
3721,Filip,Marko,830621/1588,Snina,453687,slobodny
3722,Jana,Horvathova,526211/2141,Poprad,597904,vydaty
3723,Peter,Dvorak,961225/1950,Presov,60438,slobodny
3724,Katerina,Rusnakova,915425/6609,Zilina,933866,vydaty
3725,Filip,Kubik,570412/7849,Humenne,69553,slobodny
3726,Barbora,Horvathova,745502/8873,Presov,203332,vydaty
3727,Martin,Novak,660924/8379,Senec,126700,slobodny
3728,Zuzana,Vargova,545504/6322,Levice,490475,vydaty
3729,Peter,Marko,581007/5107,Bratislava,986122,slobodny
3730,Zuzana,Urbanova,695513/5891,Kosice,791410,vydaty
3731,Peter,Simek,741217/8837,Zilina,887742,slobodny
3732,Lucia,Horvathova,715608/3741,Martin,661828,vydaty
3733,Ondrej,Novak,641107/4950,Svidnik,547565,slobodny
3734,Jana,Markova,775922/6999,Zvolen,207764,vydaty
3735,Martin,Kubik,530526/8809,Presov,722279,slobodny
3736,Lucia,Fabianova,915523/3588,Kosice,704529,vydaty
3737,Peter,Simek,771222/4605,Martin,498526,slobodny
3738,Jana,Kubikova,935115/2562,Kosice,858150,vydaty
3739,Tomas,Urban,700221/8165,Presov,85836,slobodny
3740,Petra,Cerna,816205/3552,Snina,208935,vydaty
3741,Filip,Marko,530309/4303,Humenne,429443,slobodny
3742,Katerina,Horvathova,635518/6729,Trencin,619994,vydaty
3743,Tomas,Simek,590303/5220,Presov,949784,slobodny
3744,Veronika,Dvorakova,885411/4024,Zilina,833642,vydaty
3745,Ondrej,Rusnak,880611/1371,Kosice,332203,slobodny
3746,Petra,Muskova,886106/1046,Poprad,708309,vydaty
3747,Martin,Kucera,751110/6265,Levice,727087,slobodny
3748,Katerina,Markova,875924/1703,Trencin,535934,vydaty
3749,Martin,Simek,891102/9072,Humenne,594112,slobodny
3750,Veronika,Fabianova,615916/5023,Komarno,954824,vydaty
3751,Filip,Rusnak,601222/2935,Humenne,933982,slobodny
3752,Sandra,Predajnianska,865614/1210,Kosice,998777,vydaty
3753,Tomas,Fabian,741123/1668,Bratislava,945033,slobodny
3754,Zuzana,Vesela,955307/8497,Trnava,733246,vydaty
3755,Radoslav,Novak,770307/5848,Snina,964229,slobodny
3756,Ivana,Markova,915515/9656,Trnava,782747,vydaty
3757,Richard,Vesely,840801/6978,Tvrdosin,945590,slobodny
3758,Sandra,Horvathova,755124/2073,Levice,36305,vydaty
3759,Ondrej,Kubik,690714/2937,Trencin,387078,slobodny
3760,Jana,Predajnianska,905213/1454,Martin,483539,vydaty
3761,Peter,Simek,860812/1348,Martin,868981,slobodny
3762,Barbora,Vargova,625317/9910,Kosice,638611,vydaty
3763,Jan,Bednar,671227/5048,Kosice,203092,slobodny
3764,Veronika,Vesela,635619/7989,Senec,267139,vydaty
3765,Tomas,Marko,970310/5852,Senec,75217,slobodny
3766,Zuzana,Kubikova,825206/8817,Bratislava,818204,vydaty
3767,Peter,Rusnak,770302/3150,Poprad,858271,slobodny
3768,Lucia,Markova,805209/9990,Senec,363425,vydaty
3769,Juraj,Marko,910304/7769,Zvolen,742307,slobodny
3770,Katerina,Bednarova,765121/6314,Snina,444066,vydaty
3771,Jan,Muska,901028/7430,Snina,243236,slobodny
3772,Simona,Cerna,625717/8513,Martin,933508,vydaty
3773,Martin,Marko,770725/8454,Martin,543148,slobodny
3774,Katerina,Horvathova,735522/4076,Kosice,849516,vydaty
3775,Jan,Kubik,880112/4103,Poprad,912075,slobodny
3776,Ivana,Novakova,726102/1909,Martin,298165,vydaty
3777,Marek,Kucera,700502/2303,Svidnik,980687,slobodny
3778,Zuzana,Predajnianska,795826/1831,Martin,605290,vydaty
3779,Radoslav,Muska,631111/4007,Humenne,471735,slobodny
3780,Jana,Bednarova,735110/5804,Trnava,846694,vydaty
3781,Ondrej,Kubik,941207/1753,Bardejov,962692,slobodny
3782,Sandra,Rusnakova,555212/4084,Zilina,57366,vydaty
3783,Jan,Rusnak,981117/2117,Zilina,129138,slobodny
3784,Sandra,Vesela,625208/3240,Martin,770011,vydaty
3785,Peter,Novak,650622/5696,Poprad,730702,slobodny
3786,Jana,Kucerova,785521/1296,Humenne,216129,vydaty
3787,Marek,Dvorak,810710/4883,Bardejov,121267,slobodny
3788,Veronika,Vesela,595426/3789,Martin,810685,vydaty
3789,Marek,Urban,540912/3860,Presov,584420,slobodny
3790,Katerina,Vesela,625123/5226,Zilina,152476,vydaty
3791,Peter,Muska,550602/7629,Nitra,194036,slobodny
3792,Petra,Urbanova,575606/7434,Kosice,854041,vydaty
3793,Radoslav,Urban,610708/7280,Nitra,654303,slobodny
3794,Sandra,Dvorakova,595412/7509,Tvrdosin,852369,vydaty
3795,Jan,Dvorak,881020/9934,Levice,754002,slobodny
3796,Veronika,Predajnianska,756020/1574,Presov,715331,vydaty
3797,Ondrej,Marko,740125/3025,Zilina,183914,slobodny
3798,Ivana,Simekova,765228/3294,Tvrdosin,795401,vydaty
3799,Martin,Varga,610724/3788,Trencin,198722,slobodny
3800,Petra,Urbanova,536201/5605,Zilina,899198,vydaty
3801,Peter,Predajniansky,951102/1086,Levice,616180,slobodny
3802,Ivana,Bednarova,926108/2249,Presov,346251,vydaty
3803,Jan,Fabian,660305/1978,Bratislava,859946,slobodny
3804,Jana,Fabianova,775118/6494,Trencin,218329,vydaty
3805,Richard,Cerny,940722/5719,Martin,373357,slobodny
3806,Petra,Muskova,846010/1353,Martin,12135,vydaty
3807,Filip,Varga,520224/7420,Martin,455666,slobodny
3808,Katerina,Vesela,865924/4848,Zvolen,547615,vydaty
3809,Juraj,Marko,890612/4189,Nitra,739419,slobodny
3810,Ivana,Dvorakova,855417/8530,Komarno,493237,vydaty
3811,Tomas,Predajniansky,750108/7910,Kosice,312851,slobodny
3812,Petra,Horvathova,805719/4390,Humenne,10958,vydaty
3813,Richard,Horvath,780716/3543,Zvolen,646114,slobodny
3814,Sandra,Novakova,955327/2728,Kosice,897285,vydaty
3815,Radoslav,Kucera,940103/6091,Poprad,619889,slobodny
3816,Sandra,Vargova,546102/3107,Zvolen,18285,vydaty
3817,Filip,Cerny,630401/3695,Nitra,953428,slobodny
3818,Jana,Cerna,805225/9965,Trnava,463360,vydaty
3819,Jan,Marko,651203/9229,Presov,777453,slobodny
3820,Zuzana,Simekova,606028/3033,Humenne,947487,vydaty
3821,Martin,Urban,900406/1216,Levice,740622,slobodny
3822,Sandra,Vargova,615202/9386,Martin,337293,vydaty
3823,Ondrej,Rusnak,940922/8496,Levice,253895,slobodny
3824,Lucia,Dvorakova,965804/7965,Humenne,456056,vydaty
3825,Radoslav,Simek,811203/7093,Bratislava,926027,slobodny
3826,Lucia,Markova,585316/7056,Trencin,769882,vydaty
3827,Martin,Marko,570706/7782,Bardejov,368207,slobodny
3828,Sandra,Kucerova,635614/5332,Senec,339177,vydaty
3829,Jan,Bednar,710624/4428,Zilina,737763,slobodny
3830,Zuzana,Kucerova,515503/1680,Poprad,650897,vydaty
3831,Radoslav,Rusnak,701013/5845,Senec,449895,slobodny
3832,Ivana,Novakova,855311/3138,Nitra,954870,vydaty
3833,Jan,Muska,590716/6222,Bardejov,179268,slobodny
3834,Lucia,Urbanova,545510/4880,Zilina,725201,vydaty
3835,Filip,Kubik,970927/9478,Poprad,619141,slobodny
3836,Veronika,Simekova,735112/1872,Nitra,852341,vydaty
3837,Marek,Muska,540424/4329,Trencin,279861,slobodny
3838,Lucia,Dvorakova,865218/7305,Poprad,465373,vydaty
3839,Juraj,Marko,511212/1395,Humenne,600968,slobodny
3840,Veronika,Kucerova,986019/5538,Humenne,849818,vydaty
3841,Martin,Novak,850326/7515,Svidnik,505450,slobodny
3842,Simona,Bednarova,736213/8783,Snina,396948,vydaty
3843,Jan,Novak,590519/8461,Zilina,669435,slobodny
3844,Veronika,Predajnianska,925519/2886,Presov,838661,vydaty
3845,Filip,Novak,810412/5246,Martin,964191,slobodny
3846,Lucia,Vesela,625111/8708,Bardejov,601163,vydaty
3847,Richard,Simek,610923/4259,Komarno,532332,slobodny
3848,Katerina,Vargova,566212/3289,Svidnik,407192,vydaty
3849,Marek,Urban,720810/3519,Kosice,110724,slobodny
3850,Jana,Dvorakova,645601/5595,Trencin,521968,vydaty
3851,Marek,Kubik,530213/1101,Komarno,577824,slobodny
3852,Katerina,Muskova,655207/8317,Nitra,985260,vydaty
3853,Juraj,Bednar,641019/4933,Nitra,736939,slobodny
3854,Petra,Vargova,545622/7353,Bratislava,973580,vydaty
3855,Martin,Kubik,921010/4885,Snina,111534,slobodny
3856,Petra,Cerna,755806/3775,Presov,415531,vydaty
3857,Juraj,Horvath,570206/6884,Bardejov,586212,slobodny
3858,Barbora,Kubikova,625426/9226,Martin,199856,vydaty
3859,Martin,Horvath,620519/7158,Komarno,286583,slobodny
3860,Petra,Fabianova,595506/1166,Bardejov,130817,vydaty
3861,Martin,Marko,721225/6941,Bratislava,995803,slobodny
3862,Lucia,Bednarova,795803/2428,Levice,770058,vydaty
3863,Marek,Muska,700924/3097,Poprad,114062,slobodny
3864,Simona,Predajnianska,926102/3288,Levice,328717,vydaty
3865,Richard,Novak,880112/4548,Senec,69947,slobodny
3866,Petra,Fabianova,765918/7940,Svidnik,72525,vydaty
3867,Ondrej,Horvath,930320/2466,Nitra,383117,slobodny
3868,Veronika,Muskova,985812/2215,Humenne,491437,vydaty
3869,Filip,Fabian,700409/3567,Trnava,369391,slobodny
3870,Simona,Simekova,675307/6988,Humenne,319398,vydaty
3871,Filip,Novak,700201/1931,Martin,199566,slobodny
3872,Sandra,Predajnianska,755412/3037,Svidnik,705102,vydaty
3873,Marek,Simek,620416/6083,Senec,306015,slobodny
3874,Jana,Markova,545426/9848,Zvolen,790920,vydaty
3875,Ondrej,Varga,610320/8344,Komarno,291136,slobodny
3876,Petra,Kucerova,715513/4203,Levice,936341,vydaty
3877,Jan,Vesely,591008/7011,Bardejov,489133,slobodny
3878,Ivana,Fabianova,876221/6946,Senec,854393,vydaty
3879,Tomas,Dvorak,970508/2719,Bratislava,130035,slobodny
3880,Petra,Vargova,545310/6778,Levice,624764,vydaty
3881,Jan,Simek,990816/8530,Bratislava,589156,slobodny
3882,Sandra,Kubikova,826127/6798,Trencin,984000,vydaty
3883,Filip,Cerny,651209/8103,Zvolen,536848,slobodny
3884,Sandra,Dvorakova,735426/5930,Tvrdosin,331987,vydaty
3885,Juraj,Urban,820804/9104,Zvolen,300816,slobodny
3886,Sandra,Predajnianska,705604/2308,Tvrdosin,273599,vydaty
3887,Radoslav,Bednar,721210/7262,Nitra,992103,slobodny
3888,Ivana,Cerna,875124/9736,Presov,605214,vydaty
3889,Ondrej,Fabian,720628/8316,Trencin,395124,slobodny
3890,Ivana,Vesela,665404/2452,Senec,703627,vydaty
3891,Marek,Vesely,890809/3006,Zvolen,89805,slobodny
3892,Jana,Novakova,575313/6258,Levice,655908,vydaty
3893,Peter,Muska,620710/2942,Svidnik,116421,slobodny
3894,Simona,Cerna,776024/4626,Snina,29363,vydaty
3895,Marek,Kucera,710126/6855,Nitra,746405,slobodny
3896,Ivana,Muskova,656222/7633,Trencin,709856,vydaty
3897,Peter,Urban,720403/1645,Martin,824312,slobodny
3898,Petra,Simekova,996127/7181,Zilina,916336,vydaty
3899,Tomas,Predajniansky,750512/9936,Nitra,534266,slobodny
3900,Katerina,Bednarova,886206/7627,Zvolen,732747,vydaty
3901,Richard,Vesely,940427/5351,Zvolen,328754,slobodny
3902,Zuzana,Kubikova,765325/8446,Snina,532995,vydaty
3903,Richard,Cerny,850125/4596,Poprad,296339,slobodny
3904,Veronika,Markova,766101/6526,Snina,874079,vydaty
3905,Juraj,Kubik,921118/7866,Bratislava,142847,slobodny
3906,Simona,Fabianova,975704/9130,Zilina,639194,vydaty
3907,Marek,Predajniansky,550407/5834,Levice,519149,slobodny
3908,Veronika,Horvathova,755215/3040,Trencin,793955,vydaty
3909,Filip,Bednar,680620/3008,Svidnik,49793,slobodny
3910,Lucia,Dvorakova,755317/3668,Zilina,452400,vydaty
3911,Jan,Predajniansky,740414/6998,Nitra,330186,slobodny
3912,Sandra,Bednarova,585313/6084,Trnava,339980,vydaty
3913,Filip,Predajniansky,750311/7310,Senec,608311,slobodny
3914,Lucia,Rusnakova,905806/8522,Kosice,485465,vydaty
3915,Radoslav,Predajniansky,910923/7645,Poprad,422249,slobodny
3916,Jana,Muskova,605610/9909,Tvrdosin,808075,vydaty
3917,Jan,Varga,800107/2653,Martin,337072,slobodny
3918,Katerina,Fabianova,626018/8781,Tvrdosin,30229,vydaty
3919,Tomas,Marko,710426/8680,Nitra,615235,slobodny
3920,Veronika,Kucerova,975810/1456,Levice,314309,vydaty
3921,Ondrej,Marko,930617/9382,Levice,316471,slobodny
3922,Simona,Vesela,795120/8660,Bratislava,880543,vydaty
3923,Peter,Marko,830727/3225,Bratislava,109838,slobodny
3924,Katerina,Vesela,956216/4849,Levice,950839,vydaty
3925,Ondrej,Muska,760315/2722,Humenne,664664,slobodny
3926,Sandra,Dvorakova,665909/2272,Bardejov,474335,vydaty
3927,Filip,Bednar,550201/9268,Snina,498349,slobodny
3928,Jana,Vargova,585305/8897,Bardejov,448885,vydaty
3929,Marek,Dvorak,780528/6635,Bardejov,452922,slobodny
3930,Veronika,Kucerova,565424/4217,Zvolen,414259,vydaty
3931,Radoslav,Kucera,510619/3585,Poprad,534125,slobodny
3932,Sandra,Horvathova,655514/3608,Bratislava,268860,vydaty
3933,Jan,Fabian,560505/5611,Nitra,922801,slobodny
3934,Zuzana,Bednarova,975523/2598,Trencin,237441,vydaty
3935,Radoslav,Urban,620117/5013,Presov,89402,slobodny
3936,Veronika,Vesela,546012/2624,Zilina,850599,vydaty
3937,Richard,Cerny,750123/2364,Tvrdosin,441505,slobodny
3938,Ivana,Cerna,535313/5358,Zvolen,863802,vydaty
3939,Tomas,Varga,680708/4008,Zvolen,247579,slobodny
3940,Ivana,Horvathova,855916/9119,Svidnik,879537,vydaty
3941,Ondrej,Horvath,630305/6799,Zvolen,48659,slobodny
3942,Lucia,Dvorakova,975621/1482,Bratislava,576412,vydaty
3943,Ondrej,Simek,550304/1952,Zilina,94989,slobodny
3944,Lucia,Rusnakova,875619/8208,Snina,323862,vydaty
3945,Jan,Urban,620613/6635,Senec,444959,slobodny
3946,Sandra,Vesela,665925/5951,Martin,106684,vydaty
3947,Tomas,Dvorak,890723/5347,Komarno,465866,slobodny
3948,Petra,Fabianova,836021/6249,Bratislava,209652,vydaty
3949,Marek,Novak,820724/2323,Trnava,640926,slobodny
3950,Veronika,Kubikova,566026/6533,Snina,295030,vydaty
3951,Radoslav,Horvath,620119/1141,Senec,464717,slobodny
3952,Barbora,Novakova,936009/8465,Komarno,823409,vydaty
3953,Juraj,Urban,620116/3250,Senec,305919,slobodny
3954,Veronika,Dvorakova,856227/9157,Bardejov,488026,vydaty
3955,Martin,Novak,711228/1271,Presov,215371,slobodny
3956,Katerina,Predajnianska,706112/5971,Levice,51216,vydaty
3957,Marek,Rusnak,970622/6018,Trencin,915591,slobodny
3958,Lucia,Bednarova,806220/3935,Trnava,909874,vydaty
3959,Jan,Kubik,531209/5244,Senec,913009,slobodny
3960,Katerina,Predajnianska,795227/6614,Senec,129047,vydaty
3961,Tomas,Marko,930318/4155,Nitra,288676,slobodny
3962,Simona,Dvorakova,765127/3769,Levice,843434,vydaty
3963,Ondrej,Varga,560908/3870,Svidnik,843368,slobodny
3964,Katerina,Bednarova,775405/8340,Komarno,813676,vydaty
3965,Radoslav,Kubik,610814/6797,Bardejov,909720,slobodny
3966,Barbora,Dvorakova,935221/8147,Snina,324856,vydaty
3967,Marek,Marko,960522/2338,Martin,777148,slobodny
3968,Zuzana,Predajnianska,745302/2312,Trencin,952263,vydaty
3969,Juraj,Urban,610221/2720,Bardejov,966224,slobodny
3970,Lucia,Kucerova,526127/7530,Trencin,869822,vydaty
3971,Peter,Muska,550317/5312,Zilina,658710,slobodny
3972,Veronika,Urbanova,985105/7986,Bardejov,700007,vydaty
3973,Ondrej,Marko,530508/4999,Senec,996571,slobodny
3974,Veronika,Kubikova,836222/7012,Presov,937681,vydaty
3975,Martin,Varga,510318/4856,Tvrdosin,818303,slobodny
3976,Barbora,Vargova,565925/9833,Bratislava,748601,vydaty
3977,Peter,Dvorak,540227/2520,Martin,405458,slobodny
3978,Veronika,Vargova,715602/9903,Zvolen,681507,vydaty
3979,Filip,Cerny,831202/3725,Humenne,463529,slobodny
3980,Jana,Rusnakova,865308/3452,Bratislava,511012,vydaty
3981,Filip,Cerny,730806/8373,Trencin,87907,slobodny
3982,Katerina,Markova,695927/2742,Svidnik,315639,vydaty
3983,Radoslav,Urban,960903/2429,Bratislava,441526,slobodny
3984,Barbora,Novakova,776107/3232,Humenne,737707,vydaty
3985,Juraj,Rusnak,940325/5007,Komarno,158710,slobodny
3986,Ivana,Dvorakova,586218/7517,Snina,713861,vydaty
3987,Martin,Fabian,530316/9575,Poprad,573372,slobodny
3988,Sandra,Simekova,645508/4415,Bardejov,851258,vydaty
3989,Radoslav,Varga,620103/9034,Bratislava,760386,slobodny
3990,Barbora,Vesela,665505/7007,Poprad,549709,vydaty
3991,Marek,Dvorak,731210/9683,Kosice,980992,slobodny
3992,Zuzana,Cerna,655607/1388,Zilina,942168,vydaty
3993,Martin,Kucera,770326/8505,Levice,874797,slobodny
3994,Sandra,Urbanova,735419/3382,Bratislava,150003,vydaty
3995,Juraj,Kubik,691102/1992,Presov,785845,slobodny
3996,Simona,Simekova,805214/3977,Zvolen,991939,vydaty
3997,Jan,Varga,570511/4062,Presov,249789,slobodny
3998,Veronika,Markova,785101/6722,Poprad,866961,vydaty
3999,Ondrej,Kubik,660227/9560,Nitra,943788,slobodny
4000,Barbora,Urbanova,745518/9122,Trnava,734455,vydaty
4001,Jan,Cerny,630618/7210,Poprad,735132,slobodny
4002,Petra,Markova,865103/6254,Nitra,465787,vydaty
4003,Ondrej,Horvath,770310/2903,Svidnik,165350,slobodny
4004,Petra,Simekova,565908/7960,Bratislava,711366,vydaty
4005,Jan,Kubik,980505/1746,Humenne,781571,slobodny
4006,Ivana,Cerna,975807/9443,Snina,216334,vydaty
4007,Peter,Dvorak,530312/4728,Snina,734833,slobodny
4008,Lucia,Fabianova,595924/9860,Zvolen,500541,vydaty
4009,Richard,Bednar,951104/9743,Kosice,770468,slobodny
4010,Petra,Horvathova,616114/7013,Trencin,903541,vydaty
4011,Ondrej,Simek,840613/7912,Zilina,333487,slobodny
4012,Jana,Novakova,825511/6667,Levice,72501,vydaty
4013,Marek,Kubik,840827/5365,Poprad,227752,slobodny
4014,Katerina,Horvathova,876120/2816,Trencin,306505,vydaty
4015,Filip,Horvath,810218/7540,Bardejov,842557,slobodny
4016,Sandra,Horvathova,685203/9099,Bratislava,14076,vydaty
4017,Martin,Dvorak,930406/7325,Trnava,360926,slobodny
4018,Sandra,Muskova,955501/4812,Komarno,681036,vydaty
4019,Ondrej,Bednar,520527/3044,Trencin,53494,slobodny
4020,Lucia,Horvathova,585923/9124,Poprad,55913,vydaty
4021,Marek,Dvorak,770112/7707,Zvolen,404666,slobodny
4022,Sandra,Vargova,805108/4235,Kosice,478631,vydaty
4023,Filip,Rusnak,590604/6817,Zvolen,979625,slobodny
4024,Lucia,Horvathova,905711/5340,Senec,839393,vydaty
4025,Ondrej,Dvorak,930805/2701,Bardejov,832824,slobodny
4026,Sandra,Kucerova,725615/3071,Trencin,29422,vydaty
4027,Marek,Dvorak,920810/7121,Zilina,429552,slobodny
4028,Simona,Vesela,706127/5400,Trnava,239228,vydaty
4029,Richard,Bednar,920207/5477,Bardejov,412518,slobodny
4030,Barbora,Simekova,765823/9152,Martin,876549,vydaty
4031,Radoslav,Novak,870307/8167,Zvolen,583820,slobodny
4032,Barbora,Vargova,846116/9508,Zvolen,415549,vydaty
4033,Filip,Muska,550505/3701,Komarno,353325,slobodny
4034,Barbora,Bednarova,776209/9931,Trnava,24776,vydaty
4035,Peter,Novak,971207/7063,Humenne,464902,slobodny
4036,Zuzana,Fabianova,745205/8987,Bardejov,273487,vydaty
4037,Ondrej,Muska,690301/4420,Komarno,376464,slobodny
4038,Lucia,Kucerova,635515/7944,Zvolen,81614,vydaty
4039,Juraj,Muska,910927/5365,Snina,737224,slobodny
4040,Veronika,Muskova,735101/3320,Trencin,756155,vydaty
4041,Tomas,Muska,580621/8650,Humenne,794752,slobodny
4042,Barbora,Bednarova,986025/2924,Zvolen,482551,vydaty
4043,Radoslav,Fabian,620212/5286,Bardejov,440487,slobodny
4044,Ivana,Bednarova,665118/3349,Levice,408324,vydaty
4045,Marek,Simek,660319/1494,Poprad,334542,slobodny
4046,Sandra,Predajnianska,805425/4659,Trencin,724108,vydaty
4047,Filip,Predajniansky,770222/5590,Levice,817394,slobodny
4048,Jana,Markova,816108/3245,Zilina,207873,vydaty
4049,Tomas,Kubik,830224/2386,Svidnik,74260,slobodny
4050,Simona,Kubikova,515324/7252,Bardejov,338680,vydaty
4051,Jan,Cerny,560211/9244,Bratislava,189600,slobodny
4052,Jana,Markova,856115/4866,Bratislava,479207,vydaty
4053,Martin,Simek,851121/3168,Presov,167164,slobodny
4054,Katerina,Markova,935711/6408,Bratislava,475981,vydaty
4055,Marek,Kucera,550509/9558,Zilina,797852,slobodny
4056,Petra,Muskova,795414/9741,Levice,319529,vydaty
4057,Tomas,Novak,710923/6486,Komarno,609934,slobodny
4058,Zuzana,Simekova,715708/2654,Trnava,360857,vydaty
4059,Marek,Urban,581011/1929,Humenne,729404,slobodny
4060,Jana,Fabianova,865107/3421,Zilina,163521,vydaty
4061,Radoslav,Bednar,520105/5188,Nitra,194435,slobodny
4062,Zuzana,Kucerova,965605/2842,Levice,231681,vydaty
4063,Tomas,Marko,920608/1015,Trnava,677488,slobodny
4064,Barbora,Vesela,835415/2810,Snina,214747,vydaty
4065,Peter,Novak,870417/9130,Bardejov,54116,slobodny
4066,Lucia,Rusnakova,735827/4403,Senec,656664,vydaty
4067,Radoslav,Cerny,620521/8926,Komarno,58513,slobodny
4068,Jana,Novakova,936211/7256,Zvolen,817229,vydaty
4069,Martin,Urban,930923/3622,Levice,785192,slobodny
4070,Katerina,Novakova,525810/1669,Humenne,801850,vydaty
4071,Peter,Simek,890516/9182,Zvolen,177043,slobodny
4072,Jana,Urbanova,925812/9013,Tvrdosin,464748,vydaty
4073,Peter,Simek,880718/7872,Zvolen,17276,slobodny
4074,Lucia,Simekova,795117/4764,Levice,621993,vydaty
4075,Martin,Rusnak,590724/8812,Trnava,258143,slobodny
4076,Simona,Horvathova,885106/3302,Bardejov,334983,vydaty
4077,Radoslav,Novak,920527/7581,Zvolen,102397,slobodny
4078,Lucia,Vesela,875801/1339,Kosice,529972,vydaty
4079,Richard,Marko,720923/3268,Svidnik,776960,slobodny
4080,Simona,Vesela,805317/3916,Komarno,283757,vydaty
4081,Marek,Novak,830528/4446,Poprad,401710,slobodny
4082,Simona,Cerna,745117/5857,Poprad,873760,vydaty
4083,Peter,Cerny,921022/9502,Zvolen,837149,slobodny
4084,Jana,Urbanova,705419/2160,Kosice,739903,vydaty
4085,Martin,Bednar,651102/7828,Humenne,711003,slobodny
4086,Zuzana,Simekova,855101/8916,Zvolen,748558,vydaty
4087,Filip,Vesely,611122/8782,Snina,618579,slobodny
4088,Lucia,Vargova,835122/3327,Senec,519320,vydaty
4089,Filip,Simek,670307/8057,Poprad,331741,slobodny
4090,Katerina,Simekova,675304/2862,Bratislava,811973,vydaty
4091,Ondrej,Bednar,801224/2546,Snina,629319,slobodny
4092,Veronika,Dvorakova,605225/4199,Trencin,217368,vydaty
4093,Martin,Kucera,870602/4545,Zvolen,980941,slobodny
4094,Veronika,Muskova,705127/1342,Humenne,289230,vydaty
4095,Richard,Kubik,710804/5607,Humenne,537068,slobodny
4096,Jana,Vesela,655109/3086,Nitra,825192,vydaty
4097,Richard,Varga,910504/4219,Senec,309321,slobodny
4098,Veronika,Vesela,785406/1019,Tvrdosin,552586,vydaty
4099,Peter,Bednar,950425/1922,Presov,11637,slobodny
4100,Petra,Markova,836223/4446,Trnava,439207,vydaty
4101,Juraj,Fabian,550215/2744,Humenne,577385,slobodny
4102,Barbora,Vesela,616226/9250,Snina,841210,vydaty
4103,Peter,Kucera,870108/9459,Poprad,854572,slobodny
4104,Barbora,Cerna,555206/4975,Trencin,166711,vydaty
4105,Jan,Cerny,720203/9404,Poprad,542288,slobodny
4106,Veronika,Vesela,675214/9210,Presov,357014,vydaty
4107,Filip,Predajniansky,720128/8325,Zvolen,713550,slobodny
4108,Barbora,Dvorakova,596112/6560,Nitra,189250,vydaty
4109,Martin,Urban,790209/7741,Poprad,616186,slobodny
4110,Petra,Simekova,965325/5676,Senec,72665,vydaty
4111,Martin,Muska,990517/2653,Humenne,637386,slobodny
4112,Barbora,Bednarova,635402/6618,Nitra,887517,vydaty
4113,Tomas,Fabian,610702/6137,Levice,59166,slobodny
4114,Katerina,Cerna,915128/8863,Tvrdosin,272075,vydaty
4115,Ondrej,Kubik,990503/6275,Levice,881473,slobodny
4116,Sandra,Kubikova,856011/7588,Kosice,592640,vydaty
4117,Jan,Predajniansky,740608/4265,Levice,600803,slobodny
4118,Zuzana,Kubikova,785706/5259,Martin,45071,vydaty
4119,Richard,Dvorak,630603/5642,Zilina,355909,slobodny
4120,Barbora,Cerna,836207/6140,Senec,248151,vydaty
4121,Tomas,Rusnak,810528/7798,Levice,653604,slobodny
4122,Zuzana,Horvathova,906212/2378,Svidnik,811676,vydaty
4123,Tomas,Kucera,961114/4010,Levice,726683,slobodny
4124,Lucia,Rusnakova,945218/4220,Senec,792519,vydaty
4125,Peter,Vesely,670316/1436,Zilina,883313,slobodny
4126,Ivana,Kucerova,985102/1091,Poprad,831536,vydaty
4127,Ondrej,Marko,560104/2885,Martin,211613,slobodny
4128,Simona,Urbanova,765111/9033,Trnava,790527,vydaty
4129,Peter,Horvath,940828/7166,Martin,528658,slobodny
4130,Jana,Markova,666113/3989,Presov,82489,vydaty
4131,Marek,Kucera,561210/5891,Senec,84364,slobodny
4132,Katerina,Vesela,585718/7730,Komarno,710567,vydaty
4133,Filip,Rusnak,570123/2769,Komarno,621873,slobodny
4134,Veronika,Urbanova,616007/3482,Trnava,306509,vydaty
4135,Richard,Kubik,721004/4942,Zvolen,379807,slobodny
4136,Barbora,Horvathova,885512/4967,Levice,710365,vydaty
4137,Jan,Cerny,971214/1016,Senec,580917,slobodny
4138,Zuzana,Bednarova,775128/4161,Poprad,765595,vydaty
4139,Peter,Predajniansky,940616/9579,Zilina,868282,slobodny
4140,Simona,Bednarova,535813/5504,Bratislava,615832,vydaty
4141,Filip,Muska,720424/7339,Kosice,394325,slobodny
4142,Simona,Novakova,946209/7764,Komarno,167681,vydaty
4143,Juraj,Vesely,730102/5802,Komarno,885222,slobodny
4144,Sandra,Rusnakova,985425/7428,Presov,369079,vydaty
4145,Ondrej,Kucera,920114/9422,Zvolen,551654,slobodny
4146,Ivana,Dvorakova,705903/8078,Nitra,934770,vydaty
4147,Marek,Kucera,630918/3090,Humenne,184843,slobodny
4148,Veronika,Urbanova,955719/3699,Snina,958024,vydaty
4149,Juraj,Rusnak,900812/5477,Bratislava,522344,slobodny
4150,Veronika,Kucerova,826008/6660,Komarno,239939,vydaty
4151,Peter,Horvath,981019/7016,Humenne,613313,slobodny
4152,Barbora,Horvathova,835905/6051,Zvolen,959179,vydaty
4153,Tomas,Muska,941215/9000,Snina,376153,slobodny
4154,Jana,Markova,985821/8457,Svidnik,409836,vydaty
4155,Richard,Predajniansky,890122/4350,Trnava,990848,slobodny
4156,Petra,Cerna,705128/4827,Levice,899135,vydaty
4157,Marek,Novak,740212/3231,Trnava,11457,slobodny
4158,Jana,Rusnakova,975615/9208,Kosice,450852,vydaty
4159,Richard,Dvorak,720124/2825,Tvrdosin,933932,slobodny
4160,Ivana,Dvorakova,725623/4898,Snina,90117,vydaty
4161,Ondrej,Novak,780107/7087,Snina,258618,slobodny
4162,Ivana,Novakova,645319/1970,Presov,817032,vydaty
4163,Filip,Rusnak,881126/7559,Levice,873113,slobodny
4164,Veronika,Novakova,806007/1750,Trencin,912470,vydaty
4165,Martin,Kucera,620518/7015,Zvolen,66407,slobodny
4166,Ivana,Predajnianska,595126/8536,Poprad,202413,vydaty
4167,Peter,Vesely,821111/9235,Snina,503384,slobodny
4168,Zuzana,Cerna,555519/3600,Levice,632603,vydaty
4169,Ondrej,Novak,721110/8581,Poprad,441850,slobodny
4170,Simona,Predajnianska,605523/8747,Kosice,930757,vydaty
4171,Peter,Horvath,570902/3346,Svidnik,929695,slobodny
4172,Ivana,Urbanova,695203/5191,Tvrdosin,573171,vydaty
4173,Peter,Novak,740102/9424,Nitra,414673,slobodny
4174,Jana,Dvorakova,515904/1075,Presov,577146,vydaty
4175,Filip,Vesely,791104/6106,Svidnik,903194,slobodny
4176,Barbora,Novakova,945913/3773,Trnava,819889,vydaty
4177,Radoslav,Bednar,830823/9081,Humenne,137991,slobodny
4178,Veronika,Markova,825315/7457,Snina,938231,vydaty
4179,Filip,Rusnak,700828/8360,Martin,420582,slobodny
4180,Sandra,Novakova,845509/2173,Humenne,432524,vydaty
4181,Filip,Bednar,810311/8332,Tvrdosin,968155,slobodny
4182,Lucia,Fabianova,835515/2262,Trencin,850059,vydaty
4183,Peter,Rusnak,590901/5956,Nitra,565051,slobodny
4184,Jana,Novakova,746002/9376,Nitra,299531,vydaty
4185,Ondrej,Marko,751015/2302,Kosice,355647,slobodny
4186,Jana,Bednarova,565223/1204,Svidnik,261121,vydaty
4187,Radoslav,Kubik,520724/5901,Presov,386534,slobodny
4188,Veronika,Muskova,875213/2452,Poprad,874241,vydaty
4189,Filip,Muska,681122/2307,Presov,231396,slobodny
4190,Katerina,Bednarova,586020/3636,Snina,108531,vydaty
4191,Martin,Kubik,560107/7574,Bardejov,398092,slobodny
4192,Jana,Dvorakova,515807/4804,Zilina,916980,vydaty
4193,Richard,Cerny,941120/1647,Nitra,818318,slobodny
4194,Lucia,Dvorakova,675508/5980,Bardejov,923153,vydaty
4195,Radoslav,Muska,850406/2926,Levice,200850,slobodny
4196,Katerina,Cerna,665103/4794,Komarno,175502,vydaty
4197,Marek,Novak,821224/6026,Tvrdosin,37762,slobodny
4198,Simona,Markova,965122/4989,Humenne,204386,vydaty
4199,Juraj,Marko,570103/6331,Bratislava,953023,slobodny
4200,Veronika,Urbanova,965209/9008,Tvrdosin,799644,vydaty
4201,Peter,Fabian,760214/9598,Bratislava,633767,slobodny
4202,Ivana,Vargova,655126/7607,Martin,419588,vydaty
4203,Ondrej,Muska,540722/1791,Senec,79369,slobodny
4204,Zuzana,Muskova,765314/3209,Senec,996214,vydaty
4205,Martin,Urban,640316/3625,Levice,454099,slobodny
4206,Veronika,Kucerova,655115/5769,Humenne,876968,vydaty
4207,Filip,Bednar,760221/7355,Svidnik,542615,slobodny
4208,Lucia,Cerna,575101/5084,Senec,830421,vydaty
4209,Tomas,Predajniansky,870903/3194,Senec,92788,slobodny
4210,Veronika,Vargova,885114/5018,Bardejov,864380,vydaty
4211,Richard,Novak,780517/3072,Trnava,835062,slobodny
4212,Simona,Simekova,515323/2703,Tvrdosin,434726,vydaty
4213,Radoslav,Novak,640808/6476,Trencin,887505,slobodny
4214,Lucia,Kucerova,655224/6526,Svidnik,558555,vydaty
4215,Jan,Urban,520628/7080,Trnava,36179,slobodny
4216,Zuzana,Vargova,605221/6792,Martin,819034,vydaty
4217,Marek,Kubik,760217/3244,Kosice,580475,slobodny
4218,Simona,Simekova,525312/9940,Svidnik,474473,vydaty
4219,Richard,Kubik,780125/1155,Humenne,464347,slobodny
4220,Ivana,Muskova,935412/8567,Zvolen,450845,vydaty
4221,Peter,Marko,990502/5713,Nitra,878583,slobodny
4222,Lucia,Predajnianska,886103/6072,Trnava,380543,vydaty
4223,Richard,Predajniansky,900810/7804,Martin,829492,slobodny
4224,Simona,Horvathova,925328/7117,Zvolen,444645,vydaty
4225,Peter,Varga,911024/1387,Svidnik,125531,slobodny
4226,Barbora,Muskova,696202/6718,Senec,568920,vydaty
4227,Juraj,Marko,800609/9074,Presov,643976,slobodny
4228,Sandra,Kubikova,815609/6873,Kosice,452417,vydaty
4229,Juraj,Kucera,940910/3765,Trencin,228927,slobodny
4230,Jana,Fabianova,656212/3755,Bardejov,120628,vydaty
4231,Peter,Muska,630718/5177,Kosice,424601,slobodny
4232,Katerina,Horvathova,515415/9477,Humenne,881090,vydaty
4233,Tomas,Predajniansky,710110/1563,Komarno,900862,slobodny
4234,Barbora,Novakova,675913/8555,Svidnik,29749,vydaty
4235,Peter,Cerny,720808/4170,Presov,188042,slobodny
4236,Sandra,Muskova,685326/4603,Komarno,893745,vydaty
4237,Martin,Bednar,711225/8054,Humenne,445678,slobodny
4238,Barbora,Kucerova,735603/2669,Kosice,87486,vydaty
4239,Juraj,Kubik,740208/1622,Poprad,301658,slobodny
4240,Zuzana,Markova,876113/3511,Bardejov,599215,vydaty
4241,Marek,Cerny,631024/6675,Martin,693112,slobodny
4242,Jana,Novakova,695415/1537,Martin,842734,vydaty
4243,Ondrej,Novak,541114/2998,Svidnik,596785,slobodny
4244,Sandra,Predajnianska,745509/4956,Humenne,692168,vydaty
4245,Marek,Kubik,990402/1824,Komarno,250983,slobodny
4246,Ivana,Muskova,685712/4978,Zilina,898388,vydaty
4247,Marek,Novak,650526/9569,Humenne,339776,slobodny
4248,Zuzana,Vargova,746020/2155,Nitra,123526,vydaty
4249,Peter,Muska,541010/2299,Senec,821068,slobodny
4250,Lucia,Horvathova,635813/4544,Tvrdosin,746850,vydaty
4251,Richard,Bednar,580625/1752,Zilina,92133,slobodny
4252,Sandra,Dvorakova,655806/5905,Zvolen,372993,vydaty
4253,Juraj,Rusnak,901207/8583,Presov,126954,slobodny
4254,Simona,Vesela,906210/4543,Zilina,218601,vydaty
4255,Juraj,Fabian,620511/3192,Komarno,863839,slobodny
4256,Zuzana,Novakova,705818/9654,Tvrdosin,460043,vydaty
4257,Tomas,Kucera,860617/1563,Trencin,796894,slobodny
4258,Veronika,Fabianova,695804/5168,Senec,377596,vydaty
4259,Peter,Kucera,991209/6716,Kosice,282606,slobodny
4260,Ivana,Vargova,966007/1549,Presov,641385,vydaty
4261,Ondrej,Marko,590425/7013,Nitra,483852,slobodny
4262,Zuzana,Cerna,955811/9773,Komarno,228345,vydaty
4263,Juraj,Varga,970903/7142,Svidnik,900338,slobodny
4264,Ivana,Novakova,825310/6590,Trencin,381349,vydaty
4265,Peter,Muska,620503/9750,Trencin,733190,slobodny
4266,Sandra,Bednarova,795721/8224,Nitra,96201,vydaty
4267,Juraj,Horvath,990604/1951,Tvrdosin,358304,slobodny
4268,Katerina,Novakova,606025/1177,Kosice,778687,vydaty
4269,Richard,Bednar,780309/4668,Komarno,875977,slobodny
4270,Petra,Simekova,695524/1772,Levice,288510,vydaty
4271,Martin,Kucera,560912/9482,Martin,590163,slobodny
4272,Petra,Kucerova,676005/8661,Komarno,866789,vydaty
4273,Ondrej,Rusnak,550722/4236,Tvrdosin,469214,slobodny
4274,Jana,Cerna,925220/1146,Svidnik,50840,vydaty
4275,Filip,Horvath,650106/6816,Humenne,445765,slobodny
4276,Jana,Urbanova,535209/8489,Humenne,557280,vydaty
4277,Marek,Novak,810301/3215,Levice,845958,slobodny
4278,Ivana,Bednarova,555908/8717,Martin,202431,vydaty
4279,Martin,Dvorak,750419/6429,Trencin,513196,slobodny
4280,Petra,Vargova,606122/7562,Komarno,859289,vydaty
4281,Ondrej,Rusnak,531019/6194,Nitra,765889,slobodny
4282,Sandra,Cerna,825111/5045,Bratislava,206388,vydaty
4283,Martin,Marko,770607/5408,Trnava,315988,slobodny
4284,Barbora,Horvathova,915127/7361,Zilina,613912,vydaty
4285,Radoslav,Predajniansky,900815/5271,Svidnik,664341,slobodny
4286,Ivana,Dvorakova,775128/3886,Humenne,763655,vydaty
4287,Ondrej,Kubik,941001/8380,Levice,899066,slobodny
4288,Ivana,Vesela,725606/6997,Tvrdosin,194346,vydaty
4289,Marek,Muska,971203/4764,Nitra,490555,slobodny
4290,Veronika,Vargova,576118/5706,Bardejov,165601,vydaty
4291,Marek,Marko,580628/9216,Presov,476467,slobodny
4292,Barbora,Cerna,555728/4370,Trnava,84086,vydaty
4293,Ondrej,Kucera,870724/9362,Trencin,138447,slobodny
4294,Veronika,Rusnakova,735928/1505,Presov,85722,vydaty
4295,Peter,Vesely,811006/5331,Komarno,217100,slobodny
4296,Ivana,Simekova,975120/2684,Kosice,195549,vydaty
4297,Jan,Muska,750201/7761,Bratislava,674690,slobodny
4298,Katerina,Bednarova,695515/6065,Trnava,943987,vydaty
4299,Marek,Fabian,740710/8297,Humenne,276042,slobodny
4300,Katerina,Urbanova,526004/2521,Martin,932522,vydaty
4301,Filip,Dvorak,610621/4682,Levice,988182,slobodny
4302,Jana,Rusnakova,855608/4869,Kosice,679189,vydaty
4303,Juraj,Marko,930709/8139,Martin,403571,slobodny
4304,Simona,Fabianova,625722/4035,Trencin,295929,vydaty
4305,Richard,Urban,521010/6430,Trnava,268959,slobodny
4306,Jana,Kucerova,765624/4547,Levice,218696,vydaty
4307,Marek,Cerny,630717/2747,Trnava,910856,slobodny
4308,Jana,Cerna,955515/8016,Trnava,218618,vydaty
4309,Marek,Vesely,711103/6224,Martin,98942,slobodny
4310,Ivana,Simekova,755903/3039,Humenne,164227,vydaty
4311,Ondrej,Kubik,521115/7960,Bratislava,620765,slobodny
4312,Zuzana,Simekova,806023/2248,Presov,108185,vydaty
4313,Jan,Kubik,661209/9192,Zilina,919406,slobodny
4314,Petra,Rusnakova,936118/5624,Presov,853447,vydaty
4315,Marek,Dvorak,770124/3466,Presov,311533,slobodny
4316,Veronika,Predajnianska,545625/4814,Martin,786012,vydaty
4317,Richard,Dvorak,540710/2039,Tvrdosin,340853,slobodny
4318,Jana,Kubikova,775515/3162,Kosice,539094,vydaty
4319,Richard,Muska,810524/6827,Trencin,540148,slobodny
4320,Ivana,Muskova,545208/5218,Svidnik,77134,vydaty
4321,Marek,Marko,550712/9099,Bratislava,188913,slobodny
4322,Barbora,Rusnakova,666226/6752,Snina,665007,vydaty
4323,Martin,Marko,860825/4967,Zilina,137228,slobodny
4324,Zuzana,Urbanova,795617/9346,Poprad,174364,vydaty
4325,Radoslav,Rusnak,870402/5173,Zilina,385983,slobodny
4326,Lucia,Kubikova,955428/5504,Kosice,738669,vydaty
4327,Jan,Horvath,640508/8033,Kosice,785879,slobodny
4328,Petra,Fabianova,985726/2360,Presov,856811,vydaty
4329,Richard,Kucera,770324/1339,Bardejov,940443,slobodny
4330,Barbora,Horvathova,825724/4578,Tvrdosin,447776,vydaty
4331,Martin,Muska,871228/3131,Humenne,482873,slobodny
4332,Sandra,Kubikova,955919/9946,Nitra,234718,vydaty
4333,Radoslav,Muska,600416/5362,Bardejov,922869,slobodny
4334,Katerina,Markova,525114/3498,Tvrdosin,652160,vydaty
4335,Juraj,Simek,970709/4504,Martin,62469,slobodny
4336,Zuzana,Novakova,915605/1696,Snina,961571,vydaty
4337,Ondrej,Rusnak,641105/3637,Zvolen,902538,slobodny
4338,Petra,Kucerova,585809/3201,Bardejov,105823,vydaty
4339,Jan,Urban,560610/7741,Nitra,628536,slobodny
4340,Katerina,Predajnianska,916002/4724,Senec,394572,vydaty
4341,Filip,Bednar,960926/9996,Poprad,261293,slobodny
4342,Barbora,Predajnianska,646123/5719,Svidnik,851133,vydaty
4343,Radoslav,Horvath,850525/5850,Svidnik,626854,slobodny
4344,Petra,Bednarova,975120/7373,Bratislava,586057,vydaty
4345,Juraj,Cerny,561125/3991,Levice,66939,slobodny
4346,Ivana,Rusnakova,765728/8312,Presov,382827,vydaty
4347,Ondrej,Varga,591022/9257,Bratislava,578174,slobodny
4348,Barbora,Muskova,575314/3804,Snina,314937,vydaty
4349,Martin,Dvorak,651220/1005,Trnava,722606,slobodny
4350,Sandra,Cerna,676020/4572,Poprad,397285,vydaty
4351,Filip,Novak,960817/9232,Kosice,743346,slobodny
4352,Ivana,Fabianova,715420/7886,Senec,232084,vydaty
4353,Martin,Simek,670310/8588,Levice,899984,slobodny
4354,Simona,Vargova,955919/5456,Kosice,623489,vydaty
4355,Juraj,Bednar,910903/1282,Nitra,708957,slobodny
4356,Ivana,Horvathova,995614/1785,Kosice,332514,vydaty
4357,Ondrej,Horvath,920720/4303,Tvrdosin,37028,slobodny
4358,Lucia,Vesela,606114/1300,Svidnik,568695,vydaty
4359,Juraj,Vesely,910810/2705,Presov,186575,slobodny
4360,Lucia,Urbanova,826106/4814,Bratislava,881141,vydaty
4361,Marek,Cerny,820719/9139,Trnava,423423,slobodny
4362,Veronika,Horvathova,866111/3588,Senec,518506,vydaty
4363,Ondrej,Novak,580312/7996,Martin,349204,slobodny
4364,Veronika,Simekova,656118/3846,Presov,223519,vydaty
4365,Martin,Fabian,970818/2422,Humenne,244218,slobodny
4366,Jana,Rusnakova,785502/6276,Nitra,19594,vydaty
4367,Richard,Rusnak,771123/7246,Snina,844187,slobodny
4368,Zuzana,Kucerova,975610/5490,Trnava,442608,vydaty
4369,Filip,Fabian,960627/2470,Kosice,790273,slobodny
4370,Sandra,Muskova,756012/9840,Trnava,496326,vydaty
4371,Juraj,Vesely,960922/7905,Trnava,324495,slobodny
4372,Barbora,Bednarova,755611/4121,Tvrdosin,581046,vydaty
4373,Filip,Muska,711221/6344,Senec,433151,slobodny
4374,Veronika,Simekova,706119/2896,Kosice,455579,vydaty
4375,Jan,Muska,960522/9529,Komarno,936932,slobodny
4376,Ivana,Vesela,945914/3187,Komarno,832160,vydaty
4377,Filip,Vesely,701115/4271,Presov,224678,slobodny
4378,Jana,Rusnakova,766202/7771,Humenne,958979,vydaty
4379,Jan,Marko,720223/6753,Zvolen,531941,slobodny
4380,Ivana,Urbanova,635626/5764,Presov,929940,vydaty
4381,Marek,Rusnak,630904/6591,Trencin,881220,slobodny
4382,Katerina,Kubikova,885208/1429,Komarno,741090,vydaty
4383,Ondrej,Cerny,720109/9825,Komarno,278920,slobodny
4384,Sandra,Vesela,635102/8795,Svidnik,239539,vydaty
4385,Marek,Simek,650324/7801,Svidnik,997664,slobodny
4386,Zuzana,Urbanova,576007/3170,Nitra,504492,vydaty
4387,Filip,Rusnak,950216/2805,Nitra,98097,slobodny
4388,Jana,Vesela,935909/2360,Martin,119384,vydaty
4389,Marek,Rusnak,761201/6962,Senec,784459,slobodny
4390,Veronika,Bednarova,625827/1774,Tvrdosin,620770,vydaty
4391,Radoslav,Kubik,980822/9761,Komarno,575641,slobodny
4392,Petra,Vargova,655110/8001,Zilina,30275,vydaty
4393,Ondrej,Fabian,830217/1226,Martin,468691,slobodny
4394,Ivana,Kubikova,526224/5346,Trencin,947016,vydaty
4395,Martin,Muska,600719/2362,Trnava,484236,slobodny
4396,Veronika,Markova,986111/4253,Bratislava,669027,vydaty
4397,Tomas,Vesely,540409/4425,Svidnik,983440,slobodny
4398,Ivana,Vesela,705405/2459,Trnava,718161,vydaty
4399,Peter,Varga,730706/5198,Svidnik,814450,slobodny
4400,Barbora,Novakova,585103/9206,Svidnik,20231,vydaty
4401,Peter,Varga,700808/6254,Snina,396528,slobodny
4402,Barbora,Rusnakova,566219/1158,Martin,79808,vydaty
4403,Martin,Vesely,560522/2755,Trencin,78256,slobodny
4404,Zuzana,Rusnakova,905125/2760,Bratislava,510651,vydaty
4405,Ondrej,Novak,550619/9244,Martin,129809,slobodny
4406,Simona,Bednarova,845201/8261,Humenne,292307,vydaty
4407,Tomas,Novak,880128/9541,Presov,162693,slobodny
4408,Petra,Simekova,575705/2000,Nitra,15792,vydaty
4409,Jan,Kucera,910317/4018,Bratislava,645551,slobodny
4410,Zuzana,Urbanova,976103/2634,Zvolen,640440,vydaty
4411,Filip,Kucera,880807/2446,Zilina,155361,slobodny
4412,Barbora,Urbanova,765816/1704,Zvolen,139324,vydaty
4413,Filip,Horvath,860517/7752,Bardejov,968446,slobodny
4414,Sandra,Markova,596211/2264,Zvolen,758691,vydaty
4415,Tomas,Bednar,540228/3720,Snina,158595,slobodny
4416,Zuzana,Dvorakova,805612/5663,Presov,193230,vydaty
4417,Martin,Rusnak,540211/6173,Senec,13239,slobodny
4418,Jana,Fabianova,746218/3640,Presov,593197,vydaty
4419,Richard,Fabian,830808/1469,Snina,100266,slobodny
4420,Sandra,Vargova,935503/6532,Tvrdosin,97548,vydaty
4421,Marek,Bednar,801016/1838,Snina,314496,slobodny
4422,Jana,Horvathova,546019/7461,Zvolen,539313,vydaty
4423,Marek,Vesely,851210/5014,Bardejov,400209,slobodny
4424,Veronika,Predajnianska,785215/9737,Komarno,64754,vydaty
4425,Ondrej,Marko,901128/1365,Poprad,838982,slobodny
4426,Katerina,Rusnakova,775723/5011,Trencin,30499,vydaty
4427,Richard,Muska,670321/7908,Presov,37936,slobodny
4428,Simona,Novakova,815509/7524,Poprad,159939,vydaty
4429,Radoslav,Fabian,760803/5100,Kosice,822243,slobodny
4430,Sandra,Vargova,625613/3722,Svidnik,416198,vydaty
4431,Tomas,Urban,730128/6171,Bratislava,277885,slobodny
4432,Veronika,Cerna,975803/6341,Zilina,596570,vydaty
4433,Filip,Urban,940123/1196,Poprad,324393,slobodny
4434,Ivana,Kucerova,636012/5755,Bratislava,997859,vydaty
4435,Filip,Horvath,840115/6987,Kosice,757187,slobodny
4436,Sandra,Cerna,935420/4461,Humenne,533793,vydaty
4437,Marek,Cerny,870126/2131,Tvrdosin,146332,slobodny
4438,Ivana,Muskova,955724/5960,Humenne,285503,vydaty
4439,Martin,Muska,830918/7586,Zvolen,149378,slobodny
4440,Katerina,Cerna,666128/7935,Tvrdosin,328774,vydaty
4441,Jan,Dvorak,870513/3279,Poprad,584023,slobodny
4442,Barbora,Novakova,686201/6179,Martin,533314,vydaty
4443,Ondrej,Fabian,910221/5143,Svidnik,307248,slobodny
4444,Katerina,Markova,725810/2094,Nitra,755067,vydaty
4445,Richard,Urban,570502/2284,Snina,533655,slobodny
4446,Ivana,Vargova,515620/8729,Bardejov,709789,vydaty
4447,Juraj,Simek,920518/7505,Zvolen,399109,slobodny
4448,Petra,Vesela,545926/7524,Poprad,413381,vydaty
4449,Jan,Vesely,960717/2285,Trnava,206825,slobodny
4450,Petra,Cerna,705915/6911,Bardejov,904016,vydaty
4451,Ondrej,Cerny,710610/7503,Levice,96677,slobodny
4452,Jana,Kubikova,885618/4898,Senec,858368,vydaty
4453,Jan,Simek,950513/8759,Zilina,884922,slobodny
4454,Simona,Dvorakova,805721/3234,Humenne,847684,vydaty
4455,Richard,Urban,980818/7504,Kosice,961564,slobodny
4456,Katerina,Cerna,665210/9567,Kosice,806246,vydaty
4457,Peter,Bednar,540417/4688,Poprad,22547,slobodny
4458,Veronika,Markova,905620/3668,Martin,443730,vydaty
4459,Ondrej,Varga,670806/8503,Nitra,745217,slobodny
4460,Ivana,Predajnianska,635713/7393,Trencin,270267,vydaty
4461,Marek,Horvath,930803/8169,Zvolen,508260,slobodny
4462,Veronika,Cerna,535707/9561,Humenne,211228,vydaty
4463,Peter,Simek,940827/7426,Martin,10920,slobodny
4464,Barbora,Novakova,685923/5806,Trnava,909020,vydaty
4465,Richard,Horvath,520521/8773,Martin,851754,slobodny
4466,Katerina,Fabianova,525602/9950,Nitra,698474,vydaty
4467,Ondrej,Horvath,900214/9975,Svidnik,918768,slobodny
4468,Jana,Novakova,655907/6082,Levice,911574,vydaty
4469,Marek,Marko,631020/8427,Presov,236891,slobodny
4470,Zuzana,Markova,655622/9408,Trnava,900786,vydaty
4471,Peter,Muska,530328/5317,Bratislava,421416,slobodny
4472,Simona,Simekova,885424/1612,Levice,608456,vydaty
4473,Peter,Kubik,791024/1450,Poprad,117018,slobodny
4474,Veronika,Vargova,545210/7362,Senec,894294,vydaty
4475,Peter,Cerny,550218/2352,Presov,449674,slobodny
4476,Katerina,Kubikova,725711/7383,Poprad,755459,vydaty
4477,Radoslav,Kucera,720709/5448,Komarno,721367,slobodny
4478,Veronika,Predajnianska,535917/6144,Trencin,902649,vydaty
4479,Richard,Kucera,610707/6038,Snina,79490,slobodny
4480,Petra,Fabianova,895928/2678,Snina,100148,vydaty
4481,Filip,Fabian,740416/7923,Senec,741180,slobodny
4482,Petra,Predajnianska,825219/2105,Trnava,250772,vydaty
4483,Ondrej,Simek,750728/8530,Poprad,945735,slobodny
4484,Ivana,Predajnianska,715609/5661,Presov,82970,vydaty
4485,Peter,Urban,751218/8964,Humenne,178154,slobodny
4486,Ivana,Markova,985405/8589,Zvolen,900014,vydaty
4487,Peter,Dvorak,741128/3179,Levice,636522,slobodny
4488,Petra,Horvathova,585723/1252,Zvolen,398706,vydaty
4489,Radoslav,Kubik,540111/9634,Zilina,906965,slobodny
4490,Simona,Simekova,885506/6817,Tvrdosin,692216,vydaty
4491,Juraj,Rusnak,710923/6341,Levice,851477,slobodny
4492,Ivana,Vesela,705324/2183,Snina,691908,vydaty
4493,Tomas,Rusnak,560303/1875,Trnava,407880,slobodny
4494,Veronika,Muskova,905303/8433,Zvolen,742717,vydaty
4495,Jan,Kubik,710107/9677,Tvrdosin,506975,slobodny
4496,Barbora,Vesela,706216/6544,Bratislava,610319,vydaty
4497,Martin,Predajniansky,560408/4501,Komarno,658805,slobodny
4498,Petra,Urbanova,816219/8285,Komarno,951834,vydaty
4499,Radoslav,Kucera,770826/1705,Trnava,397228,slobodny
4500,Simona,Markova,785619/2904,Tvrdosin,269931,vydaty
4501,Ondrej,Vesely,710720/4344,Presov,199440,slobodny
4502,Lucia,Kubikova,705805/4926,Trnava,285969,vydaty
4503,Filip,Cerny,911218/1733,Zilina,970788,slobodny
4504,Veronika,Cerna,636110/9445,Presov,379764,vydaty
4505,Peter,Cerny,820519/6575,Levice,497028,slobodny
4506,Lucia,Bednarova,905608/7699,Svidnik,592832,vydaty
4507,Tomas,Rusnak,890120/7543,Humenne,907621,slobodny
4508,Ivana,Kucerova,655817/4123,Komarno,344002,vydaty
4509,Jan,Kucera,930218/2137,Snina,630014,slobodny
4510,Lucia,Cerna,995920/4974,Bratislava,168491,vydaty
4511,Martin,Cerny,900428/1656,Trencin,735264,slobodny
4512,Jana,Kucerova,525322/4290,Nitra,496258,vydaty
4513,Marek,Dvorak,990418/8415,Nitra,599211,slobodny
4514,Sandra,Markova,865928/6085,Trencin,914169,vydaty
4515,Jan,Varga,510128/3697,Nitra,425042,slobodny
4516,Veronika,Predajnianska,525321/9641,Bratislava,628416,vydaty
4517,Ondrej,Fabian,730411/7761,Bratislava,659453,slobodny
4518,Lucia,Markova,565814/8309,Trencin,972945,vydaty
4519,Martin,Varga,770604/4350,Senec,760774,slobodny
4520,Sandra,Simekova,755121/9374,Humenne,732575,vydaty
4521,Richard,Kubik,700125/3834,Komarno,133519,slobodny
4522,Simona,Predajnianska,735122/6268,Nitra,146882,vydaty
4523,Tomas,Bednar,650406/3830,Trnava,697723,slobodny
4524,Simona,Kucerova,855827/7281,Tvrdosin,886208,vydaty
4525,Martin,Dvorak,610928/1929,Zvolen,617669,slobodny
4526,Barbora,Dvorakova,915119/4457,Humenne,643110,vydaty
4527,Radoslav,Horvath,630218/3998,Zvolen,57866,slobodny
4528,Petra,Novakova,755620/4140,Trnava,778834,vydaty
4529,Filip,Dvorak,820217/9896,Trencin,771291,slobodny
4530,Sandra,Cerna,605702/7210,Bardejov,852670,vydaty
4531,Marek,Rusnak,611121/2428,Tvrdosin,736117,slobodny
4532,Jana,Novakova,735103/7716,Senec,597105,vydaty
4533,Jan,Muska,541115/7922,Tvrdosin,282112,slobodny
4534,Ivana,Urbanova,665422/2472,Svidnik,543482,vydaty
4535,Richard,Cerny,650817/9506,Komarno,393317,slobodny
4536,Ivana,Vargova,886214/2007,Komarno,317001,vydaty
4537,Tomas,Marko,640619/9461,Senec,926600,slobodny
4538,Petra,Fabianova,845302/3855,Trnava,614806,vydaty
4539,Marek,Cerny,700706/2157,Zilina,298573,slobodny
4540,Zuzana,Kucerova,725603/8857,Humenne,980241,vydaty
4541,Peter,Varga,990518/6488,Zilina,940557,slobodny
4542,Barbora,Vargova,915815/3366,Presov,667770,vydaty
4543,Tomas,Simek,600821/8362,Levice,918746,slobodny
4544,Sandra,Kubikova,555320/7533,Poprad,192552,vydaty
4545,Juraj,Predajniansky,820524/2637,Martin,610822,slobodny
4546,Simona,Kucerova,595827/7558,Martin,745995,vydaty
4547,Martin,Kubik,730118/3625,Trencin,134176,slobodny
4548,Zuzana,Markova,515207/5147,Humenne,440983,vydaty
4549,Tomas,Vesely,840225/7137,Martin,869854,slobodny
4550,Sandra,Cerna,615627/7337,Humenne,807942,vydaty
4551,Juraj,Marko,810609/3408,Komarno,583366,slobodny
4552,Lucia,Rusnakova,816228/3796,Snina,899581,vydaty
4553,Tomas,Predajniansky,570817/3993,Nitra,320402,slobodny
4554,Katerina,Markova,886226/5806,Trnava,801853,vydaty
4555,Tomas,Simek,860522/3241,Bardejov,727000,slobodny
4556,Zuzana,Markova,805326/5951,Trnava,610473,vydaty
4557,Jan,Marko,600828/3060,Zilina,199134,slobodny
4558,Simona,Cerna,575412/2301,Snina,944781,vydaty
4559,Ondrej,Urban,630107/8486,Svidnik,73302,slobodny
4560,Jana,Kucerova,996205/8236,Humenne,842993,vydaty
4561,Richard,Kubik,800519/8124,Bardejov,154254,slobodny
4562,Simona,Kubikova,616201/9447,Snina,483545,vydaty
4563,Martin,Muska,600226/1573,Poprad,606856,slobodny
4564,Katerina,Kucerova,995402/8653,Svidnik,374780,vydaty
4565,Martin,Varga,951103/4412,Zilina,449621,slobodny
4566,Barbora,Kubikova,876221/1940,Bratislava,631109,vydaty
4567,Richard,Bednar,980912/6195,Zilina,894068,slobodny
4568,Zuzana,Vesela,605323/4412,Levice,748726,vydaty
4569,Tomas,Horvath,780110/2745,Martin,655883,slobodny
4570,Jana,Kubikova,795508/7345,Senec,491750,vydaty
4571,Jan,Varga,790625/8765,Zvolen,485152,slobodny
4572,Lucia,Fabianova,965226/9693,Svidnik,995469,vydaty
4573,Filip,Predajniansky,890518/5973,Tvrdosin,377338,slobodny
4574,Petra,Muskova,845524/7859,Trencin,656076,vydaty
4575,Filip,Horvath,800705/9348,Levice,512888,slobodny
4576,Lucia,Horvathova,926026/7653,Trencin,17563,vydaty
4577,Filip,Vesely,920814/4542,Trencin,112920,slobodny
4578,Petra,Markova,805915/4229,Senec,424105,vydaty
4579,Marek,Rusnak,961215/1747,Poprad,920350,slobodny
4580,Petra,Rusnakova,745414/9079,Zilina,144163,vydaty
4581,Marek,Marko,830307/9942,Nitra,831858,slobodny
4582,Petra,Markova,745414/8844,Bratislava,183041,vydaty
4583,Juraj,Rusnak,671113/3596,Kosice,486462,slobodny
4584,Petra,Horvathova,866116/2869,Poprad,557198,vydaty
4585,Tomas,Horvath,870822/8355,Trnava,638855,slobodny
4586,Petra,Vesela,926222/7902,Trnava,500829,vydaty
4587,Ondrej,Dvorak,790826/2946,Snina,349091,slobodny
4588,Petra,Predajnianska,695804/9394,Trencin,765908,vydaty
4589,Tomas,Marko,920627/4510,Svidnik,115217,slobodny
4590,Petra,Vesela,995905/5562,Martin,455133,vydaty
4591,Richard,Fabian,731027/1055,Zvolen,34906,slobodny
4592,Simona,Urbanova,536028/9320,Bratislava,925341,vydaty
4593,Peter,Kubik,761016/3322,Svidnik,434418,slobodny
4594,Simona,Novakova,705511/3161,Svidnik,843217,vydaty
4595,Radoslav,Urban,660107/3656,Kosice,755335,slobodny
4596,Katerina,Cerna,566111/1221,Trencin,133400,vydaty
4597,Juraj,Fabian,920818/3135,Nitra,92489,slobodny
4598,Simona,Horvathova,565824/1898,Trnava,930005,vydaty
4599,Martin,Urban,670308/2875,Trencin,667505,slobodny
4600,Lucia,Kubikova,986021/2274,Levice,941085,vydaty
4601,Richard,Simek,900303/3737,Presov,822926,slobodny
4602,Simona,Vesela,885113/2814,Tvrdosin,136119,vydaty
4603,Marek,Varga,580122/9958,Kosice,924131,slobodny
4604,Petra,Kucerova,975614/2656,Bardejov,339842,vydaty
4605,Tomas,Muska,841108/7201,Trnava,905292,slobodny
4606,Ivana,Fabianova,535218/9183,Tvrdosin,331570,vydaty
4607,Marek,Kubik,550506/2571,Zvolen,313555,slobodny
4608,Simona,Novakova,795811/8008,Poprad,431327,vydaty
4609,Filip,Varga,860921/5482,Tvrdosin,877434,slobodny
4610,Ivana,Simekova,835227/4191,Snina,883776,vydaty
4611,Radoslav,Simek,881021/9632,Komarno,485815,slobodny
4612,Zuzana,Novakova,916127/1183,Humenne,908930,vydaty
4613,Ondrej,Bednar,600410/6451,Poprad,240265,slobodny
4614,Zuzana,Vesela,885628/9530,Bratislava,158822,vydaty
4615,Radoslav,Varga,510922/7099,Levice,55412,slobodny
4616,Veronika,Bednarova,545413/6877,Komarno,416796,vydaty
4617,Martin,Vesely,520128/1212,Snina,29666,slobodny
4618,Veronika,Novakova,886227/9901,Svidnik,75540,vydaty
4619,Juraj,Bednar,920125/5930,Zvolen,224357,slobodny
4620,Barbora,Fabianova,956215/7815,Trencin,701749,vydaty
4621,Tomas,Kucera,741217/3268,Kosice,136238,slobodny
4622,Jana,Kucerova,765515/8319,Humenne,930040,vydaty
4623,Jan,Cerny,601009/3465,Trencin,773812,slobodny
4624,Veronika,Novakova,686113/5272,Humenne,106896,vydaty
4625,Tomas,Varga,641209/3853,Humenne,19933,slobodny
4626,Ivana,Muskova,866025/2802,Bardejov,431462,vydaty
4627,Jan,Kucera,631102/3230,Trencin,517127,slobodny
4628,Katerina,Predajnianska,675508/8638,Bratislava,502819,vydaty
4629,Jan,Cerny,670925/1119,Komarno,123180,slobodny
4630,Ivana,Fabianova,805223/4574,Nitra,361271,vydaty
4631,Tomas,Kubik,541013/5497,Kosice,406741,slobodny
4632,Simona,Vargova,885826/9346,Nitra,188089,vydaty
4633,Juraj,Kucera,600316/5605,Bratislava,111479,slobodny
4634,Zuzana,Predajnianska,766016/8643,Bratislava,82253,vydaty
4635,Jan,Fabian,750312/7299,Svidnik,121548,slobodny
4636,Petra,Cerna,896204/6936,Kosice,21645,vydaty
4637,Filip,Cerny,530513/2944,Bratislava,363874,slobodny
4638,Lucia,Vesela,905602/7475,Kosice,780025,vydaty
4639,Radoslav,Kucera,991120/5775,Trnava,917868,slobodny
4640,Petra,Muskova,745508/3457,Tvrdosin,472175,vydaty
4641,Tomas,Simek,550626/1151,Trnava,683549,slobodny
4642,Simona,Muskova,676219/2356,Senec,39014,vydaty
4643,Marek,Rusnak,820703/8491,Bardejov,549058,slobodny
4644,Ivana,Cerna,685210/1899,Komarno,411594,vydaty
4645,Marek,Dvorak,940323/2449,Bratislava,150109,slobodny
4646,Ivana,Markova,565619/4765,Poprad,431586,vydaty
4647,Filip,Rusnak,991205/8321,Bratislava,54536,slobodny
4648,Barbora,Vesela,705327/5297,Nitra,809094,vydaty
4649,Martin,Predajniansky,680110/6286,Trencin,844891,slobodny
4650,Jana,Vesela,575511/6904,Zilina,527155,vydaty
4651,Marek,Muska,901225/2842,Tvrdosin,310285,slobodny
4652,Katerina,Novakova,555526/9576,Poprad,145037,vydaty
4653,Tomas,Urban,910127/3022,Kosice,670230,slobodny
4654,Zuzana,Kubikova,656113/2817,Nitra,311075,vydaty
4655,Peter,Predajniansky,561109/5373,Trencin,739925,slobodny
4656,Jana,Simekova,735617/3127,Senec,855389,vydaty
4657,Filip,Rusnak,540108/4596,Nitra,31079,slobodny
4658,Katerina,Novakova,995623/3510,Komarno,28217,vydaty
4659,Radoslav,Marko,560604/8526,Komarno,313042,slobodny
4660,Zuzana,Novakova,755702/8703,Tvrdosin,779723,vydaty
4661,Ondrej,Novak,790807/8328,Humenne,782818,slobodny
4662,Zuzana,Novakova,625914/4526,Trencin,659527,vydaty
4663,Juraj,Novak,950203/9106,Trnava,199627,slobodny
4664,Lucia,Urbanova,815219/6144,Senec,76540,vydaty
4665,Filip,Kubik,740312/1180,Snina,188736,slobodny
4666,Zuzana,Novakova,986109/9450,Kosice,890073,vydaty
4667,Martin,Predajniansky,580602/6418,Humenne,551632,slobodny
4668,Sandra,Vesela,525816/4300,Kosice,526881,vydaty
4669,Filip,Bednar,651219/2040,Presov,705231,slobodny
4670,Barbora,Simekova,965124/2730,Nitra,247330,vydaty
4671,Peter,Rusnak,540224/4684,Snina,621327,slobodny
4672,Katerina,Markova,575713/8704,Trnava,563163,vydaty
4673,Martin,Kucera,730727/8500,Martin,189482,slobodny
4674,Lucia,Muskova,645321/6638,Kosice,375813,vydaty
4675,Ondrej,Vesely,680820/2504,Kosice,755503,slobodny
4676,Katerina,Fabianova,875703/7859,Bratislava,153747,vydaty
4677,Radoslav,Urban,540807/6570,Nitra,706514,slobodny
4678,Zuzana,Simekova,765103/8322,Trencin,869407,vydaty
4679,Marek,Fabian,730614/2319,Presov,28152,slobodny
4680,Simona,Muskova,986015/2498,Kosice,179123,vydaty
4681,Ondrej,Kubik,860221/4072,Tvrdosin,326579,slobodny
4682,Katerina,Urbanova,965907/7732,Zvolen,330929,vydaty
4683,Richard,Vesely,570311/8411,Nitra,961191,slobodny
4684,Lucia,Predajnianska,675207/1019,Bardejov,266364,vydaty
4685,Marek,Cerny,560523/8350,Senec,16489,slobodny
4686,Simona,Rusnakova,996027/3025,Poprad,563531,vydaty
4687,Richard,Cerny,690816/3093,Zvolen,52448,slobodny
4688,Barbora,Kucerova,785427/3403,Trencin,384528,vydaty
4689,Marek,Kucera,670515/4106,Snina,31590,slobodny
4690,Katerina,Markova,835405/2204,Trencin,624436,vydaty
4691,Jan,Cerny,631012/7451,Komarno,129885,slobodny
4692,Petra,Dvorakova,925104/3893,Zvolen,572316,vydaty
4693,Juraj,Fabian,990205/2105,Tvrdosin,330396,slobodny
4694,Petra,Horvathova,545207/4670,Humenne,678660,vydaty
4695,Peter,Vesely,550802/4169,Trencin,107780,slobodny
4696,Zuzana,Dvorakova,996220/5166,Zvolen,358286,vydaty
4697,Juraj,Fabian,550724/9609,Humenne,59254,slobodny
4698,Ivana,Urbanova,995428/8867,Levice,588574,vydaty
4699,Marek,Cerny,930401/7415,Levice,370141,slobodny
4700,Ivana,Markova,725607/1320,Zvolen,115068,vydaty
4701,Juraj,Horvath,610721/1801,Levice,331105,slobodny
4702,Barbora,Simekova,725215/4251,Svidnik,354349,vydaty
4703,Richard,Bednar,940911/2501,Poprad,520441,slobodny
4704,Barbora,Kucerova,885619/1743,Tvrdosin,343803,vydaty
4705,Radoslav,Dvorak,730423/3354,Humenne,892605,slobodny
4706,Jana,Dvorakova,716118/2315,Kosice,514313,vydaty
4707,Filip,Marko,930525/1359,Tvrdosin,419111,slobodny
4708,Barbora,Bednarova,925410/4867,Komarno,925264,vydaty
4709,Juraj,Predajniansky,910824/6885,Poprad,869798,slobodny
4710,Zuzana,Fabianova,565916/4583,Presov,858658,vydaty
4711,Tomas,Simek,670902/9001,Bardejov,253116,slobodny
4712,Lucia,Cerna,786026/3387,Levice,483158,vydaty
4713,Radoslav,Bednar,721024/8810,Snina,274442,slobodny
4714,Lucia,Muskova,555828/8884,Kosice,926718,vydaty
4715,Marek,Rusnak,750425/3517,Kosice,654893,slobodny
4716,Ivana,Kubikova,915218/9359,Levice,474011,vydaty
4717,Ondrej,Rusnak,911115/3665,Zilina,636465,slobodny
4718,Lucia,Novakova,835619/3090,Kosice,579982,vydaty
4719,Filip,Novak,930220/4666,Komarno,912165,slobodny
4720,Katerina,Vesela,765408/7321,Trencin,30752,vydaty
4721,Martin,Varga,840216/2746,Trnava,556061,slobodny
4722,Zuzana,Bednarova,636111/3333,Trnava,21202,vydaty
4723,Jan,Kucera,531201/4868,Humenne,931160,slobodny
4724,Barbora,Predajnianska,875716/2709,Nitra,936148,vydaty
4725,Filip,Predajniansky,920401/1780,Levice,255522,slobodny
4726,Veronika,Vesela,865307/6111,Poprad,799685,vydaty
4727,Filip,Kucera,780428/2132,Humenne,885915,slobodny
4728,Simona,Predajnianska,825112/5512,Zilina,936872,vydaty
4729,Richard,Bednar,910207/5210,Bratislava,487231,slobodny
4730,Barbora,Urbanova,616004/8609,Levice,157116,vydaty
4731,Juraj,Kucera,530409/8007,Svidnik,813606,slobodny
4732,Zuzana,Urbanova,565809/1134,Zvolen,29956,vydaty
4733,Marek,Muska,980201/5552,Nitra,177188,slobodny
4734,Sandra,Kucerova,935906/9198,Bardejov,390761,vydaty
4735,Tomas,Horvath,630220/2910,Svidnik,573160,slobodny
4736,Jana,Kucerova,536202/2842,Svidnik,292996,vydaty
4737,Radoslav,Fabian,530802/3199,Nitra,955453,slobodny
4738,Veronika,Dvorakova,626111/4445,Presov,985702,vydaty
4739,Radoslav,Kucera,550227/7314,Presov,561447,slobodny
4740,Zuzana,Dvorakova,935819/2151,Svidnik,783160,vydaty
4741,Tomas,Kucera,950117/5011,Trnava,999996,slobodny
4742,Simona,Simekova,906023/3273,Bratislava,187732,vydaty
4743,Peter,Kubik,730927/5600,Bratislava,14002,slobodny
4744,Barbora,Vargova,755915/9865,Kosice,66705,vydaty
4745,Richard,Fabian,880118/7495,Zvolen,981778,slobodny
4746,Petra,Horvathova,675504/2474,Senec,694263,vydaty
4747,Martin,Bednar,870714/6987,Snina,229413,slobodny
4748,Sandra,Simekova,586113/6706,Humenne,405270,vydaty
4749,Martin,Muska,551113/6164,Kosice,335920,slobodny
4750,Barbora,Cerna,995111/6571,Svidnik,965827,vydaty
4751,Juraj,Rusnak,600701/7427,Trencin,587521,slobodny
4752,Barbora,Vesela,646213/4245,Martin,843215,vydaty
4753,Jan,Kucera,540624/6533,Humenne,795827,slobodny
4754,Zuzana,Novakova,826218/7417,Kosice,11938,vydaty
4755,Ondrej,Cerny,820212/4437,Zvolen,729961,slobodny
4756,Simona,Bednarova,705614/8796,Trencin,936321,vydaty
4757,Jan,Varga,840413/2945,Tvrdosin,772152,slobodny
4758,Simona,Cerna,575320/2261,Senec,315656,vydaty
4759,Tomas,Rusnak,810606/7337,Zvolen,413205,slobodny
4760,Simona,Horvathova,805903/1709,Poprad,582500,vydaty
4761,Radoslav,Cerny,610621/2547,Levice,338147,slobodny
4762,Sandra,Cerna,765211/2424,Senec,787354,vydaty
4763,Tomas,Marko,701028/4633,Zilina,150571,slobodny
4764,Katerina,Bednarova,836218/9447,Tvrdosin,253772,vydaty
4765,Martin,Fabian,900803/4439,Svidnik,908395,slobodny
4766,Katerina,Kucerova,975111/1991,Snina,128838,vydaty
4767,Jan,Novak,740817/1425,Humenne,154667,slobodny
4768,Ivana,Dvorakova,545624/8364,Senec,383547,vydaty
4769,Radoslav,Kubik,670608/9732,Trencin,841203,slobodny
4770,Katerina,Kubikova,525918/1601,Svidnik,891662,vydaty
4771,Juraj,Bednar,620421/5784,Levice,626664,slobodny
4772,Petra,Fabianova,845223/1535,Snina,261823,vydaty
4773,Marek,Urban,851121/9457,Trencin,837505,slobodny
4774,Jana,Cerna,515320/7957,Zvolen,882879,vydaty
4775,Ondrej,Horvath,630913/3076,Snina,564196,slobodny
4776,Jana,Muskova,576017/8068,Poprad,158767,vydaty
4777,Tomas,Horvath,831024/7142,Svidnik,224084,slobodny
4778,Simona,Markova,995722/2263,Nitra,416805,vydaty
4779,Tomas,Kucera,540621/4815,Zvolen,963172,slobodny
4780,Veronika,Rusnakova,755605/2580,Bratislava,183985,vydaty
4781,Martin,Dvorak,791222/9596,Tvrdosin,411927,slobodny
4782,Ivana,Predajnianska,575309/7488,Senec,690671,vydaty
4783,Filip,Urban,710212/6955,Kosice,950487,slobodny
4784,Barbora,Cerna,905316/2268,Senec,855680,vydaty
4785,Ondrej,Muska,850809/6842,Senec,291733,slobodny
4786,Jana,Vesela,675410/9771,Zilina,562665,vydaty
4787,Martin,Novak,850604/2342,Trnava,718922,slobodny
4788,Lucia,Urbanova,655811/9950,Levice,76510,vydaty
4789,Radoslav,Marko,520618/1575,Kosice,465271,slobodny
4790,Ivana,Cerna,856101/1405,Zvolen,666512,vydaty
4791,Radoslav,Horvath,980428/5721,Presov,168028,slobodny
4792,Jana,Fabianova,636222/1335,Nitra,491633,vydaty
4793,Juraj,Varga,970709/2027,Nitra,443089,slobodny
4794,Lucia,Vargova,775806/9106,Humenne,765010,vydaty
4795,Ondrej,Kucera,950528/3565,Komarno,791354,slobodny
4796,Sandra,Novakova,516220/3167,Svidnik,895574,vydaty
4797,Richard,Cerny,971121/1677,Komarno,548942,slobodny
4798,Veronika,Horvathova,666213/5050,Zilina,465557,vydaty
4799,Juraj,Kucera,990816/8613,Bratislava,678263,slobodny
4800,Zuzana,Rusnakova,855418/8232,Levice,908267,vydaty
4801,Filip,Kubik,661211/9443,Kosice,639794,slobodny
4802,Sandra,Kubikova,585111/3676,Svidnik,584829,vydaty
4803,Jan,Fabian,911002/2586,Trnava,479692,slobodny
4804,Jana,Bednarova,875922/4091,Senec,827388,vydaty
4805,Martin,Novak,690927/4663,Svidnik,242421,slobodny
4806,Katerina,Dvorakova,546106/7531,Tvrdosin,690049,vydaty
4807,Juraj,Bednar,690616/4159,Zilina,301645,slobodny
4808,Petra,Horvathova,775527/9605,Trnava,657550,vydaty
4809,Tomas,Dvorak,520107/4671,Svidnik,813527,slobodny
4810,Petra,Kubikova,565303/6380,Humenne,192276,vydaty
4811,Tomas,Varga,971224/2407,Trnava,97819,slobodny
4812,Jana,Muskova,716113/7893,Nitra,495636,vydaty
4813,Radoslav,Fabian,970811/6274,Trencin,275676,slobodny
4814,Petra,Kucerova,685810/1114,Presov,139120,vydaty
4815,Juraj,Cerny,530926/2421,Presov,928577,slobodny
4816,Katerina,Novakova,695602/4599,Martin,749543,vydaty
4817,Richard,Bednar,560902/4062,Snina,267127,slobodny
4818,Katerina,Muskova,666005/5514,Nitra,454318,vydaty
4819,Juraj,Kubik,690423/6221,Kosice,744258,slobodny
4820,Katerina,Cerna,625924/5516,Trencin,357660,vydaty
4821,Peter,Kubik,940226/5978,Senec,184460,slobodny
4822,Lucia,Urbanova,795902/8151,Svidnik,226773,vydaty
4823,Juraj,Marko,880816/8998,Komarno,956212,slobodny
4824,Barbora,Fabianova,985308/9398,Trencin,254430,vydaty
4825,Richard,Varga,771213/4875,Snina,790299,slobodny
4826,Katerina,Vargova,575303/2612,Poprad,810634,vydaty
4827,Marek,Simek,910905/6490,Snina,740603,slobodny
4828,Veronika,Cerna,635204/6480,Senec,731653,vydaty
4829,Jan,Varga,660225/7712,Zilina,597452,slobodny
4830,Sandra,Simekova,996112/9275,Svidnik,422530,vydaty
4831,Juraj,Varga,691124/7573,Kosice,941121,slobodny
4832,Zuzana,Vargova,816007/4972,Nitra,437613,vydaty
4833,Martin,Urban,930513/4018,Zvolen,794655,slobodny
4834,Petra,Horvathova,605502/7179,Trencin,14987,vydaty
4835,Peter,Muska,940106/6393,Humenne,780561,slobodny
4836,Lucia,Cerna,736111/6733,Zvolen,550844,vydaty
4837,Jan,Dvorak,720513/2065,Bratislava,765393,slobodny
4838,Veronika,Dvorakova,525910/5699,Presov,775149,vydaty
4839,Martin,Fabian,510703/4441,Bratislava,504106,slobodny
4840,Ivana,Simekova,595402/8214,Komarno,314632,vydaty
4841,Jan,Cerny,740115/7008,Levice,914959,slobodny
4842,Veronika,Simekova,965128/1525,Svidnik,345034,vydaty
4843,Peter,Rusnak,881024/6337,Presov,297576,slobodny
4844,Barbora,Rusnakova,855904/2892,Kosice,996738,vydaty
4845,Richard,Predajniansky,851011/8959,Svidnik,587947,slobodny
4846,Sandra,Kucerova,635619/6004,Tvrdosin,798905,vydaty
4847,Peter,Urban,681014/6179,Levice,138758,slobodny
4848,Jana,Urbanova,775121/1196,Presov,486957,vydaty
4849,Ondrej,Bednar,740613/8546,Presov,501489,slobodny
4850,Simona,Vesela,596001/7759,Presov,637800,vydaty
4851,Jan,Novak,900302/4004,Tvrdosin,494385,slobodny
4852,Veronika,Fabianova,985521/5196,Bardejov,324195,vydaty
4853,Richard,Vesely,870502/8346,Zvolen,628505,slobodny
4854,Jana,Simekova,955121/4544,Zvolen,376675,vydaty
4855,Juraj,Dvorak,971024/6710,Bardejov,14283,slobodny
4856,Petra,Horvathova,995617/9448,Snina,928233,vydaty
4857,Peter,Kubik,530801/3558,Komarno,188379,slobodny
4858,Jana,Bednarova,656203/2952,Zvolen,984900,vydaty
4859,Radoslav,Rusnak,920128/4879,Bardejov,127221,slobodny
4860,Zuzana,Cerna,575626/9115,Zvolen,262172,vydaty
4861,Richard,Bednar,591221/8780,Svidnik,665975,slobodny
4862,Zuzana,Muskova,736010/6733,Senec,390934,vydaty
4863,Jan,Cerny,700906/1337,Poprad,510947,slobodny
4864,Ivana,Kucerova,845719/6556,Senec,639000,vydaty
4865,Tomas,Marko,770310/5145,Trnava,771203,slobodny
4866,Lucia,Kucerova,795306/9626,Trencin,194493,vydaty
4867,Filip,Dvorak,951017/1168,Poprad,390872,slobodny
4868,Petra,Markova,856222/8805,Nitra,192308,vydaty
4869,Marek,Kucera,830117/7907,Komarno,119687,slobodny
4870,Petra,Vesela,765501/1084,Bardejov,399473,vydaty
4871,Martin,Varga,710922/2705,Poprad,999403,slobodny
4872,Barbora,Muskova,535709/7252,Presov,231196,vydaty
4873,Martin,Varga,690314/4166,Svidnik,826540,slobodny
4874,Jana,Urbanova,785413/4307,Nitra,709342,vydaty
4875,Peter,Horvath,780801/9694,Poprad,707938,slobodny
4876,Zuzana,Rusnakova,816019/2625,Komarno,209134,vydaty
4877,Radoslav,Fabian,920102/2923,Humenne,667133,slobodny
4878,Barbora,Predajnianska,825128/2089,Zilina,700840,vydaty
4879,Peter,Varga,910201/8604,Humenne,746199,slobodny
4880,Simona,Dvorakova,556125/4065,Kosice,826646,vydaty
4881,Martin,Horvath,841225/8035,Trencin,533636,slobodny
4882,Katerina,Predajnianska,865104/3588,Bardejov,868305,vydaty
4883,Juraj,Horvath,870424/2978,Zvolen,828954,slobodny
4884,Sandra,Kubikova,985926/6059,Tvrdosin,99536,vydaty
4885,Filip,Muska,640622/2844,Nitra,166778,slobodny
4886,Zuzana,Horvathova,695711/6322,Trnava,14132,vydaty
4887,Peter,Fabian,940207/5112,Poprad,661614,slobodny
4888,Zuzana,Rusnakova,696104/6151,Levice,214503,vydaty
4889,Ondrej,Predajniansky,861225/9333,Nitra,523091,slobodny
4890,Katerina,Horvathova,865310/8828,Komarno,559184,vydaty
4891,Peter,Marko,800712/1177,Trnava,540267,slobodny
4892,Simona,Predajnianska,966006/3147,Trencin,44588,vydaty
4893,Radoslav,Varga,850405/8675,Trnava,457658,slobodny
4894,Petra,Muskova,695224/6690,Presov,634219,vydaty
4895,Martin,Urban,660228/9761,Poprad,464996,slobodny
4896,Katerina,Simekova,605606/9192,Svidnik,248601,vydaty
4897,Jan,Novak,771210/8306,Presov,65869,slobodny
4898,Ivana,Urbanova,745619/3028,Bratislava,163148,vydaty
4899,Martin,Varga,510614/1944,Komarno,33074,slobodny
4900,Petra,Vargova,615819/6875,Nitra,917635,vydaty
4901,Ondrej,Cerny,870119/5588,Bratislava,711379,slobodny
4902,Jana,Dvorakova,625925/9041,Tvrdosin,312421,vydaty
4903,Jan,Rusnak,840801/3182,Tvrdosin,627571,slobodny
4904,Simona,Predajnianska,885121/4933,Zvolen,500351,vydaty
4905,Ondrej,Varga,701107/6624,Kosice,971798,slobodny
4906,Sandra,Kubikova,755725/7813,Zvolen,635420,vydaty
4907,Juraj,Vesely,841128/4824,Komarno,927621,slobodny
4908,Lucia,Rusnakova,775922/5863,Tvrdosin,492637,vydaty
4909,Peter,Dvorak,630726/8195,Presov,238913,slobodny
4910,Petra,Vesela,575306/2463,Humenne,25575,vydaty
4911,Juraj,Dvorak,581208/2815,Trencin,867664,slobodny
4912,Zuzana,Cerna,585519/4665,Svidnik,648855,vydaty
4913,Jan,Predajniansky,980309/2256,Poprad,221253,slobodny
4914,Ivana,Muskova,825925/2521,Svidnik,239608,vydaty
4915,Richard,Fabian,730904/2418,Senec,755069,slobodny
4916,Katerina,Dvorakova,575805/5184,Trnava,363337,vydaty
4917,Radoslav,Kucera,971018/9097,Presov,216581,slobodny
4918,Zuzana,Bednarova,615126/7454,Trencin,695080,vydaty
4919,Martin,Rusnak,910428/2020,Zvolen,384348,slobodny
4920,Katerina,Muskova,595808/6583,Levice,736774,vydaty
4921,Martin,Fabian,810611/6729,Humenne,49932,slobodny
4922,Barbora,Horvathova,825808/7413,Martin,825271,vydaty
4923,Richard,Simek,781116/5369,Levice,388782,slobodny
4924,Petra,Muskova,585519/2910,Nitra,229162,vydaty
4925,Peter,Kucera,721117/8594,Bratislava,196103,slobodny
4926,Ivana,Cerna,835717/4945,Trnava,810706,vydaty
4927,Peter,Novak,670303/7186,Zvolen,759073,slobodny
4928,Katerina,Rusnakova,795112/6047,Snina,595094,vydaty
4929,Jan,Rusnak,890713/6938,Zilina,542500,slobodny
4930,Veronika,Fabianova,645428/8571,Tvrdosin,47753,vydaty
4931,Juraj,Muska,800513/6787,Levice,416949,slobodny
4932,Zuzana,Markova,635101/4177,Senec,391890,vydaty
4933,Tomas,Urban,890519/7687,Bratislava,914222,slobodny
4934,Lucia,Muskova,985904/2201,Bardejov,931530,vydaty
4935,Tomas,Fabian,510811/6622,Zvolen,203820,slobodny
4936,Zuzana,Fabianova,965828/1812,Bardejov,833824,vydaty
4937,Juraj,Horvath,570804/2990,Svidnik,84406,slobodny
4938,Sandra,Muskova,665902/7368,Presov,94322,vydaty
4939,Marek,Rusnak,970602/1622,Bratislava,72534,slobodny
4940,Jana,Horvathova,715310/9705,Zilina,172753,vydaty
4941,Filip,Kubik,940311/5346,Tvrdosin,717958,slobodny
4942,Veronika,Kubikova,936128/6756,Poprad,669572,vydaty
4943,Peter,Marko,960101/8979,Poprad,993291,slobodny
4944,Veronika,Kubikova,655909/6187,Zilina,688060,vydaty
4945,Jan,Fabian,980827/7664,Zvolen,78066,slobodny
4946,Sandra,Horvathova,625715/2380,Snina,533599,vydaty
4947,Ondrej,Novak,580216/9973,Kosice,515133,slobodny
4948,Petra,Kubikova,875511/5615,Poprad,960298,vydaty
4949,Jan,Dvorak,780105/6837,Trencin,247166,slobodny
4950,Simona,Bednarova,765526/1824,Nitra,412876,vydaty
4951,Tomas,Horvath,830428/9991,Nitra,447251,slobodny
4952,Barbora,Kucerova,715402/3680,Martin,900462,vydaty
4953,Filip,Horvath,710827/6762,Zvolen,793092,slobodny
4954,Sandra,Muskova,975322/4735,Levice,135291,vydaty
4955,Richard,Predajniansky,740319/8962,Svidnik,300344,slobodny
4956,Petra,Vesela,905219/2358,Martin,778729,vydaty
4957,Martin,Muska,840901/5083,Svidnik,641369,slobodny
4958,Sandra,Rusnakova,545203/6024,Komarno,657021,vydaty
4959,Radoslav,Bednar,700625/7772,Zilina,807034,slobodny
4960,Veronika,Cerna,645423/7763,Nitra,442716,vydaty
4961,Ondrej,Bednar,750520/1295,Levice,598586,slobodny
4962,Jana,Kubikova,806005/7232,Kosice,88743,vydaty
4963,Marek,Horvath,530423/2377,Levice,512923,slobodny
4964,Petra,Markova,876224/5631,Tvrdosin,476639,vydaty
4965,Richard,Urban,970203/5536,Bardejov,619056,slobodny
4966,Zuzana,Novakova,886016/8764,Kosice,967845,vydaty
4967,Marek,Kubik,810814/1735,Trnava,313676,slobodny
4968,Simona,Muskova,525607/8873,Humenne,97484,vydaty
4969,Filip,Dvorak,660901/6558,Zvolen,11926,slobodny
4970,Veronika,Vesela,955821/5428,Kosice,956304,vydaty
4971,Ondrej,Novak,631107/2501,Trnava,130507,slobodny
4972,Zuzana,Dvorakova,675520/9627,Kosice,189362,vydaty
4973,Radoslav,Varga,901114/3398,Senec,867539,slobodny
4974,Lucia,Predajnianska,715306/9387,Trencin,883911,vydaty
4975,Richard,Dvorak,810223/1360,Levice,395843,slobodny
4976,Katerina,Kucerova,645724/1205,Senec,488453,vydaty
4977,Peter,Predajniansky,530701/8617,Bratislava,834617,slobodny
4978,Zuzana,Vesela,985914/3304,Zilina,517906,vydaty
4979,Filip,Novak,981221/9613,Levice,361918,slobodny
4980,Sandra,Horvathova,855510/8822,Zilina,926178,vydaty
4981,Jan,Muska,950706/8211,Senec,33681,slobodny
4982,Katerina,Horvathova,596015/4110,Nitra,273090,vydaty
4983,Richard,Rusnak,700322/6783,Poprad,705900,slobodny
4984,Lucia,Urbanova,725302/9534,Zilina,195813,vydaty
4985,Radoslav,Marko,601011/4475,Nitra,804289,slobodny
4986,Katerina,Rusnakova,665706/6812,Bratislava,486858,vydaty
4987,Filip,Urban,750819/5157,Tvrdosin,883475,slobodny
4988,Sandra,Vargova,905511/6945,Humenne,686817,vydaty
4989,Radoslav,Bednar,680425/3925,Poprad,745043,slobodny
4990,Ivana,Dvorakova,755227/7181,Humenne,344515,vydaty
4991,Filip,Kucera,871002/9822,Zilina,772805,slobodny
4992,Lucia,Muskova,705317/1694,Presov,401046,vydaty
4993,Juraj,Rusnak,820524/1727,Zvolen,223031,slobodny
4994,Barbora,Vargova,806118/2253,Kosice,577754,vydaty
4995,Richard,Bednar,990305/2095,Bratislava,852672,slobodny
4996,Barbora,Horvathova,966226/9209,Kosice,636058,vydaty
4997,Richard,Horvath,910815/3338,Zvolen,580975,slobodny
4998,Veronika,Simekova,865922/6347,Bratislava,518133,vydaty
4999,Tomas,Bednar,991023/5073,Poprad,10746,slobodny
5000,Simona,Dvorakova,926026/2099,Bardejov,680794,vydaty
5001,Tomas,Horvath,820326/4080,Nitra,952585,slobodny
5002,Zuzana,Vesela,765409/6174,Nitra,570148,vydaty
5003,Radoslav,Muska,560405/6042,Svidnik,258896,slobodny
5004,Lucia,Predajnianska,825214/9921,Zvolen,486906,vydaty
5005,Filip,Varga,590405/1853,Kosice,307021,slobodny
5006,Lucia,Dvorakova,865225/8945,Levice,294373,vydaty
5007,Marek,Kubik,600427/7596,Komarno,19454,slobodny
5008,Simona,Muskova,805409/7317,Zilina,633616,vydaty
5009,Peter,Fabian,870609/7297,Senec,959978,slobodny
5010,Petra,Bednarova,605513/7232,Levice,721857,vydaty
5011,Marek,Dvorak,691111/9543,Bratislava,619701,slobodny
5012,Lucia,Urbanova,935524/5499,Humenne,888657,vydaty
5013,Radoslav,Varga,620528/8524,Trnava,696573,slobodny
5014,Simona,Bednarova,716227/8898,Humenne,981205,vydaty
5015,Filip,Bednar,810505/5290,Levice,649969,slobodny
5016,Zuzana,Novakova,645409/7929,Zilina,858681,vydaty
5017,Richard,Horvath,720410/1825,Martin,88335,slobodny
5018,Sandra,Bednarova,786220/8142,Humenne,109885,vydaty
5019,Jan,Dvorak,850313/4766,Svidnik,792469,slobodny
5020,Ivana,Vargova,755320/8693,Bratislava,104953,vydaty
5021,Filip,Simek,900724/5705,Presov,493504,slobodny
5022,Barbora,Horvathova,695506/7070,Svidnik,580064,vydaty
5023,Tomas,Varga,670320/7325,Komarno,644407,slobodny
5024,Petra,Markova,695110/1912,Poprad,305560,vydaty
5025,Martin,Kubik,581117/7612,Tvrdosin,748802,slobodny
5026,Lucia,Dvorakova,525507/2084,Kosice,191382,vydaty
5027,Peter,Fabian,660722/9112,Tvrdosin,386912,slobodny
5028,Petra,Dvorakova,605728/6261,Senec,706608,vydaty
5029,Radoslav,Novak,831216/1209,Presov,262909,slobodny
5030,Simona,Vargova,665407/3961,Bratislava,330822,vydaty
5031,Jan,Rusnak,720413/9908,Martin,542799,slobodny
5032,Simona,Kubikova,536113/6411,Bardejov,841590,vydaty
5033,Martin,Cerny,830322/1233,Bratislava,301907,slobodny
5034,Veronika,Vargova,815718/1594,Poprad,162097,vydaty
5035,Juraj,Predajniansky,601025/3739,Snina,910191,slobodny
5036,Petra,Bednarova,735616/6679,Nitra,788859,vydaty
5037,Martin,Vesely,540426/6434,Komarno,649478,slobodny
5038,Petra,Novakova,835408/9084,Presov,295245,vydaty
5039,Richard,Rusnak,511016/1033,Trnava,936031,slobodny
5040,Barbora,Horvathova,866220/9545,Kosice,710892,vydaty
5041,Martin,Horvath,970910/6783,Humenne,896797,slobodny
5042,Katerina,Vargova,725406/9030,Humenne,223786,vydaty
5043,Richard,Muska,890303/7593,Zvolen,946072,slobodny
5044,Barbora,Vargova,775901/2929,Senec,194571,vydaty
5045,Peter,Novak,650915/9667,Tvrdosin,212647,slobodny
5046,Lucia,Rusnakova,785817/7794,Nitra,80605,vydaty
5047,Radoslav,Vesely,630121/1670,Humenne,619404,slobodny
5048,Barbora,Muskova,935622/7637,Poprad,543993,vydaty
5049,Marek,Rusnak,631110/9169,Trnava,769194,slobodny
5050,Barbora,Novakova,565726/4417,Bratislava,544912,vydaty
5051,Marek,Horvath,971023/5008,Trnava,981181,slobodny
5052,Barbora,Kubikova,915617/4865,Svidnik,703016,vydaty
5053,Richard,Kucera,930918/9429,Bardejov,372693,slobodny
5054,Lucia,Bednarova,606212/3511,Presov,698517,vydaty
5055,Peter,Kubik,860627/7969,Kosice,817415,slobodny
5056,Simona,Kubikova,756124/7565,Trnava,150837,vydaty
5057,Filip,Varga,970422/4097,Senec,181477,slobodny
5058,Veronika,Cerna,715217/3909,Poprad,510693,vydaty
5059,Jan,Muska,880305/2576,Tvrdosin,463177,slobodny
5060,Veronika,Urbanova,665505/2572,Kosice,938819,vydaty
5061,Radoslav,Rusnak,880925/3213,Tvrdosin,715291,slobodny
5062,Katerina,Predajnianska,545119/6252,Trencin,947805,vydaty
5063,Marek,Urban,921015/5051,Humenne,833332,slobodny
5064,Veronika,Kubikova,666109/5675,Martin,250440,vydaty
5065,Martin,Cerny,830122/3591,Poprad,131025,slobodny
5066,Katerina,Kucerova,815519/8336,Levice,979391,vydaty
5067,Juraj,Horvath,800509/5535,Bardejov,678453,slobodny
5068,Simona,Kubikova,805518/4123,Bardejov,608205,vydaty
5069,Filip,Predajniansky,571013/4468,Humenne,495050,slobodny
5070,Katerina,Bednarova,756016/8137,Trnava,455268,vydaty
5071,Juraj,Muska,620706/6390,Humenne,253615,slobodny
5072,Ivana,Horvathova,646023/4411,Kosice,403203,vydaty
5073,Tomas,Bednar,511126/7188,Snina,241763,slobodny
5074,Katerina,Cerna,976224/7344,Senec,569559,vydaty
5075,Jan,Cerny,570923/5854,Bratislava,236303,slobodny
5076,Zuzana,Rusnakova,515308/9707,Snina,649558,vydaty
5077,Marek,Kucera,751116/3007,Senec,163438,slobodny
5078,Sandra,Muskova,925924/9932,Trencin,43553,vydaty
5079,Radoslav,Bednar,740514/8479,Senec,147781,slobodny
5080,Barbora,Dvorakova,995914/6689,Zilina,86697,vydaty
5081,Juraj,Predajniansky,531126/8225,Bardejov,264680,slobodny
5082,Zuzana,Horvathova,855925/7706,Bardejov,564763,vydaty
5083,Peter,Kucera,761004/4406,Kosice,297037,slobodny
5084,Jana,Dvorakova,836010/3570,Zilina,229806,vydaty
5085,Peter,Urban,781119/3729,Poprad,412783,slobodny
5086,Simona,Simekova,725511/2764,Presov,287005,vydaty
5087,Martin,Novak,630324/4250,Humenne,945917,slobodny
5088,Ivana,Dvorakova,676112/5838,Poprad,375103,vydaty
5089,Radoslav,Marko,950524/8768,Humenne,990095,slobodny
5090,Sandra,Kucerova,905502/9689,Svidnik,376983,vydaty
5091,Richard,Dvorak,820814/6337,Zvolen,46167,slobodny
5092,Katerina,Horvathova,606215/3340,Martin,989317,vydaty
5093,Marek,Fabian,550512/1176,Trnava,541031,slobodny
5094,Ivana,Cerna,756006/3653,Zilina,960274,vydaty
5095,Marek,Rusnak,680410/8918,Zilina,92980,slobodny
5096,Lucia,Novakova,925820/6424,Komarno,928068,vydaty
5097,Jan,Kubik,780905/7353,Snina,631045,slobodny
5098,Sandra,Novakova,825306/3150,Zvolen,841025,vydaty
5099,Juraj,Rusnak,720519/8439,Bratislava,516150,slobodny
5100,Barbora,Horvathova,755912/1248,Svidnik,944103,vydaty
5101,Radoslav,Vesely,580612/4069,Trnava,766125,slobodny
5102,Veronika,Rusnakova,645418/6028,Komarno,68694,vydaty
5103,Radoslav,Bednar,890410/2139,Komarno,671387,slobodny
5104,Sandra,Muskova,785119/1914,Senec,826742,vydaty
5105,Marek,Marko,750810/9245,Poprad,129105,slobodny
5106,Zuzana,Bednarova,545408/9482,Martin,666134,vydaty
5107,Juraj,Cerny,900412/6123,Trnava,447778,slobodny
5108,Sandra,Vargova,775604/9793,Svidnik,207699,vydaty
5109,Marek,Predajniansky,911220/6712,Tvrdosin,998367,slobodny
5110,Katerina,Simekova,826126/2581,Bratislava,586821,vydaty
5111,Radoslav,Bednar,700522/2929,Trnava,500135,slobodny
5112,Petra,Predajnianska,515412/4763,Martin,886730,vydaty
5113,Tomas,Kubik,720823/2917,Kosice,705285,slobodny
5114,Zuzana,Simekova,746019/9735,Snina,384480,vydaty
5115,Peter,Rusnak,710426/9489,Poprad,205047,slobodny
5116,Simona,Bednarova,655314/9489,Zvolen,493609,vydaty
5117,Peter,Muska,820117/8923,Trnava,154501,slobodny
5118,Ivana,Rusnakova,705910/1734,Senec,790222,vydaty
5119,Peter,Cerny,931001/5978,Poprad,980889,slobodny
5120,Jana,Vesela,915116/5949,Zvolen,782146,vydaty
5121,Richard,Varga,750907/1408,Bratislava,219769,slobodny
5122,Lucia,Novakova,805809/5986,Humenne,319541,vydaty
5123,Tomas,Bednar,651216/1053,Trnava,954735,slobodny
5124,Ivana,Kubikova,896122/9516,Kosice,151338,vydaty
5125,Tomas,Dvorak,940914/6399,Zilina,256758,slobodny
5126,Lucia,Kubikova,586009/4601,Zvolen,833535,vydaty
5127,Ondrej,Fabian,660810/3402,Nitra,257433,slobodny
5128,Zuzana,Urbanova,726102/1840,Svidnik,615710,vydaty
5129,Richard,Marko,531116/7089,Humenne,874803,slobodny
5130,Veronika,Cerna,525623/9454,Trencin,802551,vydaty
5131,Ondrej,Cerny,770917/8376,Komarno,798565,slobodny
5132,Katerina,Horvathova,515913/5987,Tvrdosin,602411,vydaty
5133,Jan,Urban,690820/3842,Levice,137125,slobodny
5134,Veronika,Novakova,776206/3302,Svidnik,287918,vydaty
5135,Richard,Rusnak,570620/6009,Tvrdosin,328143,slobodny
5136,Sandra,Dvorakova,975702/2825,Bratislava,805813,vydaty
5137,Richard,Rusnak,550109/4256,Komarno,522755,slobodny
5138,Ivana,Fabianova,716213/5746,Trencin,444354,vydaty
5139,Filip,Varga,960413/8482,Humenne,416912,slobodny
5140,Zuzana,Bednarova,655517/5359,Trencin,712892,vydaty
5141,Richard,Kucera,590426/9758,Bardejov,830406,slobodny
5142,Katerina,Novakova,955919/9389,Svidnik,535808,vydaty
5143,Jan,Bednar,780901/6059,Zilina,948984,slobodny
5144,Sandra,Vesela,795902/3086,Trencin,500929,vydaty
5145,Filip,Kubik,980702/2245,Martin,638714,slobodny
5146,Lucia,Muskova,516222/1728,Svidnik,775762,vydaty
5147,Martin,Simek,720503/4855,Senec,91089,slobodny
5148,Sandra,Vargova,826003/3628,Komarno,410377,vydaty
5149,Peter,Urban,900513/9396,Humenne,969640,slobodny
5150,Zuzana,Fabianova,725709/8103,Martin,923147,vydaty
5151,Juraj,Kucera,800707/9889,Snina,159182,slobodny
5152,Veronika,Vargova,555818/2897,Presov,773296,vydaty
5153,Richard,Marko,910419/1665,Poprad,720177,slobodny
5154,Zuzana,Urbanova,835605/9098,Trnava,922908,vydaty
5155,Filip,Vesely,920212/3221,Komarno,477690,slobodny
5156,Jana,Urbanova,706208/4811,Martin,603159,vydaty
5157,Juraj,Horvath,580715/3699,Nitra,391413,slobodny
5158,Petra,Muskova,965927/9522,Levice,853425,vydaty
5159,Richard,Cerny,750211/8689,Senec,867649,slobodny
5160,Zuzana,Simekova,746120/8799,Presov,730089,vydaty
5161,Richard,Kucera,580724/8832,Kosice,508710,slobodny
5162,Veronika,Horvathova,875910/3963,Senec,684444,vydaty
5163,Juraj,Fabian,840919/4909,Presov,405214,slobodny
5164,Sandra,Dvorakova,795702/6001,Kosice,78863,vydaty
5165,Marek,Cerny,780517/8664,Levice,306628,slobodny
5166,Petra,Bednarova,846222/2309,Svidnik,232552,vydaty
5167,Jan,Muska,550728/3805,Humenne,129919,slobodny
5168,Petra,Dvorakova,705413/3052,Kosice,113268,vydaty
5169,Richard,Novak,561223/6195,Trnava,396123,slobodny
5170,Zuzana,Markova,775717/2953,Zvolen,998402,vydaty
5171,Filip,Kucera,660627/8713,Bratislava,235666,slobodny
5172,Lucia,Muskova,935820/8563,Komarno,757173,vydaty
5173,Juraj,Vesely,551225/3672,Presov,100839,slobodny
5174,Ivana,Cerna,765323/2413,Poprad,282782,vydaty
5175,Peter,Bednar,580614/4433,Snina,784578,slobodny
5176,Jana,Vesela,895116/8260,Svidnik,827980,vydaty
5177,Radoslav,Varga,600117/2890,Bardejov,447077,slobodny
5178,Zuzana,Dvorakova,845416/7651,Komarno,729503,vydaty
5179,Jan,Muska,880110/2447,Nitra,893569,slobodny
5180,Simona,Horvathova,935108/5428,Senec,40940,vydaty
5181,Radoslav,Cerny,860704/1292,Trencin,160058,slobodny
5182,Sandra,Vargova,915406/3556,Humenne,878118,vydaty
5183,Juraj,Kucera,720615/5155,Nitra,300870,slobodny
5184,Katerina,Novakova,765112/8150,Svidnik,52536,vydaty
5185,Filip,Vesely,581216/5967,Svidnik,944407,slobodny
5186,Ivana,Bednarova,655902/7364,Trencin,646772,vydaty
5187,Martin,Dvorak,680613/7402,Humenne,803451,slobodny
5188,Jana,Kucerova,545726/5575,Martin,438652,vydaty
5189,Jan,Muska,950901/8738,Snina,616118,slobodny
5190,Lucia,Vesela,915817/3014,Poprad,134640,vydaty
5191,Filip,Rusnak,620524/1502,Trnava,148923,slobodny
5192,Barbora,Rusnakova,545910/4461,Presov,429496,vydaty
5193,Martin,Kucera,771005/6801,Tvrdosin,870932,slobodny
5194,Ivana,Dvorakova,516009/6009,Bratislava,969642,vydaty
5195,Tomas,Marko,971207/2738,Komarno,50424,slobodny
5196,Veronika,Bednarova,885201/2134,Levice,83100,vydaty
5197,Marek,Bednar,890422/9446,Zvolen,983336,slobodny
5198,Ivana,Bednarova,606017/9510,Poprad,893190,vydaty
5199,Marek,Vesely,990726/5970,Zvolen,92351,slobodny
5200,Petra,Urbanova,995826/5006,Bratislava,985951,vydaty
5201,Tomas,Fabian,701128/7403,Humenne,346728,slobodny
5202,Simona,Predajnianska,765219/5209,Svidnik,246789,vydaty
5203,Tomas,Vesely,751122/2241,Humenne,308883,slobodny
5204,Barbora,Markova,556106/1891,Zilina,72344,vydaty
5205,Radoslav,Kubik,860419/3714,Presov,372379,slobodny
5206,Jana,Vesela,585527/2034,Presov,332570,vydaty
5207,Richard,Marko,520928/1589,Svidnik,230646,slobodny
5208,Lucia,Muskova,535116/1632,Svidnik,577372,vydaty
5209,Tomas,Urban,800905/3797,Snina,823423,slobodny
5210,Katerina,Vargova,895228/3983,Tvrdosin,943286,vydaty
5211,Radoslav,Marko,860504/7566,Snina,252474,slobodny
5212,Katerina,Kubikova,515211/1779,Snina,513129,vydaty
5213,Peter,Urban,600915/4760,Svidnik,851659,slobodny
5214,Ivana,Markova,915224/1725,Tvrdosin,780518,vydaty
5215,Martin,Rusnak,621017/9010,Kosice,424794,slobodny
5216,Zuzana,Vesela,645514/1055,Presov,763845,vydaty
5217,Ondrej,Novak,570216/7728,Humenne,126254,slobodny
5218,Veronika,Simekova,875817/2568,Nitra,294713,vydaty
5219,Peter,Varga,590523/7697,Martin,412824,slobodny
5220,Barbora,Novakova,855307/9215,Snina,484857,vydaty
5221,Martin,Urban,990120/1172,Komarno,744858,slobodny
5222,Ivana,Markova,876206/2310,Poprad,184921,vydaty
5223,Richard,Kucera,830317/8016,Presov,19207,slobodny
5224,Petra,Vesela,715403/4311,Snina,110894,vydaty
5225,Jan,Urban,561226/8935,Snina,48689,slobodny
5226,Jana,Rusnakova,565403/1642,Nitra,288724,vydaty
5227,Ondrej,Vesely,710428/6083,Snina,342259,slobodny
5228,Ivana,Vesela,925425/1646,Presov,222797,vydaty
5229,Tomas,Rusnak,710728/4415,Komarno,460620,slobodny
5230,Barbora,Bednarova,825927/4040,Senec,168344,vydaty
5231,Tomas,Novak,650503/1705,Kosice,203251,slobodny
5232,Ivana,Fabianova,535211/6481,Trencin,667739,vydaty
5233,Marek,Fabian,950222/2481,Zvolen,611008,slobodny
5234,Sandra,Vesela,806223/9899,Zilina,329829,vydaty
5235,Filip,Kucera,941022/8600,Poprad,929942,slobodny
5236,Katerina,Simekova,876028/8240,Snina,371165,vydaty
5237,Marek,Horvath,900616/2009,Presov,355724,slobodny
5238,Simona,Simekova,726021/1274,Tvrdosin,560845,vydaty
5239,Peter,Horvath,790422/4369,Presov,547779,slobodny
5240,Sandra,Horvathova,946105/9100,Trencin,834136,vydaty
5241,Radoslav,Vesely,690402/5572,Martin,138042,slobodny
5242,Veronika,Kucerova,615815/4985,Senec,833602,vydaty
5243,Ondrej,Fabian,750424/8492,Tvrdosin,470393,slobodny
5244,Lucia,Muskova,886002/8782,Svidnik,857279,vydaty
5245,Peter,Predajniansky,940314/1775,Svidnik,972909,slobodny
5246,Ivana,Muskova,975118/2242,Zvolen,927043,vydaty
5247,Tomas,Muska,631115/1038,Poprad,321025,slobodny
5248,Simona,Bednarova,616215/9920,Senec,650953,vydaty
5249,Tomas,Cerny,960408/5384,Nitra,961442,slobodny
5250,Barbora,Novakova,525101/7659,Bardejov,993598,vydaty
5251,Marek,Kubik,771018/4353,Snina,462271,slobodny
5252,Katerina,Kubikova,776013/3657,Trencin,459701,vydaty
5253,Martin,Kucera,651006/7348,Trnava,337946,slobodny
5254,Sandra,Fabianova,615116/7460,Zilina,134706,vydaty
5255,Marek,Predajniansky,810715/1465,Humenne,227685,slobodny
5256,Ivana,Rusnakova,645508/4547,Svidnik,496276,vydaty
5257,Marek,Kubik,880327/5147,Bardejov,469166,slobodny
5258,Barbora,Vesela,795422/3095,Martin,48662,vydaty
5259,Peter,Marko,950418/7026,Presov,501160,slobodny
5260,Petra,Cerna,875705/7371,Levice,506778,vydaty
5261,Peter,Dvorak,540806/1894,Trencin,629241,slobodny
5262,Ivana,Kucerova,946026/3091,Senec,897216,vydaty
5263,Radoslav,Horvath,920305/2743,Zvolen,756357,slobodny
5264,Simona,Kucerova,635923/6680,Komarno,350172,vydaty
5265,Marek,Muska,600624/8736,Svidnik,415647,slobodny
5266,Lucia,Dvorakova,905916/7841,Bratislava,351412,vydaty
5267,Ondrej,Horvath,701011/9473,Snina,820962,slobodny
5268,Veronika,Rusnakova,645402/8895,Levice,206812,vydaty
5269,Radoslav,Urban,870822/3466,Snina,777912,slobodny
5270,Sandra,Muskova,585926/6700,Trnava,683651,vydaty
5271,Juraj,Kubik,570416/6091,Trnava,731724,slobodny
5272,Zuzana,Novakova,815413/8227,Poprad,556980,vydaty
5273,Ondrej,Simek,581217/3175,Humenne,558419,slobodny
5274,Petra,Rusnakova,665807/9760,Poprad,12491,vydaty
5275,Marek,Fabian,520613/7237,Poprad,831046,slobodny
5276,Barbora,Predajnianska,765521/5521,Zvolen,837222,vydaty
5277,Juraj,Varga,920603/7388,Humenne,425832,slobodny
5278,Jana,Kubikova,866010/9994,Presov,973907,vydaty
5279,Marek,Dvorak,511225/4559,Svidnik,909993,slobodny
5280,Jana,Kucerova,655514/9048,Poprad,567920,vydaty
5281,Jan,Muska,530701/2992,Senec,920526,slobodny
5282,Lucia,Bednarova,665522/3110,Senec,147575,vydaty
5283,Tomas,Novak,840713/5893,Zilina,43206,slobodny
5284,Lucia,Horvathova,966011/4276,Snina,757523,vydaty
5285,Ondrej,Rusnak,690506/7801,Levice,509498,slobodny
5286,Sandra,Fabianova,895519/4440,Bardejov,425411,vydaty
5287,Richard,Fabian,980808/8365,Kosice,308035,slobodny
5288,Barbora,Kucerova,886006/9504,Poprad,876657,vydaty
5289,Ondrej,Rusnak,890527/6869,Komarno,376081,slobodny
5290,Barbora,Predajnianska,985820/7967,Trnava,77791,vydaty
5291,Peter,Predajniansky,581125/2544,Komarno,216348,slobodny
5292,Simona,Cerna,526218/5827,Trnava,923683,vydaty
5293,Jan,Muska,751123/3132,Nitra,771421,slobodny
5294,Barbora,Horvathova,765920/9137,Snina,685015,vydaty
5295,Juraj,Cerny,810702/1988,Tvrdosin,102054,slobodny
5296,Zuzana,Bednarova,635616/6654,Zilina,355345,vydaty
5297,Peter,Kubik,820612/7670,Komarno,980780,slobodny
5298,Sandra,Vargova,855428/1155,Snina,119697,vydaty
5299,Filip,Bednar,651220/9428,Trnava,227436,slobodny
5300,Sandra,Predajnianska,706224/7928,Poprad,567364,vydaty
5301,Marek,Predajniansky,630705/1510,Martin,299677,slobodny
5302,Simona,Muskova,715412/2546,Tvrdosin,400868,vydaty
5303,Juraj,Horvath,630606/3652,Zilina,358471,slobodny
5304,Barbora,Novakova,516109/1454,Svidnik,397383,vydaty
5305,Ondrej,Marko,730401/1475,Snina,37293,slobodny
5306,Sandra,Predajnianska,605404/7601,Zilina,231809,vydaty
5307,Tomas,Novak,990416/5238,Komarno,20238,slobodny
5308,Zuzana,Predajnianska,655917/3316,Poprad,397596,vydaty
5309,Tomas,Bednar,631221/3032,Nitra,273948,slobodny
5310,Sandra,Dvorakova,855822/9869,Zilina,458873,vydaty
5311,Radoslav,Marko,990512/6378,Poprad,716543,slobodny
5312,Petra,Vesela,725912/3232,Svidnik,898333,vydaty
5313,Peter,Urban,650127/4016,Zvolen,141984,slobodny
5314,Veronika,Bednarova,775317/1108,Bardejov,295327,vydaty
5315,Filip,Novak,881124/3284,Svidnik,141273,slobodny
5316,Lucia,Bednarova,615523/7811,Snina,207489,vydaty
5317,Marek,Vesely,520914/9933,Trencin,603689,slobodny
5318,Veronika,Vargova,915516/1836,Humenne,184321,vydaty
5319,Martin,Rusnak,940322/3849,Svidnik,923750,slobodny
5320,Sandra,Bednarova,765224/2249,Bratislava,210096,vydaty
5321,Peter,Predajniansky,740624/6634,Svidnik,483040,slobodny
5322,Zuzana,Kubikova,815502/9665,Trnava,445750,vydaty
5323,Ondrej,Rusnak,700821/5433,Bardejov,970299,slobodny
5324,Barbora,Simekova,795928/7009,Svidnik,623183,vydaty
5325,Jan,Bednar,851210/5892,Komarno,756225,slobodny
5326,Zuzana,Bednarova,766110/1748,Snina,559275,vydaty
5327,Tomas,Varga,751017/3759,Humenne,228203,slobodny
5328,Sandra,Novakova,546213/1931,Zilina,352589,vydaty
5329,Jan,Cerny,550928/9490,Trnava,412252,slobodny
5330,Ivana,Vargova,976107/6403,Bratislava,346519,vydaty
5331,Ondrej,Rusnak,700607/6957,Bardejov,62231,slobodny
5332,Sandra,Kucerova,995410/2057,Tvrdosin,775761,vydaty
5333,Juraj,Kucera,690719/8684,Poprad,34179,slobodny
5334,Jana,Horvathova,776017/6510,Zilina,46566,vydaty
5335,Radoslav,Predajniansky,920324/2567,Humenne,125934,slobodny
5336,Barbora,Predajnianska,815203/5183,Poprad,926545,vydaty
5337,Richard,Rusnak,851023/7465,Bratislava,218333,slobodny
5338,Jana,Novakova,875317/3197,Bardejov,542915,vydaty
5339,Martin,Vesely,670510/6977,Poprad,118229,slobodny
5340,Ivana,Vesela,775811/3750,Levice,637062,vydaty
5341,Jan,Urban,660914/8854,Snina,78970,slobodny
5342,Sandra,Kubikova,725612/4754,Senec,714209,vydaty
5343,Marek,Predajniansky,960503/7049,Kosice,296759,slobodny
5344,Sandra,Simekova,685508/4011,Trencin,697296,vydaty
5345,Tomas,Vesely,860405/2314,Svidnik,371092,slobodny
5346,Katerina,Vargova,736007/4057,Kosice,635670,vydaty
5347,Juraj,Urban,921212/1075,Snina,447292,slobodny
5348,Barbora,Muskova,755228/7019,Svidnik,722131,vydaty
5349,Richard,Predajniansky,570714/5334,Svidnik,116549,slobodny
5350,Barbora,Rusnakova,775102/1985,Poprad,302352,vydaty
5351,Tomas,Dvorak,550921/4319,Trnava,701608,slobodny
5352,Zuzana,Vargova,795616/2103,Svidnik,349128,vydaty
5353,Jan,Predajniansky,890907/3681,Zilina,747119,slobodny
5354,Jana,Kucerova,835126/2651,Trnava,905877,vydaty
5355,Jan,Simek,570724/1468,Bardejov,904447,slobodny
5356,Petra,Kubikova,545727/3559,Zilina,417597,vydaty
5357,Marek,Kucera,740308/6203,Humenne,163700,slobodny
5358,Jana,Cerna,706003/3946,Tvrdosin,386241,vydaty
5359,Radoslav,Predajniansky,670518/7075,Zvolen,118986,slobodny
5360,Zuzana,Cerna,865817/2433,Senec,348955,vydaty
5361,Filip,Bednar,781126/1690,Presov,591853,slobodny
5362,Zuzana,Simekova,976014/6333,Trnava,953639,vydaty
5363,Jan,Predajniansky,720926/4720,Poprad,50622,slobodny
5364,Sandra,Fabianova,695524/1392,Tvrdosin,451720,vydaty
5365,Ondrej,Predajniansky,661201/9738,Levice,805713,slobodny
5366,Barbora,Urbanova,746224/9754,Tvrdosin,750888,vydaty
5367,Filip,Novak,881227/8312,Humenne,90066,slobodny
5368,Veronika,Horvathova,596205/8504,Svidnik,165448,vydaty
5369,Ondrej,Kucera,710620/9119,Komarno,391573,slobodny
5370,Petra,Urbanova,526206/2079,Nitra,338433,vydaty
5371,Filip,Kucera,610114/4935,Komarno,758683,slobodny
5372,Katerina,Rusnakova,675318/6797,Bardejov,956822,vydaty
5373,Radoslav,Kucera,840825/2233,Martin,50691,slobodny
5374,Jana,Dvorakova,935527/9920,Snina,868469,vydaty
5375,Jan,Bednar,901212/1564,Bratislava,536172,slobodny
5376,Petra,Novakova,975711/7538,Bratislava,270970,vydaty
5377,Richard,Urban,520908/8091,Poprad,131712,slobodny
5378,Sandra,Dvorakova,926026/7351,Senec,476827,vydaty
5379,Ondrej,Cerny,850823/6485,Kosice,639379,slobodny
5380,Zuzana,Bednarova,945717/3890,Komarno,917981,vydaty
5381,Radoslav,Predajniansky,931109/8929,Komarno,559659,slobodny
5382,Veronika,Muskova,615314/5447,Zvolen,644643,vydaty
5383,Radoslav,Muska,550506/8924,Nitra,306566,slobodny
5384,Ivana,Horvathova,635709/7938,Zilina,104885,vydaty
5385,Martin,Vesely,980814/7679,Trencin,449459,slobodny
5386,Zuzana,Urbanova,886203/2726,Nitra,986220,vydaty
5387,Tomas,Kubik,680906/8565,Tvrdosin,615862,slobodny
5388,Ivana,Dvorakova,776225/9607,Senec,793195,vydaty
5389,Radoslav,Vesely,890311/8140,Nitra,151188,slobodny
5390,Ivana,Simekova,695610/7619,Komarno,88024,vydaty
5391,Ondrej,Horvath,601228/2831,Humenne,831512,slobodny
5392,Simona,Rusnakova,655909/1697,Bardejov,974065,vydaty
5393,Tomas,Horvath,740728/7099,Zvolen,524404,slobodny
5394,Lucia,Kubikova,985402/8634,Tvrdosin,318891,vydaty
5395,Juraj,Muska,901210/5393,Svidnik,692637,slobodny
5396,Petra,Vesela,515215/8635,Bardejov,739098,vydaty
5397,Jan,Kubik,600217/8816,Senec,102152,slobodny
5398,Barbora,Kubikova,746120/9762,Senec,143636,vydaty
5399,Peter,Horvath,981206/8385,Poprad,713950,slobodny
5400,Zuzana,Rusnakova,625118/8624,Trnava,132090,vydaty
5401,Richard,Marko,721220/9392,Bardejov,118835,slobodny
5402,Jana,Rusnakova,666109/1586,Tvrdosin,485262,vydaty
5403,Richard,Cerny,880103/5552,Zilina,241881,slobodny
5404,Veronika,Novakova,515508/7640,Nitra,72963,vydaty
5405,Ondrej,Marko,850428/5804,Svidnik,162171,slobodny
5406,Veronika,Vesela,615811/1158,Komarno,671069,vydaty
5407,Filip,Dvorak,770601/8253,Senec,460364,slobodny
5408,Katerina,Vesela,565524/9422,Bardejov,89386,vydaty
5409,Radoslav,Rusnak,870406/4922,Tvrdosin,710145,slobodny
5410,Petra,Rusnakova,636225/5170,Levice,603882,vydaty
5411,Tomas,Fabian,510310/3764,Trnava,946397,slobodny
5412,Ivana,Muskova,826119/5368,Tvrdosin,406796,vydaty
5413,Marek,Kubik,580917/8651,Presov,645116,slobodny
5414,Ivana,Kucerova,755114/4294,Bratislava,325924,vydaty
5415,Jan,Horvath,800718/1751,Snina,693691,slobodny
5416,Lucia,Markova,785425/7081,Bratislava,899512,vydaty
5417,Filip,Rusnak,840213/5196,Martin,668809,slobodny
5418,Lucia,Horvathova,696117/7334,Humenne,781552,vydaty
5419,Richard,Dvorak,840507/2201,Senec,815160,slobodny
5420,Ivana,Rusnakova,645421/6922,Kosice,395400,vydaty
5421,Martin,Predajniansky,700824/3168,Snina,77335,slobodny
5422,Petra,Bednarova,776224/6827,Presov,502841,vydaty
5423,Tomas,Urban,610724/8647,Humenne,40664,slobodny
5424,Lucia,Predajnianska,905221/8698,Komarno,106615,vydaty
5425,Marek,Predajniansky,520715/9726,Bratislava,797992,slobodny
5426,Ivana,Urbanova,885310/8789,Martin,449743,vydaty
5427,Jan,Muska,571012/7391,Poprad,925038,slobodny
5428,Zuzana,Bednarova,665408/7153,Snina,312243,vydaty
5429,Marek,Predajniansky,820620/8659,Kosice,483147,slobodny
5430,Veronika,Muskova,655510/3401,Zvolen,429523,vydaty
5431,Juraj,Bednar,511211/1976,Svidnik,224645,slobodny
5432,Petra,Novakova,775708/7006,Komarno,747943,vydaty
5433,Richard,Dvorak,760402/9611,Tvrdosin,934055,slobodny
5434,Zuzana,Kucerova,875513/1313,Komarno,142954,vydaty
5435,Jan,Novak,750210/7307,Zilina,893047,slobodny
5436,Barbora,Vesela,895407/4252,Bratislava,353924,vydaty
5437,Martin,Novak,940208/8021,Martin,448403,slobodny
5438,Jana,Kubikova,686010/1041,Svidnik,635086,vydaty
5439,Tomas,Muska,920117/6299,Trnava,972670,slobodny
5440,Barbora,Vesela,855609/6854,Nitra,713755,vydaty
5441,Peter,Predajniansky,670621/9661,Zvolen,63241,slobodny
5442,Katerina,Kubikova,755711/5385,Kosice,388837,vydaty
5443,Marek,Dvorak,640427/9578,Trencin,972500,slobodny
5444,Jana,Dvorakova,886221/2333,Zilina,314148,vydaty
5445,Martin,Fabian,920721/5903,Bratislava,792502,slobodny
5446,Simona,Novakova,515118/2057,Nitra,117291,vydaty
5447,Peter,Vesely,650419/4737,Nitra,129217,slobodny
5448,Barbora,Kubikova,735822/1091,Nitra,778408,vydaty
5449,Richard,Kubik,540407/4093,Poprad,354006,slobodny
5450,Ivana,Simekova,786203/6442,Tvrdosin,57356,vydaty
5451,Richard,Predajniansky,780716/3575,Senec,205371,slobodny
5452,Sandra,Cerna,675817/6564,Tvrdosin,220634,vydaty
5453,Radoslav,Horvath,561009/2994,Zvolen,163326,slobodny
5454,Barbora,Horvathova,555807/1258,Presov,440743,vydaty
5455,Martin,Simek,821216/3791,Kosice,99854,slobodny
5456,Simona,Horvathova,576110/1728,Komarno,817308,vydaty
5457,Jan,Novak,760403/8135,Trnava,762361,slobodny
5458,Barbora,Horvathova,595121/4749,Bratislava,972553,vydaty
5459,Jan,Predajniansky,951210/7008,Bratislava,74725,slobodny
5460,Sandra,Bednarova,605511/4159,Poprad,718818,vydaty
5461,Jan,Urban,650923/3540,Presov,239991,slobodny
5462,Zuzana,Dvorakova,955211/5307,Kosice,52670,vydaty
5463,Tomas,Dvorak,530710/1341,Martin,377903,slobodny
5464,Sandra,Markova,945508/8076,Humenne,937366,vydaty
5465,Jan,Simek,640913/4125,Snina,945868,slobodny
5466,Ivana,Horvathova,545622/2870,Senec,254366,vydaty
5467,Richard,Varga,940427/1491,Kosice,903240,slobodny
5468,Sandra,Kucerova,995413/7762,Tvrdosin,323094,vydaty
5469,Richard,Marko,900420/3418,Levice,409963,slobodny
5470,Katerina,Simekova,806208/8045,Tvrdosin,295459,vydaty
5471,Ondrej,Fabian,881207/9983,Bardejov,140461,slobodny
5472,Petra,Vargova,845818/1881,Poprad,999478,vydaty
5473,Jan,Rusnak,980907/7362,Kosice,273277,slobodny
5474,Zuzana,Muskova,796011/1779,Zvolen,762860,vydaty
5475,Marek,Cerny,731224/9597,Tvrdosin,622737,slobodny
5476,Petra,Vesela,636223/1088,Zilina,42846,vydaty
5477,Richard,Marko,750414/6672,Levice,167975,slobodny
5478,Simona,Kubikova,705112/5492,Nitra,344077,vydaty
5479,Peter,Kucera,550505/1100,Bardejov,274466,slobodny
5480,Zuzana,Markova,856008/9001,Levice,999267,vydaty
5481,Juraj,Horvath,880617/6144,Zvolen,665154,slobodny
5482,Petra,Rusnakova,705525/1381,Bratislava,947779,vydaty
5483,Tomas,Kucera,571209/4073,Snina,272259,slobodny
5484,Barbora,Rusnakova,986002/3316,Zilina,176389,vydaty
5485,Jan,Rusnak,850505/1567,Martin,470919,slobodny
5486,Zuzana,Vesela,845615/3137,Poprad,492928,vydaty
5487,Richard,Varga,750724/1190,Bratislava,198600,slobodny
5488,Simona,Horvathova,575916/1113,Levice,653723,vydaty
5489,Richard,Novak,961012/4164,Trnava,277686,slobodny
5490,Simona,Muskova,606103/2717,Nitra,416618,vydaty
5491,Filip,Kucera,890609/4623,Presov,300158,slobodny
5492,Sandra,Bednarova,536019/8379,Komarno,99834,vydaty
5493,Filip,Kucera,641022/7766,Zvolen,634407,slobodny
5494,Zuzana,Simekova,665811/3723,Trencin,36013,vydaty
5495,Peter,Novak,670225/1157,Zilina,152779,slobodny
5496,Katerina,Rusnakova,925313/5931,Humenne,807835,vydaty
5497,Richard,Novak,870422/6041,Poprad,145516,slobodny
5498,Ivana,Novakova,876112/9295,Nitra,271198,vydaty
5499,Ondrej,Muska,700902/1888,Komarno,24934,slobodny
5500,Lucia,Vesela,765109/8607,Poprad,570094,vydaty
5501,Jan,Urban,920605/1993,Nitra,614906,slobodny
5502,Simona,Kubikova,585411/7186,Bratislava,85278,vydaty
5503,Radoslav,Cerny,970326/2279,Trnava,948932,slobodny
5504,Sandra,Bednarova,615226/4649,Trnava,169408,vydaty
5505,Ondrej,Urban,740707/1486,Poprad,706290,slobodny
5506,Barbora,Simekova,815828/3724,Bratislava,859789,vydaty
5507,Ondrej,Urban,670115/1253,Senec,968003,slobodny
5508,Sandra,Simekova,585218/1062,Presov,746851,vydaty
5509,Martin,Muska,980119/9846,Zvolen,862493,slobodny
5510,Jana,Simekova,575712/8179,Nitra,363335,vydaty
5511,Juraj,Simek,700925/3155,Senec,842593,slobodny
5512,Katerina,Markova,626106/5265,Snina,688573,vydaty
5513,Peter,Cerny,530412/8722,Poprad,96535,slobodny
5514,Barbora,Simekova,525220/2048,Levice,919496,vydaty
5515,Marek,Varga,670320/2749,Trencin,306166,slobodny
5516,Katerina,Vargova,966024/7868,Kosice,308396,vydaty
5517,Filip,Varga,790117/7864,Zvolen,465781,slobodny
5518,Lucia,Horvathova,935110/2412,Levice,304124,vydaty
5519,Ondrej,Horvath,860718/4061,Martin,621256,slobodny
5520,Zuzana,Dvorakova,815124/5843,Komarno,911566,vydaty
5521,Peter,Varga,920805/9249,Humenne,793889,slobodny
5522,Barbora,Bednarova,856109/8568,Zvolen,899265,vydaty
5523,Filip,Kucera,581215/9629,Bardejov,491408,slobodny
5524,Katerina,Simekova,845412/5772,Senec,253456,vydaty
5525,Richard,Fabian,810221/8772,Bardejov,869109,slobodny
5526,Simona,Vargova,825523/6130,Bardejov,123397,vydaty
5527,Tomas,Fabian,711215/9819,Levice,362465,slobodny
5528,Sandra,Bednarova,855627/1047,Poprad,785881,vydaty
5529,Peter,Fabian,720411/4284,Trnava,496159,slobodny
5530,Ivana,Muskova,795712/1708,Humenne,606598,vydaty
5531,Richard,Vesely,970412/4584,Presov,563366,slobodny
5532,Sandra,Simekova,575409/8513,Bratislava,290514,vydaty
5533,Peter,Kubik,731211/7920,Levice,855895,slobodny
5534,Zuzana,Dvorakova,795709/5633,Poprad,415996,vydaty
5535,Martin,Muska,610916/4090,Presov,949108,slobodny
5536,Simona,Rusnakova,655625/3800,Poprad,779970,vydaty
5537,Juraj,Urban,770515/8261,Poprad,393463,slobodny
5538,Simona,Rusnakova,765728/5109,Trencin,923088,vydaty
5539,Filip,Rusnak,530203/4726,Levice,907947,slobodny
5540,Petra,Kubikova,835913/2157,Zvolen,105884,vydaty
5541,Jan,Novak,511112/5509,Nitra,515562,slobodny
5542,Simona,Kucerova,895203/9354,Humenne,506003,vydaty
5543,Jan,Cerny,940924/6881,Bratislava,23543,slobodny
5544,Veronika,Simekova,785812/2266,Nitra,545232,vydaty
5545,Juraj,Kucera,740501/8348,Zilina,116819,slobodny
5546,Katerina,Kubikova,555405/2421,Zilina,685495,vydaty
5547,Filip,Urban,541117/4260,Svidnik,494166,slobodny
5548,Katerina,Horvathova,765112/7868,Senec,949971,vydaty
5549,Ondrej,Bednar,800321/5047,Snina,128861,slobodny
5550,Zuzana,Novakova,895205/3838,Levice,371430,vydaty
5551,Jan,Urban,640111/8183,Snina,616213,slobodny
5552,Ivana,Vesela,696220/4822,Trnava,673554,vydaty
5553,Jan,Kucera,980528/5020,Zilina,577371,slobodny
5554,Barbora,Kucerova,675508/8884,Komarno,118737,vydaty
5555,Juraj,Marko,850113/3534,Senec,92201,slobodny
5556,Jana,Predajnianska,765203/1480,Senec,949574,vydaty
5557,Jan,Cerny,710618/3751,Poprad,403258,slobodny
5558,Sandra,Rusnakova,585111/3832,Poprad,127863,vydaty
5559,Martin,Horvath,560702/7917,Zilina,758721,slobodny
5560,Barbora,Predajnianska,865107/8867,Senec,234414,vydaty
5561,Richard,Horvath,790225/7418,Trnava,293083,slobodny
5562,Simona,Vesela,925106/2923,Humenne,510045,vydaty
5563,Martin,Rusnak,820320/1876,Levice,807542,slobodny
5564,Ivana,Dvorakova,575822/4533,Martin,414751,vydaty
5565,Marek,Marko,550409/6964,Poprad,270628,slobodny
5566,Simona,Vesela,925208/6321,Komarno,370933,vydaty
5567,Tomas,Cerny,860223/4351,Nitra,683489,slobodny
5568,Veronika,Cerna,756125/5266,Zvolen,755470,vydaty
5569,Peter,Novak,930921/4043,Nitra,708220,slobodny
5570,Ivana,Vargova,965917/5450,Martin,531076,vydaty
5571,Tomas,Simek,981118/1969,Humenne,775160,slobodny
5572,Petra,Urbanova,545904/4339,Nitra,594487,vydaty
5573,Radoslav,Kucera,800616/5483,Senec,256520,slobodny
5574,Petra,Vesela,565720/6755,Bratislava,211461,vydaty
5575,Jan,Bednar,690207/7751,Martin,107673,slobodny
5576,Lucia,Dvorakova,686025/5872,Zvolen,571655,vydaty
5577,Radoslav,Fabian,870119/9843,Senec,566666,slobodny
5578,Jana,Predajnianska,955420/7660,Tvrdosin,597692,vydaty
5579,Marek,Novak,870222/4109,Zilina,238606,slobodny
5580,Jana,Fabianova,676104/9508,Martin,690626,vydaty
5581,Ondrej,Horvath,560314/4172,Levice,789131,slobodny
5582,Barbora,Predajnianska,625510/9680,Senec,316308,vydaty
5583,Jan,Urban,700326/9617,Levice,164082,slobodny
5584,Veronika,Urbanova,975806/5797,Tvrdosin,676649,vydaty
5585,Radoslav,Marko,901113/2444,Nitra,145309,slobodny
5586,Petra,Bednarova,635822/9943,Poprad,97626,vydaty
5587,Radoslav,Muska,861111/3196,Tvrdosin,562864,slobodny
5588,Jana,Simekova,815913/1547,Trencin,483744,vydaty
5589,Martin,Muska,710821/4159,Bardejov,439779,slobodny
5590,Petra,Predajnianska,915210/1352,Presov,996528,vydaty
5591,Juraj,Novak,510510/7894,Trnava,972932,slobodny
5592,Veronika,Vargova,715413/5099,Trencin,769300,vydaty
5593,Tomas,Kucera,760120/6315,Nitra,371580,slobodny
5594,Ivana,Bednarova,776213/7914,Kosice,891671,vydaty
5595,Radoslav,Kubik,831222/6692,Bratislava,685235,slobodny
5596,Sandra,Horvathova,925308/3989,Trnava,13363,vydaty
5597,Jan,Marko,761220/4469,Zvolen,641988,slobodny
5598,Simona,Cerna,865701/4800,Trencin,995945,vydaty
5599,Martin,Rusnak,820501/8679,Humenne,494672,slobodny
5600,Barbora,Kubikova,655414/4754,Snina,803060,vydaty
5601,Juraj,Muska,770202/4165,Martin,918112,slobodny
5602,Katerina,Vesela,635805/3296,Nitra,685651,vydaty
5603,Tomas,Kubik,960125/8957,Martin,309760,slobodny
5604,Barbora,Dvorakova,895414/4515,Bardejov,594642,vydaty
5605,Marek,Varga,600726/5768,Trencin,786068,slobodny
5606,Sandra,Kubikova,775808/4584,Senec,815417,vydaty
5607,Jan,Kubik,510408/6254,Bardejov,195202,slobodny
5608,Petra,Kubikova,826224/2513,Kosice,546737,vydaty
5609,Martin,Kubik,621127/6935,Tvrdosin,793094,slobodny
5610,Katerina,Urbanova,625814/4689,Presov,888179,vydaty
5611,Jan,Marko,820221/5318,Presov,874238,slobodny
5612,Ivana,Muskova,555507/7466,Trnava,718895,vydaty
5613,Tomas,Novak,780627/1532,Trnava,707785,slobodny
5614,Sandra,Predajnianska,615318/2803,Levice,871427,vydaty
5615,Filip,Kucera,630409/9750,Nitra,199011,slobodny
5616,Sandra,Cerna,965206/4373,Zvolen,816406,vydaty
5617,Juraj,Cerny,711109/7009,Zvolen,663349,slobodny
5618,Petra,Vargova,526022/9509,Zvolen,365696,vydaty
5619,Richard,Fabian,621110/8474,Humenne,789190,slobodny
5620,Petra,Bednarova,915603/7481,Humenne,821987,vydaty
5621,Peter,Bednar,700305/2651,Bratislava,63178,slobodny
5622,Ivana,Kubikova,745814/2533,Bratislava,228897,vydaty
5623,Richard,Novak,850419/2291,Tvrdosin,141247,slobodny
5624,Katerina,Vargova,746206/1028,Trnava,482288,vydaty
5625,Richard,Vesely,930623/1121,Komarno,610630,slobodny
5626,Veronika,Simekova,555126/3638,Martin,907337,vydaty
5627,Peter,Rusnak,510812/8583,Humenne,255011,slobodny
5628,Jana,Novakova,895923/4258,Bratislava,676573,vydaty
5629,Ondrej,Rusnak,910802/7109,Trnava,643747,slobodny
5630,Petra,Predajnianska,755803/1756,Bardejov,543921,vydaty
5631,Peter,Muska,570226/4945,Presov,687588,slobodny
5632,Lucia,Kucerova,895307/6575,Zilina,254238,vydaty
5633,Jan,Urban,830202/7865,Tvrdosin,288851,slobodny
5634,Sandra,Kucerova,975711/5184,Nitra,959887,vydaty
5635,Radoslav,Horvath,950117/3821,Svidnik,153750,slobodny
5636,Sandra,Vargova,815505/5967,Bratislava,15154,vydaty
5637,Juraj,Marko,770718/1924,Bratislava,377702,slobodny
5638,Barbora,Kubikova,515611/8276,Komarno,964232,vydaty
5639,Filip,Novak,631013/6302,Nitra,116583,slobodny
5640,Katerina,Predajnianska,765413/6558,Komarno,390781,vydaty
5641,Tomas,Urban,740213/2162,Trnava,284922,slobodny
5642,Lucia,Muskova,875103/1729,Trnava,426443,vydaty
5643,Tomas,Muska,590112/6636,Bardejov,992778,slobodny
5644,Katerina,Muskova,775607/3802,Trnava,700499,vydaty
5645,Jan,Vesely,920401/6268,Poprad,76982,slobodny
5646,Lucia,Novakova,805106/3248,Nitra,142667,vydaty
5647,Richard,Muska,930317/2994,Bratislava,188899,slobodny
5648,Sandra,Simekova,775806/6663,Snina,766935,vydaty
5649,Juraj,Novak,980818/5690,Komarno,532251,slobodny
5650,Jana,Rusnakova,775903/8792,Levice,253937,vydaty
5651,Peter,Kucera,980927/9853,Tvrdosin,132473,slobodny
5652,Ivana,Vargova,756223/2059,Zvolen,367042,vydaty
5653,Marek,Urban,570804/8857,Bardejov,898015,slobodny
5654,Veronika,Fabianova,885927/2005,Snina,618055,vydaty
5655,Tomas,Marko,931102/6365,Bratislava,913479,slobodny
5656,Veronika,Muskova,935216/9328,Trnava,846871,vydaty
5657,Marek,Simek,660526/2122,Bratislava,500816,slobodny
5658,Lucia,Simekova,835317/1512,Svidnik,723355,vydaty
5659,Filip,Bednar,661216/8358,Komarno,211905,slobodny
5660,Jana,Muskova,665608/3100,Levice,918290,vydaty
5661,Tomas,Cerny,650425/6298,Humenne,531913,slobodny
5662,Sandra,Vesela,595126/9021,Nitra,690943,vydaty
5663,Jan,Horvath,600603/3241,Nitra,183873,slobodny
5664,Lucia,Rusnakova,775925/3651,Tvrdosin,560900,vydaty
5665,Juraj,Cerny,730628/7816,Humenne,62693,slobodny
5666,Katerina,Predajnianska,905207/2564,Tvrdosin,651337,vydaty
5667,Peter,Varga,731222/3954,Komarno,872402,slobodny
5668,Lucia,Simekova,925612/3940,Zvolen,764340,vydaty
5669,Marek,Cerny,700528/2766,Presov,767834,slobodny
5670,Simona,Predajnianska,835521/1584,Snina,891349,vydaty
5671,Martin,Muska,530603/1423,Trencin,342809,slobodny
5672,Jana,Dvorakova,536116/2973,Zilina,962343,vydaty
5673,Tomas,Varga,831020/5108,Trnava,895695,slobodny
5674,Barbora,Vesela,695509/7039,Bratislava,792915,vydaty
5675,Marek,Urban,980526/2704,Bardejov,451063,slobodny
5676,Lucia,Muskova,965705/6524,Zilina,407196,vydaty
5677,Tomas,Predajniansky,630807/7511,Nitra,425606,slobodny
5678,Barbora,Urbanova,566003/7298,Zilina,375355,vydaty
5679,Tomas,Fabian,881010/2289,Zilina,341127,slobodny
5680,Simona,Fabianova,945806/9820,Tvrdosin,680104,vydaty
5681,Peter,Urban,980909/1919,Levice,434239,slobodny
5682,Katerina,Bednarova,515913/7841,Nitra,456128,vydaty
5683,Jan,Urban,590806/7644,Bratislava,901082,slobodny
5684,Jana,Cerna,775702/8067,Levice,198577,vydaty
5685,Juraj,Vesely,700906/5930,Humenne,185333,slobodny
5686,Katerina,Kubikova,995728/1939,Kosice,300423,vydaty
5687,Richard,Bednar,630619/8071,Komarno,379400,slobodny
5688,Barbora,Novakova,615920/3609,Senec,26941,vydaty
5689,Marek,Rusnak,701225/3120,Presov,500796,slobodny
5690,Sandra,Urbanova,565810/8052,Bratislava,348032,vydaty
5691,Juraj,Kubik,651022/3398,Senec,872312,slobodny
5692,Katerina,Bednarova,685120/2749,Svidnik,621072,vydaty
5693,Ondrej,Rusnak,631109/3238,Trencin,177049,slobodny
5694,Sandra,Kubikova,705905/7078,Snina,301405,vydaty
5695,Juraj,Urban,520228/2363,Presov,181703,slobodny
5696,Veronika,Novakova,885428/8917,Kosice,784767,vydaty
5697,Richard,Simek,931021/4666,Tvrdosin,864055,slobodny
5698,Sandra,Kucerova,775426/5035,Levice,711541,vydaty
5699,Peter,Marko,660401/3359,Trnava,188633,slobodny
5700,Jana,Simekova,646201/5078,Trencin,563156,vydaty
5701,Jan,Vesely,811110/6206,Tvrdosin,929873,slobodny
5702,Lucia,Bednarova,976011/7256,Tvrdosin,90882,vydaty
5703,Peter,Marko,580617/3787,Martin,109016,slobodny
5704,Simona,Dvorakova,785210/2123,Trnava,651646,vydaty
5705,Tomas,Novak,811115/2473,Bratislava,981269,slobodny
5706,Lucia,Horvathova,966018/7034,Humenne,261979,vydaty
5707,Martin,Simek,790722/5224,Bratislava,930359,slobodny
5708,Veronika,Rusnakova,585906/8654,Poprad,258942,vydaty
5709,Ondrej,Fabian,680721/2181,Trnava,807033,slobodny
5710,Ivana,Fabianova,716122/9302,Svidnik,482535,vydaty
5711,Marek,Kubik,880516/2271,Levice,710128,slobodny
5712,Barbora,Markova,895312/7449,Kosice,955441,vydaty
5713,Juraj,Cerny,980203/6594,Martin,100008,slobodny
5714,Lucia,Predajnianska,726209/9976,Snina,131333,vydaty
5715,Filip,Horvath,700311/6241,Nitra,364702,slobodny
5716,Simona,Dvorakova,895622/4631,Martin,361236,vydaty
5717,Ondrej,Cerny,820615/4317,Nitra,805226,slobodny
5718,Ivana,Kubikova,995815/8098,Zilina,716897,vydaty
5719,Filip,Kubik,860520/8503,Senec,91145,slobodny
5720,Zuzana,Bednarova,885901/8154,Tvrdosin,96704,vydaty
5721,Martin,Marko,891010/8355,Kosice,512497,slobodny
5722,Veronika,Cerna,755420/4886,Humenne,260368,vydaty
5723,Peter,Varga,950810/8569,Levice,511885,slobodny
5724,Simona,Vargova,946118/5857,Presov,356641,vydaty
5725,Richard,Bednar,870923/5139,Zilina,774355,slobodny
5726,Veronika,Dvorakova,655808/6631,Zilina,890138,vydaty
5727,Martin,Urban,620924/4224,Bratislava,558395,slobodny
5728,Sandra,Kucerova,945807/9475,Martin,955035,vydaty
5729,Martin,Varga,900227/4107,Nitra,93716,slobodny
5730,Petra,Simekova,775418/8541,Martin,151538,vydaty
5731,Martin,Bednar,630323/7126,Bardejov,405299,slobodny
5732,Petra,Rusnakova,696125/3238,Trnava,953602,vydaty
5733,Juraj,Horvath,810319/3113,Trnava,852617,slobodny
5734,Petra,Bednarova,616117/7093,Zilina,978352,vydaty
5735,Filip,Varga,631019/4538,Trencin,972047,slobodny
5736,Barbora,Novakova,995526/3703,Presov,547305,vydaty
5737,Martin,Kucera,910102/2041,Zilina,33265,slobodny
5738,Ivana,Simekova,875606/2808,Senec,118850,vydaty
5739,Ondrej,Rusnak,760708/8991,Senec,849083,slobodny
5740,Barbora,Urbanova,586115/5297,Presov,229597,vydaty
5741,Richard,Muska,601227/8229,Tvrdosin,254805,slobodny
5742,Ivana,Bednarova,855208/9032,Snina,505649,vydaty
5743,Radoslav,Predajniansky,831120/5800,Trencin,423208,slobodny
5744,Katerina,Rusnakova,705603/7808,Bardejov,870598,vydaty
5745,Marek,Fabian,781225/1528,Bratislava,521514,slobodny
5746,Zuzana,Cerna,615619/4163,Humenne,322362,vydaty
5747,Peter,Horvath,820409/2343,Senec,450796,slobodny
5748,Simona,Vargova,616212/7804,Komarno,402930,vydaty
5749,Jan,Urban,510802/4451,Levice,432109,slobodny
5750,Barbora,Horvathova,815601/7293,Tvrdosin,753729,vydaty
5751,Martin,Kucera,850505/5724,Zvolen,598309,slobodny
5752,Katerina,Bednarova,645426/3576,Bardejov,254333,vydaty
5753,Martin,Horvath,730223/1653,Snina,489109,slobodny
5754,Sandra,Kucerova,956226/3276,Komarno,293616,vydaty
5755,Peter,Fabian,781118/4508,Tvrdosin,939527,slobodny
5756,Simona,Novakova,566014/5866,Senec,552038,vydaty
5757,Ondrej,Muska,811207/9108,Komarno,814225,slobodny
5758,Petra,Novakova,756022/2077,Bardejov,325668,vydaty
5759,Marek,Urban,920827/2631,Snina,82056,slobodny
5760,Barbora,Novakova,885809/2524,Svidnik,106864,vydaty
5761,Ondrej,Kubik,610317/7284,Trnava,662765,slobodny
5762,Jana,Cerna,905912/5023,Snina,267345,vydaty
5763,Juraj,Dvorak,960221/7920,Zilina,339912,slobodny
5764,Katerina,Fabianova,825405/8403,Snina,934000,vydaty
5765,Richard,Predajniansky,661103/9736,Zvolen,195681,slobodny
5766,Lucia,Dvorakova,785213/7514,Zilina,76200,vydaty
5767,Ondrej,Rusnak,840118/8971,Bardejov,722366,slobodny
5768,Petra,Predajnianska,655801/6029,Svidnik,795192,vydaty
5769,Juraj,Marko,760422/1252,Senec,384307,slobodny
5770,Petra,Simekova,725607/2219,Nitra,48615,vydaty
5771,Peter,Kubik,591005/7393,Senec,153456,slobodny
5772,Petra,Muskova,525711/9736,Snina,389718,vydaty
5773,Peter,Novak,720823/9793,Senec,86457,slobodny
5774,Jana,Muskova,995805/9831,Bratislava,588478,vydaty
5775,Filip,Muska,530217/7737,Snina,790269,slobodny
5776,Jana,Kucerova,845410/1359,Presov,677953,vydaty
5777,Filip,Bednar,681008/6838,Snina,220887,slobodny
5778,Zuzana,Horvathova,805825/8083,Komarno,215559,vydaty
5779,Tomas,Fabian,710913/7822,Zvolen,141400,slobodny
5780,Barbora,Dvorakova,615803/8937,Nitra,486680,vydaty
5781,Martin,Dvorak,850910/8965,Bratislava,864002,slobodny
5782,Sandra,Rusnakova,885822/1024,Nitra,706316,vydaty
5783,Tomas,Rusnak,640105/5094,Bratislava,103841,slobodny
5784,Sandra,Markova,825422/9879,Trnava,282419,vydaty
5785,Ondrej,Kucera,590803/4037,Presov,239510,slobodny
5786,Ivana,Vargova,696102/7275,Bardejov,597606,vydaty
5787,Radoslav,Varga,790821/6730,Kosice,358281,slobodny
5788,Sandra,Muskova,575808/2822,Humenne,115238,vydaty
5789,Filip,Dvorak,820915/9887,Bardejov,461500,slobodny
5790,Ivana,Horvathova,896211/8944,Poprad,748414,vydaty
5791,Ondrej,Fabian,970114/5497,Martin,763197,slobodny
5792,Barbora,Bednarova,706226/1321,Zvolen,145003,vydaty
5793,Filip,Horvath,590506/6921,Presov,724901,slobodny
5794,Veronika,Vargova,615523/5513,Senec,203593,vydaty
5795,Marek,Vesely,540923/9184,Martin,399135,slobodny
5796,Sandra,Vesela,635620/6084,Kosice,163678,vydaty
5797,Marek,Marko,930921/2671,Tvrdosin,551911,slobodny
5798,Barbora,Kucerova,785701/4316,Snina,641426,vydaty
5799,Richard,Vesely,760707/6853,Zvolen,322122,slobodny
5800,Jana,Simekova,906124/2988,Svidnik,599922,vydaty
5801,Tomas,Vesely,611003/2901,Poprad,476607,slobodny
5802,Veronika,Urbanova,635405/9037,Tvrdosin,997209,vydaty
5803,Marek,Fabian,810621/5633,Tvrdosin,934081,slobodny
5804,Zuzana,Vesela,665127/7289,Bardejov,774088,vydaty
5805,Richard,Cerny,510505/5265,Zilina,498410,slobodny
5806,Veronika,Dvorakova,695518/8569,Bratislava,716982,vydaty
5807,Ondrej,Vesely,731001/9084,Svidnik,811312,slobodny
5808,Jana,Kubikova,725922/1747,Bardejov,48080,vydaty
5809,Marek,Predajniansky,750701/8053,Senec,259642,slobodny
5810,Veronika,Bednarova,776212/4055,Snina,342205,vydaty
5811,Juraj,Muska,630604/5253,Zvolen,135481,slobodny
5812,Petra,Fabianova,826126/5204,Presov,987192,vydaty
5813,Peter,Simek,521112/4646,Martin,808037,slobodny
5814,Petra,Kucerova,806022/3039,Poprad,674983,vydaty
5815,Ondrej,Urban,610202/6257,Trencin,311448,slobodny
5816,Simona,Rusnakova,785628/6436,Bratislava,335374,vydaty
5817,Juraj,Vesely,871027/8366,Kosice,722697,slobodny
5818,Ivana,Vargova,765205/8666,Trnava,113748,vydaty
5819,Juraj,Novak,591110/5797,Presov,419205,slobodny
5820,Sandra,Kucerova,665907/3515,Senec,676047,vydaty
5821,Tomas,Kubik,510314/6582,Levice,458068,slobodny
5822,Zuzana,Cerna,546223/2859,Kosice,651823,vydaty
5823,Jan,Kubik,910123/3217,Trencin,923247,slobodny
5824,Zuzana,Kucerova,995514/2548,Senec,668653,vydaty
5825,Peter,Bednar,830203/8680,Bardejov,209961,slobodny
5826,Jana,Vargova,605210/2563,Trnava,118079,vydaty
5827,Ondrej,Varga,921020/8408,Tvrdosin,604207,slobodny
5828,Zuzana,Vesela,556004/8442,Presov,481656,vydaty
5829,Jan,Bednar,991215/1420,Trencin,178561,slobodny
5830,Ivana,Predajnianska,835224/6990,Zvolen,805972,vydaty
5831,Radoslav,Bednar,770505/7124,Martin,197800,slobodny
5832,Petra,Fabianova,926025/2577,Bardejov,379598,vydaty
5833,Jan,Vesely,890710/1980,Zvolen,668521,slobodny
5834,Zuzana,Simekova,645410/7626,Trnava,783418,vydaty
5835,Juraj,Urban,820506/6638,Levice,580319,slobodny
5836,Veronika,Horvathova,535528/9138,Bratislava,667354,vydaty
5837,Filip,Simek,510508/3243,Martin,59719,slobodny
5838,Lucia,Urbanova,545226/2538,Snina,756712,vydaty
5839,Ondrej,Dvorak,620725/4093,Kosice,590901,slobodny
5840,Jana,Muskova,845106/9932,Nitra,253343,vydaty
5841,Radoslav,Dvorak,650628/4101,Humenne,344353,slobodny
5842,Simona,Predajnianska,865702/5092,Komarno,636175,vydaty
5843,Filip,Cerny,640225/7524,Bratislava,739275,slobodny
5844,Ivana,Kubikova,925221/4627,Snina,614252,vydaty
5845,Radoslav,Kubik,581106/7363,Bardejov,858334,slobodny
5846,Sandra,Rusnakova,596006/2063,Bratislava,657366,vydaty
5847,Filip,Novak,911111/6381,Komarno,886249,slobodny
5848,Lucia,Predajnianska,905213/8100,Zvolen,521756,vydaty
5849,Filip,Kubik,820510/5673,Nitra,926566,slobodny
5850,Katerina,Simekova,865605/4843,Trnava,285624,vydaty
5851,Martin,Dvorak,781108/4833,Bratislava,174854,slobodny
5852,Zuzana,Muskova,835802/3124,Poprad,489992,vydaty
5853,Jan,Rusnak,700505/3324,Senec,484312,slobodny
5854,Sandra,Novakova,886012/7116,Kosice,572196,vydaty
5855,Ondrej,Cerny,540727/3169,Zvolen,416636,slobodny
5856,Petra,Vesela,935115/3380,Snina,247367,vydaty
5857,Ondrej,Bednar,820103/5693,Kosice,545742,slobodny
5858,Simona,Urbanova,535926/2605,Bratislava,857315,vydaty
5859,Juraj,Marko,990909/4114,Poprad,149124,slobodny
5860,Zuzana,Vesela,635518/1413,Presov,285435,vydaty
5861,Radoslav,Novak,790618/9090,Presov,169071,slobodny
5862,Barbora,Urbanova,695827/8217,Zvolen,31096,vydaty
5863,Tomas,Vesely,830904/2039,Bratislava,195608,slobodny
5864,Katerina,Dvorakova,725503/4263,Nitra,472195,vydaty
5865,Jan,Dvorak,521106/8257,Snina,318677,slobodny
5866,Katerina,Markova,595314/9184,Poprad,573596,vydaty
5867,Tomas,Kucera,670215/2371,Kosice,420175,slobodny
5868,Petra,Urbanova,735124/1168,Trencin,873781,vydaty
5869,Marek,Vesely,600824/1858,Snina,476222,slobodny
5870,Simona,Markova,695703/9632,Bratislava,452913,vydaty
5871,Jan,Predajniansky,741103/7475,Bratislava,378004,slobodny
5872,Katerina,Novakova,915211/6400,Trnava,321490,vydaty
5873,Tomas,Predajniansky,730828/5725,Poprad,451949,slobodny
5874,Barbora,Simekova,545424/7658,Senec,682072,vydaty
5875,Marek,Predajniansky,700119/6117,Presov,860709,slobodny
5876,Zuzana,Muskova,905608/9609,Kosice,814716,vydaty
5877,Peter,Novak,840126/8145,Nitra,354879,slobodny
5878,Lucia,Kucerova,845106/2513,Presov,605812,vydaty
5879,Jan,Marko,941119/6819,Svidnik,238485,slobodny
5880,Ivana,Muskova,655926/4797,Bardejov,255505,vydaty
5881,Martin,Dvorak,530119/5824,Poprad,161067,slobodny
5882,Veronika,Rusnakova,595506/5075,Bratislava,847076,vydaty
5883,Peter,Novak,810608/4402,Zvolen,382370,slobodny
5884,Petra,Horvathova,926225/8700,Komarno,638551,vydaty
5885,Martin,Kubik,750822/8731,Svidnik,775178,slobodny
5886,Jana,Horvathova,565203/6234,Nitra,303479,vydaty
5887,Marek,Simek,560809/7111,Humenne,721582,slobodny
5888,Jana,Dvorakova,685320/1687,Svidnik,17387,vydaty
5889,Richard,Fabian,641211/5135,Zvolen,373393,slobodny
5890,Katerina,Novakova,615911/1008,Senec,618678,vydaty
5891,Ondrej,Horvath,590716/8584,Poprad,355245,slobodny
5892,Ivana,Vesela,695907/7465,Poprad,357048,vydaty
5893,Marek,Horvath,781020/5458,Trencin,653543,slobodny
5894,Jana,Fabianova,685825/6627,Zilina,315479,vydaty
5895,Filip,Varga,810201/4457,Svidnik,222903,slobodny
5896,Zuzana,Simekova,775626/3471,Senec,509785,vydaty
5897,Richard,Kucera,660404/6342,Bratislava,537481,slobodny
5898,Lucia,Fabianova,535817/7238,Bratislava,58054,vydaty
5899,Martin,Fabian,860313/2268,Zilina,430318,slobodny
5900,Zuzana,Cerna,516201/2275,Presov,708179,vydaty
5901,Jan,Muska,800510/4942,Zvolen,682085,slobodny
5902,Barbora,Cerna,986215/7031,Nitra,624435,vydaty
5903,Filip,Horvath,771221/4694,Poprad,900546,slobodny
5904,Katerina,Fabianova,985603/3677,Nitra,79497,vydaty
5905,Juraj,Rusnak,981001/5027,Bardejov,499420,slobodny
5906,Zuzana,Novakova,765119/3432,Levice,597124,vydaty
5907,Martin,Fabian,530719/1818,Komarno,408018,slobodny
5908,Barbora,Muskova,585317/4723,Zvolen,485792,vydaty
5909,Martin,Urban,790620/4694,Humenne,843165,slobodny
5910,Sandra,Dvorakova,975206/7925,Komarno,132898,vydaty
5911,Richard,Kubik,920926/7979,Kosice,358612,slobodny
5912,Jana,Dvorakova,696128/1534,Presov,109259,vydaty
5913,Juraj,Cerny,930716/6620,Trnava,859569,slobodny
5914,Sandra,Vesela,706024/3735,Poprad,221593,vydaty
5915,Jan,Urban,641106/2923,Zilina,840450,slobodny
5916,Zuzana,Kubikova,535224/3660,Poprad,931706,vydaty
5917,Jan,Kucera,600901/4009,Kosice,236860,slobodny
5918,Sandra,Horvathova,666010/2779,Poprad,773010,vydaty
5919,Tomas,Horvath,691207/4761,Bratislava,292964,slobodny
5920,Jana,Kubikova,736026/9706,Senec,477218,vydaty
5921,Filip,Varga,690315/3305,Svidnik,465545,slobodny
5922,Zuzana,Vargova,715318/1642,Zilina,350567,vydaty
5923,Ondrej,Marko,620906/4188,Trnava,686748,slobodny
5924,Simona,Rusnakova,585204/3713,Svidnik,921592,vydaty
5925,Marek,Vesely,610227/4130,Komarno,807215,slobodny
5926,Katerina,Simekova,575718/5649,Zilina,909564,vydaty
5927,Martin,Fabian,630207/5191,Martin,231416,slobodny
5928,Simona,Horvathova,665605/5243,Presov,528139,vydaty
5929,Tomas,Rusnak,780220/4848,Nitra,646975,slobodny
5930,Lucia,Muskova,685102/9208,Trencin,128871,vydaty
5931,Filip,Kubik,891111/9922,Nitra,810257,slobodny
5932,Katerina,Dvorakova,846103/6200,Komarno,696898,vydaty
5933,Jan,Urban,740818/5319,Kosice,206025,slobodny
5934,Sandra,Fabianova,945913/6413,Senec,325003,vydaty
5935,Peter,Simek,731026/7539,Snina,959673,slobodny
5936,Barbora,Kucerova,846014/3734,Svidnik,310673,vydaty
5937,Peter,Vesely,741113/2405,Nitra,621435,slobodny
5938,Simona,Bednarova,525714/3105,Kosice,765018,vydaty
5939,Radoslav,Kubik,900512/7255,Trencin,590601,slobodny
5940,Jana,Urbanova,985312/1383,Zilina,655754,vydaty
5941,Filip,Urban,811203/1804,Komarno,653283,slobodny
5942,Simona,Urbanova,825702/9743,Trencin,493998,vydaty
5943,Marek,Kubik,900101/4600,Trnava,287801,slobodny
5944,Jana,Cerna,995902/4912,Poprad,713022,vydaty
5945,Martin,Simek,970522/9734,Levice,721059,slobodny
5946,Petra,Horvathova,565323/9660,Martin,968754,vydaty
5947,Tomas,Marko,521005/4501,Kosice,874575,slobodny
5948,Katerina,Novakova,665901/8910,Trencin,288757,vydaty
5949,Juraj,Kucera,791203/8793,Martin,693633,slobodny
5950,Barbora,Rusnakova,826227/2707,Senec,106743,vydaty
5951,Filip,Kucera,600116/6286,Svidnik,180729,slobodny
5952,Lucia,Vargova,525812/9633,Zilina,640305,vydaty
5953,Marek,Horvath,931012/9069,Humenne,768541,slobodny
5954,Lucia,Fabianova,665112/7437,Levice,862897,vydaty
5955,Marek,Kucera,661127/4209,Komarno,224270,slobodny
5956,Zuzana,Kucerova,666217/2343,Zvolen,774924,vydaty
5957,Jan,Fabian,611012/8333,Zvolen,995780,slobodny
5958,Jana,Dvorakova,635624/2176,Bardejov,801409,vydaty
5959,Radoslav,Muska,730904/4900,Poprad,238240,slobodny
5960,Simona,Novakova,886008/5654,Nitra,716485,vydaty
5961,Richard,Muska,651217/4527,Trnava,724967,slobodny
5962,Zuzana,Predajnianska,625801/4274,Kosice,54917,vydaty
5963,Ondrej,Varga,871127/8625,Kosice,302507,slobodny
5964,Jana,Cerna,605706/3586,Trencin,782465,vydaty
5965,Radoslav,Varga,991107/6580,Humenne,310013,slobodny
5966,Sandra,Fabianova,566207/5918,Kosice,578098,vydaty
5967,Richard,Predajniansky,951011/1836,Levice,442428,slobodny
5968,Zuzana,Fabianova,685109/4691,Zvolen,387000,vydaty
5969,Marek,Horvath,850906/4670,Bardejov,128625,slobodny
5970,Jana,Muskova,796118/3408,Presov,84159,vydaty
5971,Juraj,Varga,660303/6782,Levice,256232,slobodny
5972,Zuzana,Fabianova,655710/4822,Tvrdosin,365048,vydaty
5973,Marek,Cerny,671208/1741,Nitra,72604,slobodny
5974,Jana,Markova,835217/1880,Poprad,909538,vydaty
5975,Marek,Marko,840415/7116,Bardejov,774082,slobodny
5976,Jana,Vargova,955105/9317,Presov,536340,vydaty
5977,Tomas,Novak,830903/9931,Nitra,133458,slobodny
5978,Sandra,Markova,695318/2221,Kosice,463002,vydaty
5979,Marek,Fabian,561224/1713,Komarno,17831,slobodny
5980,Zuzana,Predajnianska,615520/4457,Levice,476164,vydaty
5981,Marek,Kubik,620525/2952,Trencin,376895,slobodny
5982,Veronika,Simekova,855711/7677,Kosice,989954,vydaty
5983,Radoslav,Simek,570304/6224,Svidnik,374489,slobodny
5984,Simona,Dvorakova,755517/8729,Snina,65231,vydaty
5985,Filip,Simek,661125/2992,Trnava,624178,slobodny
5986,Sandra,Predajnianska,995326/2490,Senec,82142,vydaty
5987,Martin,Rusnak,760223/2889,Trnava,574970,slobodny
5988,Petra,Vesela,635314/7727,Svidnik,105581,vydaty
5989,Filip,Varga,630915/7466,Nitra,123946,slobodny
5990,Lucia,Kucerova,546114/7861,Snina,892926,vydaty
5991,Richard,Dvorak,910511/2564,Presov,218419,slobodny
5992,Simona,Cerna,625615/3217,Senec,539190,vydaty
5993,Filip,Kucera,690702/9686,Bratislava,61920,slobodny
5994,Zuzana,Muskova,655506/4344,Nitra,563985,vydaty
5995,Martin,Fabian,700907/5902,Zvolen,77708,slobodny
5996,Ivana,Bednarova,525828/7875,Martin,218104,vydaty
5997,Tomas,Horvath,670705/9130,Senec,349364,slobodny
5998,Katerina,Fabianova,795420/8872,Zvolen,199445,vydaty
5999,Peter,Rusnak,940503/9336,Trnava,250908,slobodny
6000,Jana,Muskova,765116/2495,Kosice,362519,vydaty
6001,Tomas,Rusnak,790802/3283,Zilina,281448,slobodny
6002,Barbora,Cerna,635816/8754,Kosice,692230,vydaty
6003,Radoslav,Urban,981008/3863,Martin,934450,slobodny
6004,Katerina,Urbanova,836020/8694,Tvrdosin,526685,vydaty
6005,Radoslav,Horvath,850718/4444,Senec,179759,slobodny
6006,Sandra,Horvathova,525121/7486,Nitra,947514,vydaty
6007,Peter,Dvorak,611119/8265,Snina,105858,slobodny
6008,Petra,Bednarova,875226/7411,Bardejov,73229,vydaty
6009,Ondrej,Rusnak,680619/9850,Senec,304412,slobodny
6010,Barbora,Rusnakova,605705/5191,Zilina,728100,vydaty
6011,Martin,Marko,970223/1993,Zvolen,292634,slobodny
6012,Ivana,Kucerova,835126/2336,Nitra,507626,vydaty
6013,Marek,Predajniansky,830120/8440,Zvolen,350361,slobodny
6014,Katerina,Bednarova,766021/7044,Martin,653638,vydaty
6015,Martin,Novak,961024/4582,Bardejov,372284,slobodny
6016,Lucia,Muskova,685820/7868,Trencin,159641,vydaty
6017,Filip,Marko,520723/8587,Poprad,66966,slobodny
6018,Sandra,Vargova,745417/4318,Bardejov,251714,vydaty
6019,Richard,Cerny,950515/8250,Zvolen,979590,slobodny
6020,Lucia,Fabianova,726213/2271,Komarno,544790,vydaty
6021,Marek,Bednar,520401/4624,Martin,882411,slobodny
6022,Katerina,Kubikova,836111/5879,Tvrdosin,51540,vydaty
6023,Tomas,Rusnak,530610/8568,Tvrdosin,411538,slobodny
6024,Veronika,Vesela,866028/2502,Zvolen,521320,vydaty
6025,Richard,Rusnak,831101/3765,Levice,908274,slobodny
6026,Jana,Cerna,575421/5676,Senec,50894,vydaty
6027,Tomas,Predajniansky,870712/7026,Levice,712263,slobodny
6028,Jana,Markova,765719/5543,Nitra,318580,vydaty
6029,Martin,Dvorak,930919/6829,Trencin,957012,slobodny
6030,Barbora,Novakova,525620/1657,Senec,872437,vydaty
6031,Ondrej,Kubik,661211/3534,Svidnik,159365,slobodny
6032,Lucia,Cerna,965924/2718,Martin,594937,vydaty
6033,Tomas,Varga,830613/8299,Trnava,957429,slobodny
6034,Barbora,Novakova,766119/3627,Kosice,659988,vydaty
6035,Tomas,Novak,730111/6494,Presov,271824,slobodny
6036,Ivana,Kubikova,596121/1105,Zilina,169547,vydaty
6037,Tomas,Novak,671016/5822,Presov,140563,slobodny
6038,Sandra,Muskova,956124/2469,Svidnik,326227,vydaty
6039,Juraj,Urban,690905/7715,Humenne,312070,slobodny
6040,Zuzana,Rusnakova,705522/6469,Bratislava,207764,vydaty
6041,Peter,Rusnak,701002/4073,Nitra,564172,slobodny
6042,Zuzana,Kubikova,885203/4277,Nitra,624009,vydaty
6043,Peter,Bednar,860902/8691,Zvolen,136054,slobodny
6044,Simona,Vesela,985912/4075,Martin,490613,vydaty
6045,Filip,Fabian,840410/4724,Poprad,143484,slobodny
6046,Sandra,Kucerova,516214/9305,Komarno,473853,vydaty
6047,Filip,Varga,850720/3915,Snina,301524,slobodny
6048,Ivana,Vargova,526119/4576,Martin,129724,vydaty
6049,Martin,Novak,630620/6136,Zvolen,520425,slobodny
6050,Petra,Fabianova,975228/6496,Komarno,869964,vydaty
6051,Richard,Dvorak,780402/4787,Bratislava,110805,slobodny
6052,Zuzana,Kubikova,985225/6761,Bratislava,522804,vydaty
6053,Ondrej,Dvorak,730105/1702,Kosice,748250,slobodny
6054,Veronika,Horvathova,705114/2164,Levice,77142,vydaty
6055,Tomas,Simek,700906/2360,Bardejov,352015,slobodny
6056,Simona,Rusnakova,775103/9625,Levice,122542,vydaty
6057,Tomas,Vesely,611221/9569,Bratislava,807516,slobodny
6058,Jana,Predajnianska,956024/9899,Tvrdosin,911810,vydaty
6059,Radoslav,Novak,510220/3605,Martin,187705,slobodny
6060,Zuzana,Bednarova,875112/6052,Trnava,313306,vydaty
6061,Filip,Marko,690907/7573,Svidnik,328070,slobodny
6062,Lucia,Dvorakova,986207/2089,Nitra,386579,vydaty
6063,Tomas,Muska,761122/1617,Poprad,103735,slobodny
6064,Jana,Rusnakova,546022/3197,Levice,35171,vydaty
6065,Radoslav,Muska,920909/9934,Svidnik,540655,slobodny
6066,Sandra,Kubikova,635810/3348,Nitra,453041,vydaty
6067,Juraj,Fabian,910419/5513,Martin,168358,slobodny
6068,Simona,Bednarova,885615/4917,Nitra,183208,vydaty
6069,Tomas,Dvorak,560808/5931,Poprad,364323,slobodny
6070,Veronika,Rusnakova,755502/7515,Trnava,304227,vydaty
6071,Juraj,Kubik,951003/2684,Humenne,517192,slobodny
6072,Lucia,Bednarova,625403/6241,Trencin,567693,vydaty
6073,Richard,Fabian,520521/7867,Poprad,805065,slobodny
6074,Sandra,Simekova,575817/8168,Senec,724580,vydaty
6075,Marek,Marko,990113/1223,Snina,559820,slobodny
6076,Zuzana,Cerna,955405/6710,Presov,338062,vydaty
6077,Richard,Cerny,980607/7301,Kosice,445591,slobodny
6078,Jana,Kubikova,725115/9457,Martin,899633,vydaty
6079,Marek,Fabian,530619/4866,Poprad,869925,slobodny
6080,Simona,Bednarova,925107/1693,Svidnik,891313,vydaty
6081,Jan,Urban,511110/4491,Trnava,514294,slobodny
6082,Petra,Bednarova,596010/1102,Nitra,723744,vydaty
6083,Martin,Marko,831211/2840,Zilina,861226,slobodny
6084,Barbora,Dvorakova,755405/8946,Poprad,212071,vydaty
6085,Jan,Kucera,700527/5926,Bardejov,881767,slobodny
6086,Lucia,Kubikova,575120/1950,Komarno,50627,vydaty
6087,Marek,Fabian,720114/1804,Bratislava,16959,slobodny
6088,Veronika,Fabianova,795405/9490,Levice,196448,vydaty
6089,Juraj,Kucera,890304/5580,Snina,880582,slobodny
6090,Sandra,Vargova,925911/2440,Senec,272161,vydaty
6091,Marek,Urban,780921/3745,Nitra,221460,slobodny
6092,Barbora,Urbanova,545803/8544,Trnava,177310,vydaty
6093,Jan,Marko,600725/6618,Svidnik,246087,slobodny
6094,Sandra,Bednarova,725808/3163,Trencin,570544,vydaty
6095,Richard,Kucera,940126/8638,Tvrdosin,531094,slobodny
6096,Lucia,Bednarova,886204/7394,Bardejov,779815,vydaty
6097,Richard,Urban,930915/9286,Presov,428802,slobodny
6098,Barbora,Markova,656226/6533,Senec,994751,vydaty
6099,Ondrej,Simek,940401/6791,Trencin,465422,slobodny
6100,Petra,Cerna,986218/5821,Bardejov,97727,vydaty
6101,Radoslav,Vesely,731023/6320,Presov,981931,slobodny
6102,Veronika,Muskova,545906/1594,Zilina,774204,vydaty
6103,Peter,Simek,890224/3096,Kosice,436245,slobodny
6104,Petra,Vargova,925925/5295,Senec,563805,vydaty
6105,Marek,Dvorak,750923/7606,Snina,324448,slobodny
6106,Lucia,Kubikova,606004/5489,Trencin,556558,vydaty
6107,Filip,Horvath,641013/8053,Tvrdosin,582949,slobodny
6108,Barbora,Kucerova,615525/4470,Bardejov,247943,vydaty
6109,Filip,Rusnak,691222/1817,Kosice,734810,slobodny
6110,Ivana,Cerna,716226/8390,Levice,567110,vydaty
6111,Marek,Kubik,511218/8370,Poprad,722659,slobodny
6112,Sandra,Dvorakova,655701/4355,Trnava,867553,vydaty
6113,Tomas,Kubik,640423/4544,Martin,591923,slobodny
6114,Simona,Simekova,536227/5876,Trencin,881770,vydaty
6115,Jan,Novak,720113/1842,Humenne,361537,slobodny
6116,Barbora,Bednarova,955514/4328,Snina,202538,vydaty
6117,Juraj,Marko,621119/4511,Zvolen,109847,slobodny
6118,Veronika,Cerna,545209/8187,Zvolen,283228,vydaty
6119,Juraj,Muska,890214/6658,Bratislava,540095,slobodny
6120,Sandra,Cerna,686028/2195,Trencin,714398,vydaty
6121,Ondrej,Kubik,860118/5621,Bardejov,765920,slobodny
6122,Katerina,Markova,735611/9612,Trnava,375666,vydaty
6123,Tomas,Fabian,620421/9710,Nitra,883512,slobodny
6124,Barbora,Simekova,715106/6833,Kosice,18958,vydaty
6125,Juraj,Urban,941015/3089,Poprad,384053,slobodny
6126,Sandra,Vargova,905526/5819,Trnava,737051,vydaty
6127,Filip,Simek,560328/8648,Kosice,328360,slobodny
6128,Veronika,Cerna,695305/1867,Trencin,996085,vydaty
6129,Tomas,Novak,981123/3110,Trnava,328737,slobodny
6130,Veronika,Rusnakova,595110/9135,Trnava,944088,vydaty
6131,Martin,Horvath,570705/7067,Presov,16657,slobodny
6132,Zuzana,Muskova,975914/8316,Humenne,973951,vydaty
6133,Marek,Urban,730707/1103,Martin,743974,slobodny
6134,Sandra,Fabianova,645406/6316,Presov,687666,vydaty
6135,Peter,Horvath,870501/6274,Trnava,653477,slobodny
6136,Ivana,Bednarova,955720/2426,Snina,671045,vydaty
6137,Filip,Rusnak,970507/8806,Nitra,63797,slobodny
6138,Lucia,Dvorakova,605418/2142,Humenne,928923,vydaty
6139,Ondrej,Vesely,551027/8367,Trnava,813134,slobodny
6140,Sandra,Markova,735110/1904,Bratislava,372002,vydaty
6141,Tomas,Muska,820123/9322,Levice,517211,slobodny
6142,Simona,Muskova,675120/8859,Bardejov,205688,vydaty
6143,Filip,Varga,980710/7453,Levice,215797,slobodny
6144,Simona,Cerna,656002/6955,Senec,501124,vydaty
6145,Jan,Simek,830523/5539,Svidnik,579591,slobodny
6146,Sandra,Bednarova,546101/8652,Bardejov,923905,vydaty
6147,Tomas,Urban,930207/6040,Svidnik,783053,slobodny
6148,Ivana,Rusnakova,935805/6694,Svidnik,378023,vydaty
6149,Richard,Fabian,830817/8203,Tvrdosin,640869,slobodny
6150,Veronika,Predajnianska,565701/9945,Bratislava,758808,vydaty
6151,Filip,Bednar,771208/1021,Tvrdosin,986106,slobodny
6152,Petra,Muskova,945724/6995,Trencin,260153,vydaty
6153,Radoslav,Muska,881214/3088,Tvrdosin,855196,slobodny
6154,Petra,Kucerova,585306/5889,Humenne,426883,vydaty
6155,Peter,Muska,540113/7375,Presov,356912,slobodny
6156,Veronika,Dvorakova,576206/1137,Bratislava,751021,vydaty
6157,Jan,Varga,801228/6647,Poprad,351109,slobodny
6158,Sandra,Bednarova,596128/4697,Tvrdosin,672322,vydaty
6159,Filip,Rusnak,810122/9791,Trencin,980154,slobodny
6160,Sandra,Dvorakova,966120/2608,Zilina,18989,vydaty
6161,Jan,Simek,901213/8501,Nitra,428141,slobodny
6162,Jana,Vargova,856222/9600,Zilina,361781,vydaty
6163,Jan,Horvath,540804/6491,Svidnik,459051,slobodny
6164,Ivana,Urbanova,865103/4715,Trnava,253624,vydaty
6165,Jan,Horvath,700916/1359,Nitra,112966,slobodny
6166,Jana,Cerna,625910/3562,Bratislava,296642,vydaty
6167,Radoslav,Varga,711203/3817,Snina,349117,slobodny
6168,Jana,Urbanova,905817/1745,Tvrdosin,73434,vydaty
6169,Juraj,Predajniansky,700210/7552,Trencin,82077,slobodny
6170,Barbora,Vargova,926003/3875,Kosice,107766,vydaty
6171,Tomas,Marko,780324/8538,Nitra,487280,slobodny
6172,Lucia,Bednarova,905620/3032,Bratislava,884398,vydaty
6173,Radoslav,Cerny,560811/5201,Zvolen,359103,slobodny
6174,Barbora,Predajnianska,575628/8701,Poprad,703400,vydaty
6175,Tomas,Fabian,961213/7062,Tvrdosin,166003,slobodny
6176,Zuzana,Kucerova,526102/2998,Humenne,774324,vydaty
6177,Filip,Fabian,511007/9246,Snina,863073,slobodny
6178,Simona,Fabianova,775719/3614,Trencin,590998,vydaty
6179,Marek,Horvath,550404/6075,Zilina,762299,slobodny
6180,Ivana,Muskova,585801/9813,Komarno,299741,vydaty
6181,Filip,Fabian,621110/7650,Svidnik,644680,slobodny
6182,Ivana,Cerna,925301/3934,Bratislava,553496,vydaty
6183,Ondrej,Novak,680828/7219,Senec,985947,slobodny
6184,Simona,Rusnakova,715424/5913,Poprad,98273,vydaty
6185,Richard,Varga,570928/7069,Martin,46646,slobodny
6186,Veronika,Horvathova,946020/4793,Bardejov,347394,vydaty
6187,Juraj,Novak,730716/5705,Zilina,632543,slobodny
6188,Katerina,Bednarova,755711/6737,Kosice,313964,vydaty
6189,Jan,Kucera,550721/5497,Trencin,540757,slobodny
6190,Sandra,Bednarova,895501/4054,Trnava,604202,vydaty
6191,Radoslav,Dvorak,541207/6807,Bratislava,809102,slobodny
6192,Barbora,Simekova,585304/8344,Zvolen,717032,vydaty
6193,Richard,Bednar,970701/7594,Svidnik,770692,slobodny
6194,Barbora,Simekova,566110/3036,Presov,486132,vydaty
6195,Radoslav,Horvath,890310/2521,Tvrdosin,943501,slobodny
6196,Jana,Novakova,665203/4570,Kosice,860137,vydaty
6197,Richard,Rusnak,590118/3392,Senec,205365,slobodny
6198,Petra,Kucerova,785925/4179,Tvrdosin,397767,vydaty
6199,Martin,Vesely,690515/4096,Humenne,282850,slobodny
6200,Zuzana,Vargova,745812/3394,Snina,693160,vydaty
6201,Tomas,Muska,881208/3403,Snina,346533,slobodny
6202,Barbora,Vesela,896010/4250,Snina,89677,vydaty
6203,Radoslav,Dvorak,630223/2439,Levice,918632,slobodny
6204,Jana,Kubikova,575416/7616,Svidnik,932512,vydaty
6205,Juraj,Kubik,520622/6524,Poprad,205965,slobodny
6206,Ivana,Predajnianska,595704/7420,Poprad,483994,vydaty
6207,Marek,Bednar,541118/3161,Nitra,936123,slobodny
6208,Zuzana,Muskova,925806/4970,Tvrdosin,879430,vydaty
6209,Filip,Predajniansky,840507/7560,Snina,579824,slobodny
6210,Simona,Simekova,726218/7897,Bardejov,993334,vydaty
6211,Tomas,Novak,631205/8287,Zvolen,817195,slobodny
6212,Barbora,Bednarova,985416/7418,Martin,554530,vydaty
6213,Richard,Novak,590121/6324,Senec,98644,slobodny
6214,Petra,Vargova,745803/5649,Zilina,290709,vydaty
6215,Tomas,Varga,641009/3774,Tvrdosin,236767,slobodny
6216,Katerina,Kucerova,616123/2069,Komarno,48639,vydaty
6217,Peter,Varga,761212/4630,Zilina,918188,slobodny
6218,Simona,Simekova,685219/5329,Presov,468592,vydaty
6219,Tomas,Kubik,950610/8137,Senec,57428,slobodny
6220,Petra,Rusnakova,835401/8658,Trnava,886944,vydaty
6221,Juraj,Fabian,600824/4211,Humenne,859524,slobodny
6222,Simona,Bednarova,605106/3000,Tvrdosin,619502,vydaty
6223,Peter,Novak,681024/1994,Bardejov,941784,slobodny
6224,Jana,Vesela,535108/6371,Trencin,870782,vydaty
6225,Jan,Dvorak,540414/1840,Trencin,767132,slobodny
6226,Katerina,Muskova,725623/1460,Levice,90330,vydaty
6227,Peter,Vesely,751227/1284,Bardejov,896502,slobodny
6228,Petra,Vesela,545805/4391,Senec,193782,vydaty
6229,Juraj,Simek,551014/2355,Trnava,217296,slobodny
6230,Simona,Vesela,695409/3992,Nitra,894701,vydaty
6231,Marek,Vesely,901104/2715,Poprad,516882,slobodny
6232,Lucia,Urbanova,825118/5951,Presov,788914,vydaty
6233,Richard,Fabian,860628/1328,Snina,588054,slobodny
6234,Sandra,Vesela,665404/9003,Senec,673498,vydaty
6235,Filip,Dvorak,710707/8897,Zvolen,970831,slobodny
6236,Ivana,Dvorakova,915926/5875,Poprad,715568,vydaty
6237,Tomas,Kucera,580128/4397,Martin,291830,slobodny
6238,Petra,Novakova,665825/9721,Nitra,597839,vydaty
6239,Filip,Dvorak,891104/7987,Humenne,943723,slobodny
6240,Barbora,Simekova,575209/9177,Levice,712511,vydaty
6241,Martin,Novak,861017/6133,Kosice,590402,slobodny
6242,Sandra,Predajnianska,615615/6624,Poprad,348504,vydaty
6243,Martin,Kucera,700618/5529,Tvrdosin,580402,slobodny
6244,Jana,Bednarova,825923/6210,Martin,723236,vydaty
6245,Jan,Dvorak,810717/2365,Nitra,394678,slobodny
6246,Barbora,Rusnakova,875102/7716,Svidnik,584633,vydaty
6247,Jan,Kucera,790812/6357,Poprad,972961,slobodny
6248,Sandra,Bednarova,585406/6248,Zvolen,397367,vydaty
6249,Filip,Muska,630822/5775,Svidnik,277597,slobodny
6250,Petra,Fabianova,685208/4412,Bardejov,437633,vydaty
6251,Tomas,Fabian,610318/7574,Nitra,355846,slobodny
6252,Ivana,Fabianova,925410/2260,Martin,421528,vydaty
6253,Radoslav,Dvorak,670503/9495,Nitra,40272,slobodny
6254,Simona,Fabianova,855818/4479,Martin,595299,vydaty
6255,Peter,Horvath,840110/6788,Kosice,744864,slobodny
6256,Lucia,Dvorakova,715616/5640,Svidnik,718143,vydaty
6257,Filip,Cerny,821028/8639,Humenne,634514,slobodny
6258,Petra,Novakova,665328/9945,Humenne,513013,vydaty
6259,Tomas,Fabian,860418/4177,Senec,76144,slobodny
6260,Zuzana,Fabianova,655820/3354,Levice,972845,vydaty
6261,Juraj,Bednar,630820/5638,Tvrdosin,671473,slobodny
6262,Lucia,Bednarova,716212/4237,Martin,560309,vydaty
6263,Radoslav,Varga,721214/8964,Svidnik,371214,slobodny
6264,Jana,Vargova,825813/1915,Senec,98823,vydaty
6265,Jan,Muska,540206/2688,Humenne,32045,slobodny
6266,Zuzana,Kubikova,585314/7096,Humenne,405955,vydaty
6267,Martin,Varga,710312/6898,Nitra,282323,slobodny
6268,Sandra,Novakova,705706/4623,Martin,595481,vydaty
6269,Peter,Dvorak,650101/2665,Martin,41364,slobodny
6270,Sandra,Rusnakova,855910/7668,Svidnik,82672,vydaty
6271,Tomas,Dvorak,820822/8324,Nitra,536379,slobodny
6272,Zuzana,Urbanova,795928/4936,Poprad,516169,vydaty
6273,Radoslav,Vesely,710206/8704,Zilina,392021,slobodny
6274,Jana,Dvorakova,995825/7594,Trencin,508134,vydaty
6275,Ondrej,Horvath,511205/4532,Senec,741951,slobodny
6276,Simona,Kubikova,635325/2008,Presov,120253,vydaty
6277,Richard,Kubik,590825/1345,Zilina,31571,slobodny
6278,Petra,Horvathova,626115/6100,Zvolen,528511,vydaty
6279,Tomas,Urban,880505/9436,Snina,325726,slobodny
6280,Zuzana,Kucerova,795415/4431,Martin,59492,vydaty
6281,Peter,Muska,651107/9556,Levice,720602,slobodny
6282,Lucia,Vesela,725208/7453,Levice,814765,vydaty
6283,Tomas,Varga,650703/1580,Nitra,116485,slobodny
6284,Zuzana,Urbanova,906109/2605,Zvolen,958266,vydaty
6285,Martin,Varga,630317/3869,Zilina,844227,slobodny
6286,Lucia,Simekova,525803/3842,Tvrdosin,567430,vydaty
6287,Richard,Cerny,850104/1546,Levice,531962,slobodny
6288,Veronika,Simekova,945903/2839,Nitra,194143,vydaty
6289,Jan,Kucera,791014/1072,Komarno,332805,slobodny
6290,Petra,Kucerova,766118/4085,Levice,140738,vydaty
6291,Martin,Marko,560118/8163,Nitra,708254,slobodny
6292,Sandra,Muskova,525126/3044,Nitra,877112,vydaty
6293,Peter,Muska,611128/5532,Martin,145503,slobodny
6294,Barbora,Bednarova,575616/1655,Poprad,387748,vydaty
6295,Tomas,Simek,980724/5606,Martin,970282,slobodny
6296,Lucia,Vargova,896001/8297,Kosice,902558,vydaty
6297,Filip,Horvath,860304/2052,Trnava,734072,slobodny
6298,Simona,Vargova,925915/9830,Svidnik,204869,vydaty
6299,Filip,Kubik,880808/6681,Snina,886517,slobodny
6300,Zuzana,Cerna,685108/9740,Senec,500982,vydaty
6301,Radoslav,Novak,871103/5484,Nitra,765107,slobodny
6302,Lucia,Fabianova,525608/4589,Zilina,501443,vydaty
6303,Richard,Rusnak,680105/1075,Levice,180567,slobodny
6304,Jana,Dvorakova,955618/4933,Zilina,117386,vydaty
6305,Martin,Marko,831125/1644,Trencin,442115,slobodny
6306,Lucia,Kubikova,685518/1480,Nitra,665823,vydaty
6307,Filip,Muska,930615/6353,Senec,867826,slobodny
6308,Petra,Simekova,716204/9271,Nitra,429981,vydaty
6309,Filip,Varga,561221/3949,Humenne,891473,slobodny
6310,Jana,Horvathova,635115/7106,Presov,637140,vydaty
6311,Marek,Varga,790816/4783,Martin,832745,slobodny
6312,Lucia,Vesela,995909/3040,Poprad,867698,vydaty
6313,Filip,Marko,810510/9509,Martin,593016,slobodny
6314,Petra,Horvathova,726206/8392,Svidnik,566363,vydaty
6315,Radoslav,Varga,620301/2377,Bardejov,194416,slobodny
6316,Petra,Urbanova,815816/9239,Snina,703989,vydaty
6317,Marek,Kucera,670526/9296,Svidnik,804557,slobodny
6318,Petra,Vargova,565416/1873,Svidnik,450876,vydaty
6319,Ondrej,Dvorak,860215/3207,Tvrdosin,232143,slobodny
6320,Ivana,Cerna,716206/5926,Levice,369694,vydaty
6321,Jan,Bednar,531226/9969,Nitra,522179,slobodny
6322,Katerina,Rusnakova,995822/1707,Bratislava,191727,vydaty
6323,Peter,Urban,881021/5661,Snina,969051,slobodny
6324,Katerina,Kubikova,705421/2997,Zvolen,267500,vydaty
6325,Ondrej,Bednar,721218/3383,Bratislava,519123,slobodny
6326,Petra,Cerna,805606/5478,Nitra,273070,vydaty
6327,Juraj,Cerny,800709/1845,Trencin,850523,slobodny
6328,Lucia,Simekova,945601/7253,Tvrdosin,766855,vydaty
6329,Marek,Fabian,850901/1136,Bardejov,272323,slobodny
6330,Jana,Kucerova,825107/1052,Kosice,176621,vydaty
6331,Radoslav,Predajniansky,700928/3769,Komarno,494388,slobodny
6332,Simona,Vesela,805425/3313,Senec,632243,vydaty
6333,Peter,Dvorak,580214/2033,Levice,840567,slobodny
6334,Lucia,Fabianova,865526/9989,Presov,382051,vydaty
6335,Juraj,Fabian,810404/8401,Martin,458219,slobodny
6336,Simona,Novakova,705707/5496,Komarno,81756,vydaty
6337,Radoslav,Urban,640414/8320,Komarno,338056,slobodny
6338,Lucia,Predajnianska,525209/5847,Poprad,505452,vydaty
6339,Radoslav,Rusnak,961226/4873,Snina,360883,slobodny
6340,Lucia,Fabianova,895228/4602,Svidnik,835010,vydaty
6341,Juraj,Muska,750113/8118,Svidnik,277005,slobodny
6342,Zuzana,Vargova,665714/3619,Humenne,238101,vydaty
6343,Richard,Bednar,910304/1688,Martin,814849,slobodny
6344,Sandra,Rusnakova,665319/8855,Presov,936620,vydaty
6345,Marek,Bednar,900508/7602,Zilina,701087,slobodny
6346,Simona,Dvorakova,685515/9279,Bardejov,380559,vydaty
6347,Ondrej,Kucera,521015/5914,Nitra,151469,slobodny
6348,Barbora,Bednarova,705706/5013,Zvolen,894062,vydaty
6349,Tomas,Marko,820413/9073,Nitra,700339,slobodny
6350,Petra,Bednarova,965113/4836,Trencin,401746,vydaty
6351,Filip,Kubik,751012/3041,Trencin,77319,slobodny
6352,Lucia,Simekova,635220/4958,Presov,341105,vydaty
6353,Jan,Fabian,781206/3142,Zilina,725565,slobodny
6354,Zuzana,Vesela,965905/1268,Kosice,103025,vydaty
6355,Richard,Fabian,570604/3576,Tvrdosin,302086,slobodny
6356,Simona,Fabianova,695401/9820,Trnava,428359,vydaty
6357,Martin,Novak,891208/1890,Zilina,458093,slobodny
6358,Simona,Vargova,925526/1527,Poprad,137646,vydaty
6359,Peter,Muska,540503/9338,Poprad,920228,slobodny
6360,Katerina,Horvathova,785524/2539,Kosice,714571,vydaty
6361,Jan,Marko,600119/8086,Poprad,676794,slobodny
6362,Barbora,Dvorakova,845410/5421,Humenne,83419,vydaty
6363,Richard,Muska,631123/9666,Svidnik,239233,slobodny
6364,Sandra,Vargova,885525/5574,Martin,613838,vydaty
6365,Peter,Kubik,720919/2921,Bratislava,356363,slobodny
6366,Veronika,Vesela,955204/4734,Presov,798921,vydaty
6367,Tomas,Bednar,530223/5313,Presov,290281,slobodny
6368,Lucia,Muskova,975216/9476,Tvrdosin,690530,vydaty
6369,Martin,Kubik,701025/1845,Bratislava,761687,slobodny
6370,Katerina,Kubikova,766114/4503,Zvolen,331880,vydaty
6371,Marek,Vesely,980415/2157,Trnava,697735,slobodny
6372,Petra,Vesela,916224/7720,Presov,503958,vydaty
6373,Tomas,Dvorak,910328/3965,Nitra,108017,slobodny
6374,Ivana,Vesela,515421/9166,Trencin,691933,vydaty
6375,Martin,Muska,860809/7594,Humenne,630928,slobodny
6376,Zuzana,Kucerova,896118/2372,Zilina,426880,vydaty
6377,Martin,Novak,540604/1998,Levice,303473,slobodny
6378,Zuzana,Urbanova,695311/2745,Zilina,205039,vydaty
6379,Tomas,Vesely,710601/3984,Tvrdosin,642374,slobodny
6380,Veronika,Kubikova,535810/4649,Kosice,764872,vydaty
6381,Tomas,Dvorak,610619/4136,Presov,946717,slobodny
6382,Zuzana,Bednarova,535917/6787,Presov,114399,vydaty
6383,Martin,Horvath,860221/7892,Martin,888142,slobodny
6384,Jana,Markova,555813/5708,Komarno,988893,vydaty
6385,Radoslav,Muska,610515/4566,Levice,765181,slobodny
6386,Simona,Kubikova,576226/6353,Poprad,805666,vydaty
6387,Richard,Bednar,920121/7069,Levice,639477,slobodny
6388,Veronika,Vargova,886207/6597,Poprad,991004,vydaty
6389,Peter,Rusnak,830522/7832,Levice,597317,slobodny
6390,Ivana,Horvathova,926113/6456,Svidnik,569152,vydaty
6391,Radoslav,Horvath,650316/8563,Tvrdosin,420710,slobodny
6392,Sandra,Horvathova,946018/8129,Nitra,471188,vydaty
6393,Filip,Horvath,920706/5033,Bardejov,24969,slobodny
6394,Jana,Kubikova,635710/5529,Humenne,441233,vydaty
6395,Tomas,Kucera,540308/8702,Bardejov,393282,slobodny
6396,Sandra,Vargova,885522/6893,Zvolen,15135,vydaty
6397,Juraj,Urban,890722/5310,Kosice,637095,slobodny
6398,Barbora,Markova,655619/6575,Bratislava,206216,vydaty
6399,Tomas,Rusnak,761105/5573,Tvrdosin,874868,slobodny
6400,Sandra,Cerna,925906/3231,Nitra,805879,vydaty
6401,Jan,Horvath,550408/1244,Komarno,170042,slobodny
6402,Jana,Fabianova,525619/8476,Trencin,421414,vydaty
6403,Radoslav,Cerny,961018/9749,Levice,433185,slobodny
6404,Zuzana,Kucerova,865607/9897,Zilina,756073,vydaty
6405,Radoslav,Novak,860921/6107,Komarno,660043,slobodny
6406,Veronika,Bednarova,565127/1669,Tvrdosin,291125,vydaty
6407,Ondrej,Novak,880210/6965,Bratislava,700032,slobodny
6408,Ivana,Rusnakova,855110/2628,Zilina,188689,vydaty
6409,Filip,Urban,780817/7726,Levice,927720,slobodny
6410,Zuzana,Fabianova,725813/7012,Bratislava,571457,vydaty
6411,Marek,Predajniansky,670528/4389,Presov,231680,slobodny
6412,Sandra,Rusnakova,945813/7386,Presov,980598,vydaty
6413,Richard,Cerny,650703/3659,Trencin,683697,slobodny
6414,Lucia,Horvathova,776122/4126,Tvrdosin,571570,vydaty
6415,Ondrej,Fabian,781110/9517,Snina,354369,slobodny
6416,Katerina,Fabianova,595911/9750,Humenne,664225,vydaty
6417,Richard,Dvorak,820926/2866,Snina,107461,slobodny
6418,Barbora,Predajnianska,696114/9232,Humenne,989878,vydaty
6419,Ondrej,Muska,511127/4255,Kosice,366081,slobodny
6420,Petra,Kucerova,945702/2939,Komarno,942362,vydaty
6421,Jan,Predajniansky,510220/1989,Nitra,873254,slobodny
6422,Zuzana,Muskova,696003/8548,Bardejov,471493,vydaty
6423,Richard,Kucera,830211/7911,Tvrdosin,840767,slobodny
6424,Simona,Novakova,755108/2090,Trencin,368261,vydaty
6425,Jan,Urban,560113/2517,Humenne,607993,slobodny
6426,Petra,Novakova,585723/4427,Kosice,39744,vydaty
6427,Ondrej,Rusnak,800702/1577,Poprad,151991,slobodny
6428,Ivana,Markova,855719/6267,Presov,738675,vydaty
6429,Martin,Kucera,780502/3990,Trencin,388999,slobodny
6430,Jana,Muskova,645621/3915,Poprad,896826,vydaty
6431,Filip,Horvath,540515/1005,Zvolen,632634,slobodny
6432,Lucia,Dvorakova,676221/9713,Svidnik,746288,vydaty
6433,Juraj,Cerny,610417/5848,Snina,472884,slobodny
6434,Zuzana,Urbanova,805505/3366,Trencin,55996,vydaty
6435,Martin,Kubik,970615/7315,Zilina,401038,slobodny
6436,Zuzana,Markova,595515/6712,Zilina,16190,vydaty
6437,Martin,Fabian,921113/9748,Svidnik,481322,slobodny
6438,Jana,Predajnianska,805813/7502,Nitra,809466,vydaty
6439,Richard,Rusnak,870319/8228,Poprad,919004,slobodny
6440,Veronika,Markova,615918/6971,Humenne,197476,vydaty
6441,Juraj,Bednar,870528/6025,Zilina,380353,slobodny
6442,Petra,Dvorakova,875515/4879,Humenne,964630,vydaty
6443,Martin,Varga,850909/6319,Poprad,567640,slobodny
6444,Lucia,Markova,855316/5623,Zilina,977058,vydaty
6445,Tomas,Horvath,960504/7532,Zvolen,846673,slobodny
6446,Petra,Predajnianska,765309/7198,Trencin,137421,vydaty
6447,Jan,Varga,650320/2189,Trencin,394518,slobodny
6448,Lucia,Horvathova,535912/3003,Bratislava,172731,vydaty
6449,Ondrej,Bednar,560928/5154,Levice,302829,slobodny
6450,Barbora,Kubikova,595915/4597,Trencin,341984,vydaty
6451,Tomas,Bednar,930720/8004,Komarno,905470,slobodny
6452,Ivana,Urbanova,585826/2029,Trnava,90335,vydaty
6453,Radoslav,Predajniansky,820114/2874,Bratislava,181573,slobodny
6454,Zuzana,Simekova,586015/1477,Zvolen,283726,vydaty
6455,Jan,Rusnak,970405/6089,Senec,329661,slobodny
6456,Ivana,Muskova,575916/6805,Komarno,977139,vydaty
6457,Radoslav,Cerny,901210/7701,Martin,943690,slobodny
6458,Lucia,Urbanova,955622/8323,Zilina,828650,vydaty
6459,Radoslav,Rusnak,911009/7421,Poprad,813729,slobodny
6460,Petra,Dvorakova,666020/6587,Svidnik,510182,vydaty
6461,Martin,Muska,520521/1007,Bratislava,215860,slobodny
6462,Katerina,Kubikova,666107/5388,Poprad,755706,vydaty
6463,Martin,Predajniansky,511127/9736,Snina,263806,slobodny
6464,Katerina,Novakova,685316/5545,Nitra,318233,vydaty
6465,Martin,Marko,781203/2916,Bardejov,229341,slobodny
6466,Simona,Vargova,705122/3755,Bardejov,366262,vydaty
6467,Martin,Fabian,670620/9197,Humenne,202182,slobodny
6468,Sandra,Kubikova,665817/2091,Snina,486898,vydaty
6469,Tomas,Vesely,780201/8624,Bardejov,116738,slobodny
6470,Lucia,Novakova,895606/4960,Trencin,740272,vydaty
6471,Peter,Cerny,911220/8301,Nitra,228452,slobodny
6472,Petra,Horvathova,855319/3233,Snina,338075,vydaty
6473,Martin,Predajniansky,910412/7587,Komarno,758656,slobodny
6474,Sandra,Novakova,945901/2487,Presov,81913,vydaty
6475,Peter,Vesely,851019/4182,Svidnik,596956,slobodny
6476,Lucia,Cerna,535722/1765,Snina,496249,vydaty
6477,Filip,Varga,561218/6936,Trnava,339711,slobodny
6478,Zuzana,Vargova,725716/9477,Kosice,776700,vydaty
6479,Ondrej,Simek,940217/6506,Poprad,171946,slobodny
6480,Lucia,Vesela,815617/7273,Komarno,744477,vydaty
6481,Radoslav,Simek,540723/4018,Poprad,93518,slobodny
6482,Zuzana,Kucerova,555724/8133,Poprad,694746,vydaty
6483,Radoslav,Vesely,610805/5810,Bratislava,326302,slobodny
6484,Lucia,Kubikova,675226/1692,Levice,648428,vydaty
6485,Jan,Fabian,980315/4713,Trnava,507885,slobodny
6486,Zuzana,Novakova,655901/7255,Kosice,637592,vydaty
6487,Jan,Urban,921003/1003,Zilina,372018,slobodny
6488,Jana,Fabianova,875123/5296,Senec,859601,vydaty
6489,Filip,Cerny,990423/6742,Humenne,328462,slobodny
6490,Petra,Vargova,995324/8730,Tvrdosin,512394,vydaty
6491,Ondrej,Marko,530612/7851,Zilina,364654,slobodny
6492,Veronika,Vesela,675311/3801,Trencin,476727,vydaty
6493,Ondrej,Fabian,880213/5202,Humenne,903268,slobodny
6494,Ivana,Fabianova,916105/4612,Trnava,795715,vydaty
6495,Marek,Marko,560509/3185,Senec,930027,slobodny
6496,Katerina,Urbanova,725325/2739,Tvrdosin,226576,vydaty
6497,Jan,Rusnak,850220/5537,Zilina,593706,slobodny
6498,Ivana,Kubikova,705507/8375,Martin,877067,vydaty
6499,Martin,Dvorak,730216/1647,Snina,86943,slobodny
6500,Petra,Vargova,665108/7562,Presov,657930,vydaty
6501,Marek,Simek,990827/4567,Humenne,609360,slobodny
6502,Simona,Muskova,995618/8500,Svidnik,195773,vydaty
6503,Richard,Simek,510401/3046,Poprad,121745,slobodny
6504,Ivana,Cerna,615911/8173,Tvrdosin,193117,vydaty
6505,Filip,Fabian,641114/5056,Snina,636008,slobodny
6506,Ivana,Novakova,775128/3559,Nitra,513013,vydaty
6507,Ondrej,Horvath,641204/1877,Martin,352780,slobodny
6508,Jana,Dvorakova,815213/6486,Tvrdosin,797750,vydaty
6509,Jan,Kucera,920502/7906,Bardejov,707390,slobodny
6510,Petra,Markova,735218/7502,Komarno,789511,vydaty
6511,Peter,Rusnak,561214/7010,Bardejov,565851,slobodny
6512,Ivana,Dvorakova,976120/6888,Zvolen,234188,vydaty
6513,Juraj,Simek,810724/4219,Komarno,985340,slobodny
6514,Petra,Predajnianska,925905/2906,Senec,594626,vydaty
6515,Richard,Novak,990211/7095,Kosice,387660,slobodny
6516,Petra,Rusnakova,665227/5071,Kosice,402393,vydaty
6517,Martin,Dvorak,610706/6781,Poprad,640705,slobodny
6518,Sandra,Fabianova,915225/6860,Bratislava,891237,vydaty
6519,Marek,Fabian,700715/3214,Kosice,612915,slobodny
6520,Veronika,Novakova,826201/8820,Senec,659059,vydaty
6521,Peter,Simek,890916/5823,Trnava,594392,slobodny
6522,Zuzana,Predajnianska,975906/9571,Nitra,445633,vydaty
6523,Martin,Dvorak,680727/2399,Humenne,793674,slobodny
6524,Lucia,Dvorakova,535305/3453,Tvrdosin,607212,vydaty
6525,Ondrej,Urban,711128/4134,Tvrdosin,110801,slobodny
6526,Petra,Rusnakova,685903/3130,Senec,69858,vydaty
6527,Ondrej,Kubik,991117/7499,Kosice,989099,slobodny
6528,Ivana,Urbanova,895310/8215,Nitra,787587,vydaty
6529,Marek,Dvorak,700411/9996,Bratislava,723512,slobodny
6530,Barbora,Markova,645520/6834,Zilina,95347,vydaty
6531,Filip,Vesely,670922/1631,Tvrdosin,40788,slobodny
6532,Lucia,Muskova,965608/2533,Levice,87038,vydaty
6533,Ondrej,Vesely,580208/5410,Poprad,913332,slobodny
6534,Barbora,Muskova,805415/2321,Nitra,490416,vydaty
6535,Tomas,Bednar,740715/2628,Zilina,42437,slobodny
6536,Barbora,Muskova,905127/6247,Presov,780718,vydaty
6537,Marek,Dvorak,760424/8715,Senec,599776,slobodny
6538,Jana,Urbanova,985208/9311,Zilina,940739,vydaty
6539,Ondrej,Bednar,630928/5455,Senec,138562,slobodny
6540,Zuzana,Urbanova,956127/4717,Zilina,853868,vydaty
6541,Peter,Vesely,830516/2259,Martin,785986,slobodny
6542,Sandra,Urbanova,925515/1373,Presov,851364,vydaty
6543,Juraj,Vesely,900803/8142,Bardejov,129797,slobodny
6544,Veronika,Fabianova,566017/6734,Zilina,740331,vydaty
6545,Jan,Cerny,540427/4180,Trencin,820981,slobodny
6546,Lucia,Kucerova,525503/3942,Levice,69726,vydaty
6547,Ondrej,Novak,600822/3616,Martin,416907,slobodny
6548,Veronika,Cerna,605309/1989,Komarno,251796,vydaty
6549,Peter,Horvath,691014/6945,Kosice,397723,slobodny
6550,Ivana,Markova,865213/5043,Tvrdosin,605279,vydaty
6551,Marek,Dvorak,800506/8999,Trencin,573326,slobodny
6552,Zuzana,Cerna,715712/6730,Levice,567988,vydaty
6553,Marek,Marko,620114/9903,Poprad,943322,slobodny
6554,Simona,Rusnakova,855128/3284,Komarno,703794,vydaty
6555,Tomas,Marko,520309/2179,Snina,563420,slobodny
6556,Sandra,Vargova,955309/1213,Svidnik,613446,vydaty
6557,Martin,Horvath,711224/2920,Trencin,281494,slobodny
6558,Zuzana,Predajnianska,725513/9691,Zilina,656802,vydaty
6559,Marek,Varga,810515/2176,Nitra,851720,slobodny
6560,Zuzana,Cerna,876218/7075,Martin,589150,vydaty
6561,Tomas,Fabian,900509/9415,Trencin,446731,slobodny
6562,Jana,Novakova,585527/6738,Tvrdosin,597995,vydaty
6563,Radoslav,Kubik,790828/3852,Trencin,117329,slobodny
6564,Veronika,Cerna,705901/5942,Humenne,668128,vydaty
6565,Martin,Kubik,880105/3544,Bardejov,133031,slobodny
6566,Lucia,Simekova,855306/3503,Nitra,424899,vydaty
6567,Marek,Marko,820705/4457,Presov,513245,slobodny
6568,Katerina,Simekova,655615/4413,Zilina,276722,vydaty
6569,Marek,Bednar,730517/3530,Tvrdosin,907837,slobodny
6570,Simona,Urbanova,685512/4911,Zvolen,43837,vydaty
6571,Jan,Cerny,691122/3088,Levice,510482,slobodny
6572,Sandra,Cerna,865908/9201,Martin,540603,vydaty
6573,Richard,Muska,610915/7151,Kosice,86049,slobodny
6574,Ivana,Predajnianska,946122/4534,Nitra,894431,vydaty
6575,Martin,Fabian,770906/6967,Kosice,952840,slobodny
6576,Simona,Muskova,945813/7356,Martin,790417,vydaty
6577,Juraj,Simek,870715/5604,Humenne,107537,slobodny
6578,Lucia,Novakova,765508/2096,Komarno,858736,vydaty
6579,Peter,Kubik,510216/2199,Senec,86074,slobodny
6580,Lucia,Novakova,836101/1701,Senec,676974,vydaty
6581,Peter,Novak,511212/5712,Nitra,466659,slobodny
6582,Lucia,Bednarova,896210/1681,Trnava,296310,vydaty
6583,Ondrej,Kucera,950703/7054,Trencin,613468,slobodny
6584,Katerina,Fabianova,615321/2856,Zilina,693872,vydaty
6585,Juraj,Fabian,790923/4554,Presov,700702,slobodny
6586,Veronika,Fabianova,775826/1960,Zilina,911199,vydaty
6587,Martin,Bednar,640509/1395,Snina,678252,slobodny
6588,Barbora,Urbanova,645521/8895,Humenne,347342,vydaty
6589,Peter,Vesely,750914/9457,Martin,942084,slobodny
6590,Simona,Dvorakova,916124/4527,Tvrdosin,417633,vydaty
6591,Marek,Urban,550714/2697,Snina,517464,slobodny
6592,Barbora,Horvathova,976020/3863,Levice,539326,vydaty
6593,Tomas,Kubik,900222/5935,Poprad,199710,slobodny
6594,Barbora,Kucerova,745727/3448,Zvolen,474764,vydaty
6595,Ondrej,Predajniansky,740109/9621,Levice,270558,slobodny
6596,Zuzana,Fabianova,555822/1118,Zilina,930378,vydaty
6597,Juraj,Dvorak,940620/9879,Bardejov,197978,slobodny
6598,Lucia,Kucerova,895723/4836,Nitra,58476,vydaty
6599,Ondrej,Cerny,870820/1017,Senec,317454,slobodny
6600,Katerina,Horvathova,515210/5286,Levice,431863,vydaty
6601,Filip,Fabian,961018/7915,Snina,109712,slobodny
6602,Barbora,Vesela,836228/8617,Nitra,28657,vydaty
6603,Juraj,Novak,940404/5799,Zvolen,189607,slobodny
6604,Barbora,Vargova,755319/7195,Komarno,504523,vydaty
6605,Richard,Horvath,631222/6921,Svidnik,598449,slobodny
6606,Jana,Muskova,995918/5136,Humenne,608800,vydaty
6607,Radoslav,Marko,900728/2855,Snina,136706,slobodny
6608,Katerina,Vesela,636110/9210,Poprad,579534,vydaty
6609,Ondrej,Fabian,970414/6348,Zvolen,916324,slobodny
6610,Sandra,Cerna,796206/7434,Zvolen,348528,vydaty
6611,Jan,Dvorak,700621/3170,Levice,932132,slobodny
6612,Petra,Predajnianska,975615/9281,Senec,172471,vydaty
6613,Jan,Varga,681118/9492,Tvrdosin,493393,slobodny
6614,Veronika,Markova,995205/7341,Martin,115571,vydaty
6615,Peter,Novak,591125/7965,Bratislava,507287,slobodny
6616,Petra,Kubikova,835606/5960,Svidnik,439432,vydaty
6617,Juraj,Predajniansky,551027/3940,Trencin,596862,slobodny
6618,Sandra,Muskova,846011/6846,Kosice,573608,vydaty
6619,Juraj,Novak,561217/1916,Zilina,998248,slobodny
6620,Simona,Fabianova,525805/2723,Bardejov,294996,vydaty
6621,Richard,Predajniansky,720324/4620,Presov,608826,slobodny
6622,Petra,Kubikova,615916/1318,Senec,321213,vydaty
6623,Juraj,Rusnak,920113/3274,Bardejov,714576,slobodny
6624,Katerina,Novakova,646201/7064,Tvrdosin,215525,vydaty
6625,Filip,Kubik,800420/9025,Levice,411825,slobodny
6626,Lucia,Predajnianska,855715/4962,Humenne,734667,vydaty
6627,Ondrej,Predajniansky,920416/1300,Humenne,655331,slobodny
6628,Jana,Cerna,576016/5918,Trencin,579247,vydaty
6629,Martin,Rusnak,621022/2415,Bardejov,913752,slobodny
6630,Zuzana,Kubikova,956105/5212,Trnava,864419,vydaty
6631,Martin,Urban,990605/8072,Kosice,177080,slobodny
6632,Veronika,Kubikova,585801/2679,Martin,178856,vydaty
6633,Richard,Kucera,720415/8464,Levice,399758,slobodny
6634,Lucia,Vargova,945610/4598,Trencin,225582,vydaty
6635,Marek,Vesely,680802/9931,Martin,203043,slobodny
6636,Sandra,Fabianova,555521/2190,Bardejov,728838,vydaty
6637,Radoslav,Horvath,850316/8783,Bardejov,271401,slobodny
6638,Zuzana,Novakova,755417/1980,Poprad,664273,vydaty
6639,Richard,Rusnak,950428/3016,Bardejov,783891,slobodny
6640,Lucia,Vesela,985407/4009,Komarno,728128,vydaty
6641,Ondrej,Cerny,990223/3286,Humenne,60163,slobodny
6642,Katerina,Simekova,795724/1593,Trencin,72263,vydaty
6643,Marek,Kubik,570614/1216,Presov,181687,slobodny
6644,Lucia,Vargova,656202/1330,Bardejov,726174,vydaty
6645,Jan,Novak,760912/2141,Martin,472623,slobodny
6646,Veronika,Horvathova,585720/5578,Zvolen,714435,vydaty
6647,Tomas,Horvath,920607/1189,Levice,953558,slobodny
6648,Zuzana,Vargova,995823/7826,Nitra,912690,vydaty
6649,Juraj,Cerny,970226/3038,Martin,394019,slobodny
6650,Simona,Cerna,886221/4987,Kosice,620920,vydaty
6651,Tomas,Fabian,640720/6531,Svidnik,69057,slobodny
6652,Petra,Fabianova,745604/3422,Kosice,657070,vydaty
6653,Richard,Fabian,610507/4577,Presov,160430,slobodny
6654,Veronika,Fabianova,625706/9268,Zvolen,391236,vydaty
6655,Juraj,Muska,660802/3624,Bratislava,723799,slobodny
6656,Lucia,Muskova,985413/9627,Presov,839713,vydaty
6657,Filip,Kucera,590603/9055,Nitra,553189,slobodny
6658,Katerina,Simekova,925615/4173,Senec,564420,vydaty
6659,Richard,Fabian,660313/4260,Trnava,886489,slobodny
6660,Lucia,Vargova,646219/3541,Nitra,714205,vydaty
6661,Richard,Kubik,830425/1329,Poprad,385896,slobodny
6662,Zuzana,Kucerova,715310/7436,Kosice,999070,vydaty
6663,Marek,Rusnak,900203/8868,Bratislava,325974,slobodny
6664,Lucia,Markova,786005/5732,Zvolen,331891,vydaty
6665,Richard,Rusnak,730605/5537,Bratislava,672328,slobodny
6666,Lucia,Dvorakova,915713/9466,Zvolen,337804,vydaty
6667,Juraj,Dvorak,730114/3721,Snina,756507,slobodny
6668,Katerina,Muskova,885303/6357,Senec,418137,vydaty
6669,Marek,Bednar,561101/9335,Tvrdosin,131047,slobodny
6670,Lucia,Kucerova,755110/8655,Bratislava,591052,vydaty
6671,Juraj,Kucera,590918/4693,Senec,243714,slobodny
6672,Petra,Fabianova,535110/3462,Trencin,657132,vydaty
6673,Radoslav,Kucera,830724/2126,Nitra,875656,slobodny
6674,Barbora,Fabianova,656215/9446,Presov,325453,vydaty
6675,Martin,Fabian,780119/6733,Senec,233945,slobodny
6676,Zuzana,Cerna,545802/6160,Trnava,999450,vydaty
6677,Radoslav,Kubik,851009/6350,Martin,981406,slobodny
6678,Lucia,Vesela,825806/2635,Senec,58579,vydaty
6679,Filip,Varga,660624/2672,Trnava,594055,slobodny
6680,Petra,Vesela,655821/3473,Kosice,643354,vydaty
6681,Jan,Simek,631205/5970,Zilina,60329,slobodny
6682,Jana,Rusnakova,695420/4689,Nitra,875710,vydaty
6683,Juraj,Muska,720228/2437,Bardejov,368408,slobodny
6684,Jana,Markova,635504/7343,Bratislava,201397,vydaty
6685,Martin,Kucera,731107/1034,Bardejov,888124,slobodny
6686,Zuzana,Rusnakova,796021/1773,Presov,833559,vydaty
6687,Peter,Urban,631009/4030,Bardejov,359733,slobodny
6688,Zuzana,Cerna,935804/2073,Kosice,21395,vydaty
6689,Peter,Fabian,540819/5539,Humenne,689418,slobodny
6690,Katerina,Cerna,535909/3179,Poprad,64560,vydaty
6691,Jan,Dvorak,941222/9134,Nitra,419231,slobodny
6692,Katerina,Muskova,685226/7480,Kosice,232947,vydaty
6693,Radoslav,Rusnak,560720/6413,Tvrdosin,883530,slobodny
6694,Jana,Bednarova,936025/5003,Presov,137341,vydaty
6695,Filip,Urban,510224/1873,Senec,942015,slobodny
6696,Veronika,Novakova,835705/2468,Zilina,326109,vydaty
6697,Jan,Urban,820507/1834,Bratislava,848416,slobodny
6698,Katerina,Dvorakova,695414/8264,Tvrdosin,675252,vydaty
6699,Ondrej,Kubik,540526/1242,Presov,842893,slobodny
6700,Sandra,Markova,716204/7918,Komarno,402240,vydaty
6701,Martin,Muska,741214/4932,Humenne,550928,slobodny
6702,Barbora,Simekova,815811/3118,Humenne,251789,vydaty
6703,Ondrej,Horvath,730316/8419,Poprad,28531,slobodny
6704,Petra,Predajnianska,715914/5149,Bratislava,976446,vydaty
6705,Ondrej,Fabian,730815/7828,Nitra,711641,slobodny
6706,Simona,Novakova,615215/9546,Zilina,692355,vydaty
6707,Radoslav,Urban,681124/5232,Kosice,950876,slobodny
6708,Ivana,Cerna,866226/8275,Senec,994144,vydaty
6709,Marek,Horvath,561214/2761,Poprad,251105,slobodny
6710,Ivana,Bednarova,905701/9879,Zvolen,799763,vydaty
6711,Tomas,Bednar,800718/9324,Martin,284343,slobodny
6712,Veronika,Kucerova,855605/4324,Presov,940223,vydaty
6713,Filip,Marko,630828/2537,Levice,501811,slobodny
6714,Lucia,Novakova,795202/3151,Trnava,68837,vydaty
6715,Radoslav,Dvorak,530218/3859,Svidnik,95958,slobodny
6716,Simona,Predajnianska,965109/3280,Zvolen,919167,vydaty
6717,Marek,Horvath,631125/1380,Komarno,120429,slobodny
6718,Ivana,Novakova,695523/4610,Trencin,795968,vydaty
6719,Peter,Rusnak,950103/9620,Nitra,864492,slobodny
6720,Veronika,Kubikova,635903/7704,Zilina,910621,vydaty
6721,Radoslav,Urban,650107/5017,Zilina,651255,slobodny
6722,Ivana,Predajnianska,775728/9117,Snina,862368,vydaty
6723,Filip,Fabian,850619/4354,Bardejov,682592,slobodny
6724,Sandra,Horvathova,515112/9375,Nitra,327665,vydaty
6725,Martin,Predajniansky,580811/6347,Poprad,186074,slobodny
6726,Katerina,Vargova,995717/5454,Zvolen,94378,vydaty
6727,Filip,Predajniansky,601217/3481,Tvrdosin,705875,slobodny
6728,Sandra,Rusnakova,805415/7611,Trencin,90188,vydaty
6729,Filip,Kubik,690825/3104,Tvrdosin,352859,slobodny
6730,Lucia,Vesela,526027/6915,Snina,894006,vydaty
6731,Martin,Varga,730721/8086,Poprad,601249,slobodny
6732,Petra,Vargova,565406/2529,Bratislava,827551,vydaty
6733,Ondrej,Novak,910201/2140,Trencin,149240,slobodny
6734,Veronika,Bednarova,725414/9096,Martin,970278,vydaty
6735,Ondrej,Cerny,700917/4753,Tvrdosin,990025,slobodny
6736,Sandra,Horvathova,915328/6229,Senec,78101,vydaty
6737,Richard,Muska,590301/5662,Levice,689443,slobodny
6738,Barbora,Vargova,916105/2268,Komarno,519860,vydaty
6739,Martin,Marko,680215/1579,Bratislava,849267,slobodny
6740,Simona,Cerna,886220/1723,Bratislava,658730,vydaty
6741,Martin,Horvath,761227/6663,Snina,889449,slobodny
6742,Simona,Dvorakova,775715/2579,Tvrdosin,283318,vydaty
6743,Tomas,Predajniansky,570910/8827,Komarno,723568,slobodny
6744,Ivana,Novakova,835306/7772,Zvolen,413035,vydaty
6745,Jan,Kubik,750310/6197,Presov,341013,slobodny
6746,Ivana,Rusnakova,965203/6640,Bratislava,616415,vydaty
6747,Richard,Dvorak,611224/9115,Senec,536205,slobodny
6748,Ivana,Kubikova,755509/1321,Kosice,291884,vydaty
6749,Marek,Bednar,700524/8996,Levice,860893,slobodny
6750,Veronika,Vesela,935717/1774,Svidnik,964167,vydaty
6751,Juraj,Kucera,741118/7569,Zvolen,448589,slobodny
6752,Katerina,Rusnakova,575314/3900,Zilina,330118,vydaty
6753,Tomas,Vesely,960204/6532,Presov,165482,slobodny
6754,Jana,Vargova,835428/4212,Humenne,856900,vydaty
6755,Filip,Fabian,910804/2957,Trencin,664885,slobodny
6756,Simona,Vargova,925704/8360,Senec,728592,vydaty
6757,Marek,Fabian,930517/2207,Humenne,459570,slobodny
6758,Sandra,Fabianova,965905/5166,Bardejov,60032,vydaty
6759,Tomas,Vesely,680704/7619,Senec,259823,slobodny
6760,Ivana,Vargova,625223/1892,Zvolen,13466,vydaty
6761,Tomas,Marko,750316/7511,Senec,729524,slobodny
6762,Lucia,Predajnianska,885106/3866,Snina,907362,vydaty
6763,Martin,Marko,831210/7481,Zilina,47254,slobodny
6764,Veronika,Kubikova,885219/2237,Poprad,192231,vydaty
6765,Ondrej,Kucera,640122/4195,Snina,326238,slobodny
6766,Barbora,Markova,805205/7062,Poprad,672249,vydaty
6767,Radoslav,Kubik,600207/9710,Kosice,886877,slobodny
6768,Zuzana,Markova,695711/8065,Senec,888570,vydaty
6769,Filip,Marko,780904/4448,Bratislava,321822,slobodny
6770,Barbora,Muskova,836022/5630,Poprad,727829,vydaty
6771,Tomas,Predajniansky,880116/9887,Humenne,940075,slobodny
6772,Zuzana,Dvorakova,746004/6860,Humenne,77235,vydaty
6773,Juraj,Bednar,850811/2793,Presov,421486,slobodny
6774,Veronika,Markova,546126/8072,Kosice,640148,vydaty
6775,Martin,Urban,790408/5026,Tvrdosin,677351,slobodny
6776,Jana,Urbanova,525414/7908,Trnava,655235,vydaty
6777,Marek,Novak,581012/5784,Humenne,952462,slobodny
6778,Simona,Kucerova,646228/5935,Kosice,227376,vydaty
6779,Peter,Kubik,720719/9104,Humenne,732052,slobodny
6780,Barbora,Dvorakova,735210/7379,Trnava,969101,vydaty
6781,Richard,Cerny,550109/3673,Svidnik,491830,slobodny
6782,Ivana,Vesela,516005/6527,Nitra,897784,vydaty
6783,Richard,Urban,860921/9900,Trnava,320321,slobodny
6784,Zuzana,Predajnianska,776012/4946,Trnava,121994,vydaty
6785,Martin,Kubik,530804/8356,Zilina,588869,slobodny
6786,Zuzana,Vargova,655227/1289,Humenne,240812,vydaty
6787,Peter,Simek,930513/8910,Nitra,632930,slobodny
6788,Ivana,Cerna,875404/8772,Martin,555460,vydaty
6789,Juraj,Fabian,831205/1463,Humenne,915365,slobodny
6790,Katerina,Simekova,585813/7661,Poprad,237047,vydaty
6791,Tomas,Vesely,810815/2562,Snina,194995,slobodny
6792,Jana,Dvorakova,886012/3821,Humenne,233243,vydaty
6793,Jan,Dvorak,680103/8625,Presov,325737,slobodny
6794,Simona,Cerna,736220/2449,Presov,672171,vydaty
6795,Richard,Muska,980306/1703,Senec,295603,slobodny
6796,Ivana,Cerna,735711/6869,Bardejov,126067,vydaty
6797,Richard,Urban,900523/7601,Senec,276538,slobodny
6798,Simona,Vargova,955716/6835,Tvrdosin,180406,vydaty
6799,Martin,Simek,730917/3799,Bardejov,336961,slobodny
6800,Barbora,Kubikova,946111/4017,Presov,595006,vydaty
6801,Radoslav,Fabian,580128/6454,Trnava,794565,slobodny
6802,Jana,Rusnakova,855303/8247,Martin,760596,vydaty
6803,Marek,Fabian,900817/2688,Kosice,529310,slobodny
6804,Katerina,Rusnakova,896120/2831,Tvrdosin,96914,vydaty
6805,Tomas,Fabian,681217/7437,Tvrdosin,991354,slobodny
6806,Ivana,Novakova,625201/2326,Tvrdosin,240732,vydaty
6807,Marek,Varga,970408/1108,Nitra,606195,slobodny
6808,Barbora,Cerna,525816/2025,Bardejov,300884,vydaty
6809,Tomas,Kucera,911212/8221,Humenne,917856,slobodny
6810,Simona,Cerna,895205/6983,Nitra,965262,vydaty
6811,Ondrej,Varga,810908/3283,Trencin,285603,slobodny
6812,Ivana,Kubikova,556020/9754,Presov,221570,vydaty
6813,Radoslav,Rusnak,680224/8563,Snina,920804,slobodny
6814,Katerina,Bednarova,916225/6642,Kosice,630166,vydaty
6815,Richard,Simek,911024/5914,Nitra,778044,slobodny
6816,Veronika,Novakova,886203/9335,Presov,10911,vydaty
6817,Martin,Kucera,640109/6952,Levice,470638,slobodny
6818,Barbora,Fabianova,875719/5723,Trnava,967071,vydaty
6819,Jan,Urban,980903/1830,Kosice,301231,slobodny
6820,Lucia,Dvorakova,655714/9118,Zilina,206618,vydaty
6821,Martin,Dvorak,960809/8883,Humenne,746824,slobodny
6822,Sandra,Vesela,655523/8970,Trencin,492608,vydaty
6823,Jan,Kucera,800323/5929,Senec,961907,slobodny
6824,Jana,Bednarova,655401/7904,Trnava,944878,vydaty
6825,Martin,Vesely,770315/2415,Trencin,851527,slobodny
6826,Sandra,Bednarova,766204/1842,Zilina,494846,vydaty
6827,Juraj,Novak,991112/8500,Presov,803972,slobodny
6828,Katerina,Cerna,896014/2263,Humenne,534555,vydaty
6829,Peter,Kucera,970808/7594,Poprad,195284,slobodny
6830,Jana,Vesela,675226/2120,Snina,722594,vydaty
6831,Peter,Varga,880809/7101,Snina,119116,slobodny
6832,Petra,Simekova,525513/6696,Nitra,517914,vydaty
6833,Peter,Predajniansky,720901/1657,Senec,117243,slobodny
6834,Simona,Kucerova,616010/5810,Nitra,704434,vydaty
6835,Richard,Horvath,810426/8923,Komarno,728362,slobodny
6836,Barbora,Markova,916215/4564,Bratislava,82736,vydaty
6837,Martin,Vesely,870902/1014,Snina,157397,slobodny
6838,Lucia,Urbanova,955527/3177,Humenne,215423,vydaty
6839,Peter,Rusnak,760704/3050,Nitra,548578,slobodny
6840,Petra,Simekova,835808/9250,Nitra,70273,vydaty
6841,Juraj,Kucera,961214/7686,Snina,900945,slobodny
6842,Barbora,Simekova,535417/2445,Zvolen,318420,vydaty
6843,Peter,Kubik,920920/4705,Senec,724874,slobodny
6844,Zuzana,Horvathova,656008/1527,Trencin,807153,vydaty
6845,Filip,Novak,810625/4279,Bratislava,930741,slobodny
6846,Barbora,Muskova,755327/6059,Zvolen,901387,vydaty
6847,Martin,Kubik,880818/6128,Komarno,415773,slobodny
6848,Veronika,Kubikova,916021/5286,Nitra,667834,vydaty
6849,Radoslav,Predajniansky,971121/6353,Komarno,596707,slobodny
6850,Jana,Fabianova,855126/7984,Komarno,66812,vydaty
6851,Ondrej,Kubik,750420/6098,Martin,440257,slobodny
6852,Simona,Simekova,826028/3178,Zvolen,150835,vydaty
6853,Martin,Urban,640803/5188,Bratislava,481130,slobodny
6854,Petra,Horvathova,686203/3750,Kosice,388442,vydaty
6855,Peter,Urban,530227/4499,Humenne,759181,slobodny
6856,Katerina,Urbanova,895627/3431,Zvolen,243418,vydaty
6857,Radoslav,Bednar,781128/7230,Senec,742525,slobodny
6858,Simona,Rusnakova,695815/3918,Komarno,995550,vydaty
6859,Richard,Vesely,670507/1437,Kosice,146842,slobodny
6860,Veronika,Dvorakova,855711/9779,Humenne,737386,vydaty
6861,Richard,Predajniansky,810305/9358,Zvolen,881036,slobodny
6862,Ivana,Novakova,515726/7396,Martin,958671,vydaty
6863,Filip,Kucera,720807/2894,Kosice,699832,slobodny
6864,Simona,Kubikova,556108/3794,Svidnik,743583,vydaty
6865,Radoslav,Simek,680615/5796,Presov,657415,slobodny
6866,Katerina,Urbanova,735915/3176,Zilina,973488,vydaty
6867,Radoslav,Fabian,750606/7619,Svidnik,577091,slobodny
6868,Ivana,Kubikova,575716/4164,Trnava,787777,vydaty
6869,Filip,Kubik,680327/8752,Snina,933078,slobodny
6870,Simona,Dvorakova,565720/4477,Bardejov,847024,vydaty
6871,Peter,Varga,900416/5119,Martin,972886,slobodny
6872,Simona,Rusnakova,696220/6817,Kosice,629286,vydaty
6873,Ondrej,Marko,820902/1737,Poprad,612489,slobodny
6874,Lucia,Fabianova,985616/2302,Levice,34528,vydaty
6875,Jan,Vesely,870817/3408,Tvrdosin,207293,slobodny
6876,Katerina,Cerna,965116/2761,Senec,993579,vydaty
6877,Peter,Horvath,860721/2717,Levice,329400,slobodny
6878,Petra,Novakova,576124/9252,Trencin,111357,vydaty
6879,Marek,Urban,940121/9301,Zilina,587330,slobodny
6880,Sandra,Novakova,615126/9660,Nitra,151464,vydaty
6881,Radoslav,Varga,781202/5273,Trencin,71872,slobodny
6882,Simona,Markova,885517/8045,Levice,573726,vydaty
6883,Juraj,Cerny,960603/9675,Presov,117286,slobodny
6884,Jana,Rusnakova,886210/9180,Presov,195166,vydaty
6885,Richard,Horvath,710208/2306,Trnava,961434,slobodny
6886,Barbora,Muskova,875804/3872,Presov,626772,vydaty
6887,Tomas,Predajniansky,920912/6381,Martin,884460,slobodny
6888,Katerina,Predajnianska,655205/7764,Tvrdosin,956242,vydaty
6889,Tomas,Bednar,570416/4168,Senec,475685,slobodny
6890,Veronika,Novakova,955820/6856,Nitra,954686,vydaty
6891,Peter,Dvorak,871027/8007,Levice,620522,slobodny
6892,Petra,Rusnakova,555120/7869,Trencin,56971,vydaty
6893,Juraj,Predajniansky,780307/2133,Senec,801639,slobodny
6894,Jana,Novakova,536006/7471,Presov,87402,vydaty
6895,Richard,Kucera,620423/1991,Martin,456437,slobodny
6896,Lucia,Novakova,855608/3938,Poprad,387401,vydaty
6897,Marek,Simek,910111/1280,Levice,299129,slobodny
6898,Zuzana,Rusnakova,926218/5760,Zvolen,345481,vydaty
6899,Martin,Marko,530504/2870,Komarno,495008,slobodny
6900,Ivana,Rusnakova,626021/8787,Komarno,217175,vydaty
6901,Peter,Kucera,710501/6414,Komarno,857091,slobodny
6902,Katerina,Fabianova,535418/7954,Zilina,584512,vydaty
6903,Radoslav,Vesely,520521/7345,Trencin,127633,slobodny
6904,Sandra,Vargova,905122/3132,Komarno,582692,vydaty
6905,Ondrej,Kucera,550209/8551,Martin,931545,slobodny
6906,Veronika,Vargova,986205/9104,Levice,994541,vydaty
6907,Radoslav,Dvorak,830310/5088,Svidnik,741911,slobodny
6908,Katerina,Urbanova,785617/3997,Zilina,68959,vydaty
6909,Tomas,Dvorak,850127/5813,Martin,232381,slobodny
6910,Jana,Cerna,875622/3228,Komarno,579892,vydaty
6911,Juraj,Urban,950303/5511,Bardejov,810461,slobodny
6912,Katerina,Bednarova,955924/8062,Komarno,524502,vydaty
6913,Peter,Fabian,880813/7771,Levice,60549,slobodny
6914,Barbora,Horvathova,636120/9653,Trnava,882013,vydaty
6915,Filip,Dvorak,701228/6818,Kosice,728993,slobodny
6916,Petra,Bednarova,735501/9640,Trencin,76430,vydaty
6917,Ondrej,Rusnak,651026/3952,Martin,715242,slobodny
6918,Jana,Cerna,755804/1758,Humenne,694281,vydaty
6919,Juraj,Fabian,611126/8560,Zvolen,916664,slobodny
6920,Katerina,Novakova,525923/7102,Presov,303802,vydaty
6921,Richard,Cerny,580722/8589,Zvolen,966571,slobodny
6922,Petra,Predajnianska,805319/9189,Bratislava,409482,vydaty
6923,Filip,Vesely,780527/6546,Svidnik,538826,slobodny
6924,Zuzana,Dvorakova,586212/6596,Komarno,229460,vydaty
6925,Ondrej,Dvorak,761123/6481,Svidnik,112161,slobodny
6926,Jana,Cerna,626110/9988,Humenne,29275,vydaty
6927,Tomas,Marko,881225/2557,Zilina,764078,slobodny
6928,Veronika,Rusnakova,815721/4230,Svidnik,790143,vydaty
6929,Marek,Predajniansky,740723/4575,Levice,612301,slobodny
6930,Lucia,Bednarova,875815/8116,Nitra,555365,vydaty
6931,Richard,Varga,630419/6600,Svidnik,19338,slobodny
6932,Simona,Cerna,525517/1752,Bardejov,583172,vydaty
6933,Radoslav,Predajniansky,830907/1144,Komarno,904530,slobodny
6934,Katerina,Cerna,785601/4639,Bratislava,284739,vydaty
6935,Filip,Kucera,641207/2409,Senec,491723,slobodny
6936,Sandra,Novakova,555225/5608,Kosice,924426,vydaty
6937,Martin,Vesely,831120/8618,Senec,959460,slobodny
6938,Jana,Horvathova,915526/2864,Trencin,733565,vydaty
6939,Martin,Horvath,641104/7082,Zvolen,290429,slobodny
6940,Simona,Cerna,765225/4762,Snina,459564,vydaty
6941,Martin,Predajniansky,690817/9226,Martin,741555,slobodny
6942,Sandra,Fabianova,715724/3616,Nitra,911443,vydaty
6943,Radoslav,Muska,560322/6848,Svidnik,962675,slobodny
6944,Katerina,Markova,815528/6394,Poprad,237264,vydaty
6945,Tomas,Horvath,511002/9715,Martin,646730,slobodny
6946,Sandra,Rusnakova,585303/9069,Levice,941855,vydaty
6947,Ondrej,Novak,870202/9512,Humenne,850631,slobodny
6948,Zuzana,Bednarova,615523/9290,Zilina,341225,vydaty
6949,Radoslav,Predajniansky,801123/6472,Bardejov,926000,slobodny
6950,Ivana,Novakova,985904/2051,Zilina,963099,vydaty
6951,Ondrej,Marko,730322/5115,Presov,934439,slobodny
6952,Ivana,Vesela,975924/6689,Levice,307181,vydaty
6953,Tomas,Kubik,610621/8201,Svidnik,506075,slobodny
6954,Barbora,Urbanova,625424/8881,Presov,356397,vydaty
6955,Filip,Simek,580417/7501,Nitra,345051,slobodny
6956,Simona,Predajnianska,805526/1341,Martin,296358,vydaty
6957,Filip,Kucera,560714/7603,Trnava,257351,slobodny
6958,Barbora,Kucerova,866101/5861,Zvolen,373927,vydaty
6959,Juraj,Dvorak,570318/2988,Svidnik,937665,slobodny
6960,Sandra,Kucerova,735402/5127,Trencin,640765,vydaty
6961,Tomas,Kucera,930912/6329,Trnava,731924,slobodny
6962,Katerina,Markova,885104/2101,Levice,850379,vydaty
6963,Tomas,Dvorak,960228/3483,Presov,741690,slobodny
6964,Katerina,Bednarova,675606/4923,Humenne,836266,vydaty
6965,Filip,Bednar,830316/2535,Svidnik,909966,slobodny
6966,Sandra,Muskova,516004/9941,Bratislava,51517,vydaty
6967,Ondrej,Novak,581211/3610,Kosice,384423,slobodny
6968,Petra,Predajnianska,656005/3922,Presov,213274,vydaty
6969,Martin,Muska,941111/7308,Tvrdosin,823756,slobodny
6970,Simona,Simekova,515309/5916,Trencin,12013,vydaty
6971,Marek,Varga,651015/1145,Bardejov,705842,slobodny
6972,Lucia,Cerna,745321/5740,Zilina,540234,vydaty
6973,Tomas,Cerny,680227/3801,Martin,740040,slobodny
6974,Barbora,Kucerova,916212/8078,Bratislava,323986,vydaty
6975,Marek,Varga,691108/5114,Presov,26104,slobodny
6976,Veronika,Urbanova,666212/4586,Snina,519708,vydaty
6977,Tomas,Bednar,820125/4666,Bardejov,587376,slobodny
6978,Katerina,Simekova,985211/7157,Trencin,131576,vydaty
6979,Richard,Simek,740309/8806,Kosice,637093,slobodny
6980,Jana,Kubikova,525109/9271,Bardejov,58964,vydaty
6981,Martin,Kubik,710924/2318,Zvolen,984744,slobodny
6982,Katerina,Cerna,975821/2940,Zilina,122011,vydaty
6983,Martin,Varga,991206/9792,Trencin,583042,slobodny
6984,Katerina,Predajnianska,735706/1371,Presov,578910,vydaty
6985,Jan,Predajniansky,721106/5174,Kosice,399470,slobodny
6986,Barbora,Vargova,885328/5057,Nitra,236052,vydaty
6987,Filip,Cerny,711109/8265,Humenne,579674,slobodny
6988,Simona,Horvathova,826223/3110,Tvrdosin,84088,vydaty
6989,Marek,Fabian,660607/1289,Bratislava,150863,slobodny
6990,Lucia,Dvorakova,935426/1730,Martin,89377,vydaty
6991,Radoslav,Kubik,930802/7925,Martin,793324,slobodny
6992,Barbora,Bednarova,536108/5549,Presov,366125,vydaty
6993,Filip,Kucera,860301/4688,Tvrdosin,511979,slobodny
6994,Zuzana,Horvathova,616102/5361,Zvolen,488570,vydaty
6995,Marek,Vesely,840405/9799,Zilina,480407,slobodny
6996,Veronika,Vargova,626007/7860,Presov,553770,vydaty
6997,Jan,Varga,660825/4048,Kosice,982806,slobodny
6998,Ivana,Simekova,875925/4812,Trencin,970577,vydaty
6999,Ondrej,Dvorak,930607/6929,Poprad,761282,slobodny
7000,Simona,Rusnakova,995209/8843,Levice,637271,vydaty
7001,Martin,Vesely,890504/6401,Snina,313926,slobodny
7002,Ivana,Horvathova,815824/7488,Zilina,853402,vydaty
7003,Filip,Dvorak,660116/7959,Poprad,350976,slobodny
7004,Lucia,Dvorakova,565824/3028,Bardejov,271145,vydaty
7005,Marek,Simek,840723/5694,Levice,396760,slobodny
7006,Barbora,Simekova,655821/7967,Bratislava,29487,vydaty
7007,Ondrej,Marko,810510/6486,Poprad,530551,slobodny
7008,Zuzana,Bednarova,965819/5475,Presov,11534,vydaty
7009,Radoslav,Novak,690714/6805,Snina,37964,slobodny
7010,Simona,Kubikova,836118/2337,Humenne,859119,vydaty
7011,Ondrej,Predajniansky,900607/4595,Trnava,13580,slobodny
7012,Zuzana,Urbanova,925314/1275,Bardejov,887280,vydaty
7013,Jan,Bednar,821006/7770,Zilina,48872,slobodny
7014,Sandra,Urbanova,525219/1661,Komarno,875564,vydaty
7015,Tomas,Vesely,590107/5073,Senec,789052,slobodny
7016,Jana,Kubikova,996113/4929,Presov,107540,vydaty
7017,Richard,Rusnak,720103/3010,Trnava,692770,slobodny
7018,Sandra,Vesela,985206/1140,Presov,455240,vydaty
7019,Marek,Fabian,700714/4207,Bardejov,155940,slobodny
7020,Jana,Kucerova,785224/3206,Presov,565655,vydaty
7021,Radoslav,Kucera,870917/7955,Nitra,892474,slobodny
7022,Lucia,Muskova,646002/4679,Trencin,571033,vydaty
7023,Martin,Novak,750119/5253,Trnava,691990,slobodny
7024,Simona,Dvorakova,615309/7246,Tvrdosin,151625,vydaty
7025,Radoslav,Urban,970226/6370,Snina,66003,slobodny
7026,Simona,Cerna,645726/9845,Trnava,838142,vydaty
7027,Martin,Kucera,600706/3169,Bardejov,308043,slobodny
7028,Simona,Fabianova,875620/6847,Levice,697580,vydaty
7029,Marek,Horvath,820309/4224,Martin,705114,slobodny
7030,Zuzana,Markova,865313/8740,Komarno,883965,vydaty
7031,Peter,Muska,770618/8899,Trnava,877822,slobodny
7032,Lucia,Dvorakova,886209/3589,Trencin,248786,vydaty
7033,Peter,Bednar,750706/8304,Trencin,18924,slobodny
7034,Simona,Vesela,956009/3228,Trencin,798201,vydaty
7035,Marek,Marko,710107/3600,Kosice,149569,slobodny
7036,Ivana,Bednarova,565118/9687,Bratislava,272374,vydaty
7037,Jan,Cerny,590609/8990,Komarno,311084,slobodny
7038,Petra,Simekova,705211/9302,Presov,682887,vydaty
7039,Peter,Marko,921212/5135,Presov,561550,slobodny
7040,Sandra,Vesela,915303/7756,Levice,713464,vydaty
7041,Jan,Marko,721015/5980,Kosice,614151,slobodny
7042,Petra,Cerna,635321/1434,Svidnik,471128,vydaty
7043,Richard,Fabian,640215/4017,Trencin,283189,slobodny
7044,Petra,Muskova,965902/2925,Kosice,789913,vydaty
7045,Ondrej,Rusnak,620122/7667,Bratislava,49364,slobodny
7046,Sandra,Dvorakova,765108/8645,Komarno,805616,vydaty
7047,Jan,Dvorak,610228/4846,Martin,137247,slobodny
7048,Veronika,Simekova,825413/2442,Nitra,894744,vydaty
7049,Juraj,Varga,980627/9321,Zilina,297583,slobodny
7050,Simona,Simekova,766026/5182,Nitra,871555,vydaty
7051,Martin,Predajniansky,870303/2242,Presov,828097,slobodny
7052,Lucia,Simekova,925205/1407,Svidnik,658116,vydaty
7053,Juraj,Urban,961126/8035,Poprad,33622,slobodny
7054,Simona,Fabianova,766206/1415,Nitra,253330,vydaty
7055,Marek,Horvath,840412/6648,Martin,315546,slobodny
7056,Petra,Vargova,545116/4845,Trnava,457689,vydaty
7057,Radoslav,Bednar,621123/1300,Senec,559846,slobodny
7058,Sandra,Cerna,626112/3619,Bratislava,389881,vydaty
7059,Martin,Predajniansky,820724/5018,Kosice,562852,slobodny
7060,Ivana,Vargova,795514/7849,Presov,856320,vydaty
7061,Radoslav,Varga,790613/1884,Snina,735831,slobodny
7062,Simona,Bednarova,765819/6677,Trencin,498833,vydaty
7063,Ondrej,Horvath,601008/4522,Humenne,871253,slobodny
7064,Petra,Simekova,765406/1229,Komarno,863462,vydaty
7065,Marek,Vesely,810120/5591,Presov,302840,slobodny
7066,Veronika,Muskova,646101/1775,Bratislava,276557,vydaty
7067,Radoslav,Novak,810823/4906,Kosice,152226,slobodny
7068,Sandra,Vesela,736202/7727,Komarno,314276,vydaty
7069,Juraj,Marko,850110/1982,Humenne,840007,slobodny
7070,Katerina,Rusnakova,765411/3235,Bratislava,844663,vydaty
7071,Ondrej,Bednar,900516/5345,Zvolen,55410,slobodny
7072,Jana,Novakova,775926/3118,Kosice,971278,vydaty
7073,Martin,Simek,880315/2381,Martin,556079,slobodny
7074,Petra,Predajnianska,535602/6974,Tvrdosin,406899,vydaty
7075,Radoslav,Muska,581218/4226,Humenne,729653,slobodny
7076,Barbora,Dvorakova,755222/9738,Zvolen,671774,vydaty
7077,Ondrej,Cerny,730418/1458,Trnava,269212,slobodny
7078,Veronika,Muskova,835309/3611,Presov,260176,vydaty
7079,Juraj,Fabian,520308/6083,Poprad,437015,slobodny
7080,Lucia,Predajnianska,675715/6946,Komarno,756645,vydaty
7081,Ondrej,Marko,800212/5680,Svidnik,448777,slobodny
7082,Zuzana,Novakova,715519/2741,Trnava,332762,vydaty
7083,Martin,Varga,740309/1688,Trencin,260397,slobodny
7084,Petra,Vesela,705714/1939,Bratislava,956072,vydaty
7085,Peter,Predajniansky,800625/5733,Zvolen,373165,slobodny
7086,Barbora,Horvathova,865916/1429,Humenne,425279,vydaty
7087,Ondrej,Bednar,880102/6329,Trnava,790777,slobodny
7088,Katerina,Bednarova,515827/2095,Senec,193513,vydaty
7089,Tomas,Varga,940913/1956,Trnava,596500,slobodny
7090,Sandra,Muskova,835107/8148,Komarno,363250,vydaty
7091,Radoslav,Simek,680122/2777,Tvrdosin,98837,slobodny
7092,Simona,Vesela,685304/5587,Trnava,31651,vydaty
7093,Jan,Muska,760910/5993,Snina,32664,slobodny
7094,Veronika,Bednarova,515704/5444,Levice,541307,vydaty
7095,Richard,Urban,800425/6861,Bratislava,314487,slobodny
7096,Lucia,Markova,955426/8890,Bardejov,190318,vydaty
7097,Richard,Bednar,760724/5432,Levice,329863,slobodny
7098,Petra,Fabianova,845504/4681,Zilina,295647,vydaty
7099,Radoslav,Bednar,610122/1172,Trencin,854214,slobodny
7100,Zuzana,Muskova,536012/4747,Zvolen,284180,vydaty
7101,Martin,Novak,701116/9308,Senec,507892,slobodny
7102,Sandra,Novakova,756110/6647,Presov,537613,vydaty
7103,Jan,Kubik,720808/6588,Tvrdosin,949456,slobodny
7104,Lucia,Novakova,665609/1360,Martin,771282,vydaty
7105,Radoslav,Vesely,940913/3332,Poprad,635991,slobodny
7106,Jana,Fabianova,966103/8528,Svidnik,444030,vydaty
7107,Jan,Predajniansky,980821/5319,Trencin,64280,slobodny
7108,Zuzana,Novakova,975908/1338,Levice,598954,vydaty
7109,Martin,Simek,740324/5845,Zvolen,649768,slobodny
7110,Ivana,Rusnakova,685909/6027,Senec,852408,vydaty
7111,Jan,Horvath,681224/3006,Tvrdosin,203213,slobodny
7112,Simona,Dvorakova,886105/5836,Humenne,814149,vydaty
7113,Peter,Novak,610201/1545,Zvolen,555248,slobodny
7114,Simona,Vesela,645124/5460,Presov,914127,vydaty
7115,Tomas,Bednar,901021/7098,Zilina,127349,slobodny
7116,Barbora,Markova,855414/2432,Snina,877005,vydaty
7117,Martin,Predajniansky,630809/4940,Bratislava,418517,slobodny
7118,Zuzana,Cerna,985405/7213,Tvrdosin,135305,vydaty
7119,Tomas,Kucera,590128/3551,Komarno,332308,slobodny
7120,Petra,Predajnianska,525925/7206,Tvrdosin,968868,vydaty
7121,Ondrej,Horvath,881003/6561,Poprad,979815,slobodny
7122,Simona,Kucerova,645723/9380,Bardejov,651724,vydaty
7123,Radoslav,Urban,880207/5924,Svidnik,252561,slobodny
7124,Barbora,Markova,875121/1920,Zvolen,597363,vydaty
7125,Richard,Rusnak,670215/5131,Trencin,220405,slobodny
7126,Lucia,Muskova,805711/3608,Bardejov,56449,vydaty
7127,Martin,Varga,710421/3786,Bardejov,553854,slobodny
7128,Jana,Markova,935419/7076,Senec,13032,vydaty
7129,Jan,Urban,760208/5079,Zvolen,670796,slobodny
7130,Simona,Horvathova,975812/1659,Snina,363910,vydaty
7131,Ondrej,Marko,630519/6480,Zilina,168574,slobodny
7132,Sandra,Bednarova,615510/7002,Senec,65548,vydaty
7133,Peter,Simek,800607/5633,Bardejov,805872,slobodny
7134,Ivana,Vesela,605807/2637,Snina,495126,vydaty
7135,Marek,Rusnak,891127/7200,Levice,558654,slobodny
7136,Sandra,Bednarova,796217/7257,Poprad,504749,vydaty
7137,Marek,Muska,710524/8969,Trnava,347068,slobodny
7138,Katerina,Kubikova,875406/3092,Kosice,732907,vydaty
7139,Marek,Fabian,920313/8528,Humenne,495745,slobodny
7140,Lucia,Horvathova,956207/6176,Senec,842366,vydaty
7141,Juraj,Bednar,511225/1899,Bardejov,318991,slobodny
7142,Simona,Markova,595921/4306,Zvolen,378862,vydaty
7143,Jan,Dvorak,550722/6220,Tvrdosin,601338,slobodny
7144,Lucia,Horvathova,606011/9496,Zilina,669303,vydaty
7145,Radoslav,Simek,581002/2225,Trencin,800067,slobodny
7146,Katerina,Kucerova,715422/2854,Levice,196717,vydaty
7147,Radoslav,Vesely,961109/1930,Trnava,21929,slobodny
7148,Jana,Horvathova,575912/5334,Senec,506314,vydaty
7149,Radoslav,Novak,960924/7569,Svidnik,53909,slobodny
7150,Ivana,Vargova,606021/6505,Zilina,742991,vydaty
7151,Radoslav,Bednar,660107/1939,Komarno,952966,slobodny
7152,Zuzana,Vesela,576012/3177,Bratislava,462864,vydaty
7153,Jan,Predajniansky,561206/2146,Kosice,672073,slobodny
7154,Sandra,Rusnakova,726128/2637,Nitra,61157,vydaty
7155,Jan,Varga,591225/9128,Bardejov,328237,slobodny
7156,Barbora,Kucerova,805104/7615,Snina,21194,vydaty
7157,Martin,Varga,670722/6514,Komarno,779374,slobodny
7158,Lucia,Horvathova,875820/8369,Levice,10772,vydaty
7159,Marek,Vesely,981201/3188,Bratislava,92758,slobodny
7160,Jana,Kucerova,695912/4031,Zvolen,308347,vydaty
7161,Filip,Dvorak,600324/5426,Zvolen,220954,slobodny
7162,Simona,Cerna,745122/6360,Bratislava,631385,vydaty
7163,Tomas,Fabian,740821/4674,Trencin,142560,slobodny
7164,Barbora,Urbanova,656106/3414,Zilina,46720,vydaty
7165,Martin,Urban,680606/6200,Zilina,635686,slobodny
7166,Ivana,Vesela,705923/2936,Zilina,143340,vydaty
7167,Peter,Bednar,560401/8069,Kosice,363472,slobodny
7168,Zuzana,Markova,795622/4116,Poprad,440246,vydaty
7169,Radoslav,Predajniansky,591112/4901,Presov,287976,slobodny
7170,Jana,Predajnianska,796207/7487,Kosice,811594,vydaty
7171,Tomas,Novak,980815/5564,Levice,854795,slobodny
7172,Jana,Vargova,605702/9092,Tvrdosin,850723,vydaty
7173,Marek,Kubik,670818/6194,Humenne,135613,slobodny
7174,Veronika,Novakova,915525/7064,Poprad,541651,vydaty
7175,Filip,Dvorak,690909/1826,Trencin,677766,slobodny
7176,Simona,Cerna,905919/3664,Bardejov,410405,vydaty
7177,Martin,Novak,610725/9466,Levice,744977,slobodny
7178,Jana,Kucerova,785323/8122,Presov,73475,vydaty
7179,Ondrej,Kucera,980314/1087,Zilina,511495,slobodny
7180,Sandra,Simekova,756106/7438,Martin,926624,vydaty
7181,Richard,Marko,580524/2464,Nitra,510036,slobodny
7182,Veronika,Muskova,535216/4825,Trnava,919316,vydaty
7183,Martin,Bednar,580223/4665,Zvolen,744448,slobodny
7184,Ivana,Kucerova,535614/8146,Trnava,408061,vydaty
7185,Ondrej,Predajniansky,780924/2382,Senec,779654,slobodny
7186,Barbora,Predajnianska,855912/9181,Humenne,793141,vydaty
7187,Martin,Cerny,870513/9917,Martin,265999,slobodny
7188,Ivana,Horvathova,696104/4155,Nitra,452227,vydaty
7189,Martin,Cerny,980419/3906,Kosice,356623,slobodny
7190,Lucia,Vesela,535212/4559,Bardejov,260862,vydaty
7191,Richard,Cerny,820818/4383,Martin,860501,slobodny
7192,Lucia,Kucerova,865522/7366,Zilina,109568,vydaty
7193,Ondrej,Muska,831125/3043,Trencin,508524,slobodny
7194,Ivana,Dvorakova,935527/7573,Kosice,563954,vydaty
7195,Ondrej,Kubik,970819/8488,Humenne,649782,slobodny
7196,Petra,Dvorakova,995813/4763,Bardejov,517078,vydaty
7197,Tomas,Fabian,600122/2391,Snina,332931,slobodny
7198,Barbora,Simekova,695716/7784,Martin,842352,vydaty
7199,Martin,Kucera,941218/5648,Zilina,928833,slobodny
7200,Jana,Vesela,605617/1825,Snina,858101,vydaty
7201,Tomas,Vesely,521204/2424,Trnava,613488,slobodny
7202,Veronika,Horvathova,975409/8915,Bratislava,249823,vydaty
7203,Filip,Simek,930426/5004,Bardejov,850399,slobodny
7204,Sandra,Markova,975326/7483,Martin,803762,vydaty
7205,Marek,Horvath,850817/4741,Tvrdosin,760630,slobodny
7206,Veronika,Kucerova,725420/8384,Presov,195399,vydaty
7207,Jan,Muska,980904/2497,Zvolen,275033,slobodny
7208,Veronika,Horvathova,935613/2389,Zilina,928933,vydaty
7209,Marek,Rusnak,820128/7482,Presov,770497,slobodny
7210,Lucia,Dvorakova,785513/9297,Kosice,347401,vydaty
7211,Richard,Fabian,950625/3348,Levice,325362,slobodny
7212,Veronika,Vesela,785220/5046,Trnava,772322,vydaty
7213,Marek,Dvorak,570617/2544,Snina,145483,slobodny
7214,Lucia,Bednarova,666217/6291,Martin,894374,vydaty
7215,Juraj,Horvath,931120/3691,Levice,102595,slobodny
7216,Barbora,Urbanova,925907/8527,Tvrdosin,844327,vydaty
7217,Peter,Varga,820823/2340,Presov,411737,slobodny
7218,Simona,Cerna,805511/5931,Presov,543270,vydaty
7219,Ondrej,Simek,890607/6684,Bratislava,574768,slobodny
7220,Barbora,Novakova,535611/1389,Bratislava,188676,vydaty
7221,Ondrej,Novak,910105/8865,Kosice,957810,slobodny
7222,Sandra,Kubikova,995614/8545,Bardejov,386534,vydaty
7223,Marek,Rusnak,800411/7750,Presov,840544,slobodny
7224,Katerina,Horvathova,775525/9496,Zilina,769229,vydaty
7225,Juraj,Vesely,920425/9237,Trencin,138322,slobodny
7226,Lucia,Fabianova,895709/4898,Kosice,367529,vydaty
7227,Richard,Dvorak,980314/1254,Komarno,894898,slobodny
7228,Lucia,Cerna,595725/5463,Poprad,908634,vydaty
7229,Juraj,Vesely,770109/3143,Martin,449783,slobodny
7230,Barbora,Fabianova,815308/4318,Levice,508414,vydaty
7231,Filip,Urban,861206/3982,Snina,876231,slobodny
7232,Veronika,Fabianova,755324/2073,Nitra,940066,vydaty
7233,Richard,Novak,530309/8338,Bratislava,874485,slobodny
7234,Ivana,Fabianova,976107/2829,Poprad,980522,vydaty
7235,Tomas,Cerny,941120/7627,Poprad,990006,slobodny
7236,Barbora,Bednarova,555514/1934,Svidnik,633209,vydaty
7237,Tomas,Kubik,770719/1370,Nitra,762783,slobodny
7238,Barbora,Markova,676121/2218,Trencin,77502,vydaty
7239,Tomas,Bednar,970917/4675,Trencin,882381,slobodny
7240,Zuzana,Bednarova,716103/4081,Kosice,375882,vydaty
7241,Juraj,Simek,580109/7239,Poprad,244678,slobodny
7242,Zuzana,Bednarova,845505/6691,Senec,901777,vydaty
7243,Martin,Marko,990324/2010,Zilina,681234,slobodny
7244,Barbora,Urbanova,895310/9594,Komarno,420375,vydaty
7245,Martin,Marko,550504/3349,Bratislava,276753,slobodny
7246,Petra,Vargova,965716/1696,Bardejov,45850,vydaty
7247,Jan,Predajniansky,830206/4933,Levice,502286,slobodny
7248,Lucia,Simekova,816209/9539,Humenne,964538,vydaty
7249,Richard,Marko,560928/7902,Presov,759566,slobodny
7250,Barbora,Vesela,885215/1191,Nitra,186844,vydaty
7251,Martin,Urban,741115/1984,Presov,449817,slobodny
7252,Zuzana,Bednarova,895825/3080,Martin,21706,vydaty
7253,Juraj,Predajniansky,840503/4682,Senec,897545,slobodny
7254,Lucia,Markova,585702/4578,Zvolen,258792,vydaty
7255,Filip,Novak,550201/9973,Poprad,931705,slobodny
7256,Sandra,Vargova,855504/5857,Zvolen,92990,vydaty
7257,Richard,Kucera,610405/4236,Senec,374384,slobodny
7258,Petra,Cerna,755625/8525,Zvolen,600234,vydaty
7259,Tomas,Dvorak,680513/7573,Martin,692335,slobodny
7260,Petra,Novakova,526209/8156,Nitra,456129,vydaty
7261,Filip,Simek,940913/3304,Kosice,401261,slobodny
7262,Lucia,Vargova,735121/4068,Trencin,258921,vydaty
7263,Marek,Horvath,541017/5885,Martin,569532,slobodny
7264,Zuzana,Cerna,706117/8687,Snina,656510,vydaty
7265,Radoslav,Predajniansky,610626/3165,Presov,740907,slobodny
7266,Lucia,Rusnakova,675713/7285,Trencin,985371,vydaty
7267,Radoslav,Cerny,920203/6862,Martin,744302,slobodny
7268,Simona,Markova,555212/9206,Levice,152289,vydaty
7269,Juraj,Cerny,810212/2922,Presov,434428,slobodny
7270,Barbora,Rusnakova,695308/2071,Zvolen,168621,vydaty
7271,Ondrej,Horvath,850613/5148,Presov,50985,slobodny
7272,Katerina,Muskova,975618/3264,Trnava,408113,vydaty
7273,Tomas,Varga,930420/3638,Bratislava,345610,slobodny
7274,Veronika,Dvorakova,845308/3959,Senec,58068,vydaty
7275,Jan,Varga,990617/4304,Levice,578438,slobodny
7276,Lucia,Simekova,785307/1010,Kosice,400054,vydaty
7277,Marek,Marko,820128/8771,Zilina,297019,slobodny
7278,Lucia,Vesela,805605/6489,Bratislava,849758,vydaty
7279,Marek,Fabian,721002/4328,Poprad,486026,slobodny
7280,Jana,Bednarova,665208/4309,Poprad,684696,vydaty
7281,Peter,Bednar,940422/1259,Bratislava,764199,slobodny
7282,Zuzana,Markova,676026/9189,Martin,32824,vydaty
7283,Jan,Cerny,690604/9041,Bratislava,158281,slobodny
7284,Ivana,Muskova,675417/1697,Komarno,304696,vydaty
7285,Martin,Kubik,550808/1893,Humenne,417573,slobodny
7286,Simona,Urbanova,795918/5114,Presov,655034,vydaty
7287,Martin,Horvath,960509/9909,Martin,951612,slobodny
7288,Barbora,Markova,535912/1173,Zilina,78808,vydaty
7289,Richard,Cerny,750106/4122,Komarno,51627,slobodny
7290,Barbora,Bednarova,985314/4285,Zvolen,361483,vydaty
7291,Marek,Dvorak,560106/4515,Zvolen,226991,slobodny
7292,Lucia,Dvorakova,816106/8766,Kosice,752591,vydaty
7293,Peter,Kubik,770308/8350,Poprad,388649,slobodny
7294,Jana,Predajnianska,936123/7473,Tvrdosin,807452,vydaty
7295,Radoslav,Varga,531110/3653,Humenne,452401,slobodny
7296,Petra,Vargova,836101/1866,Zvolen,707024,vydaty
7297,Ondrej,Dvorak,691122/6166,Zilina,77827,slobodny
7298,Simona,Urbanova,536002/3807,Bratislava,25695,vydaty
7299,Richard,Urban,711002/1939,Komarno,772762,slobodny
7300,Simona,Rusnakova,915112/4898,Zilina,289174,vydaty
7301,Filip,Kubik,751226/5133,Bratislava,940244,slobodny
7302,Jana,Simekova,735817/1807,Nitra,957003,vydaty
7303,Filip,Vesely,780607/9490,Nitra,591343,slobodny
7304,Jana,Markova,795409/2559,Bratislava,123028,vydaty
7305,Radoslav,Rusnak,850910/7474,Trnava,109412,slobodny
7306,Veronika,Horvathova,956120/7362,Bardejov,728991,vydaty
7307,Filip,Simek,610803/1083,Zvolen,956399,slobodny
7308,Jana,Novakova,825426/1185,Trnava,133265,vydaty
7309,Richard,Varga,910710/8998,Levice,485239,slobodny
7310,Katerina,Novakova,836011/7105,Zvolen,545134,vydaty
7311,Martin,Dvorak,680202/9422,Senec,491555,slobodny
7312,Jana,Fabianova,566108/8448,Zvolen,855741,vydaty
7313,Tomas,Kubik,610210/8227,Humenne,956266,slobodny
7314,Petra,Cerna,845716/9018,Komarno,776950,vydaty
7315,Ondrej,Marko,830620/6030,Trnava,30377,slobodny
7316,Petra,Cerna,616024/8301,Nitra,379675,vydaty
7317,Tomas,Fabian,860826/1069,Snina,610884,slobodny
7318,Simona,Dvorakova,715326/4943,Senec,335547,vydaty
7319,Richard,Fabian,601123/9588,Trencin,864712,slobodny
7320,Veronika,Muskova,736012/5669,Trnava,509208,vydaty
7321,Filip,Muska,960513/7506,Levice,664532,slobodny
7322,Petra,Dvorakova,996213/7630,Tvrdosin,190395,vydaty
7323,Filip,Kucera,770124/7760,Trencin,429458,slobodny
7324,Katerina,Bednarova,745204/8343,Zvolen,208778,vydaty
7325,Tomas,Dvorak,930501/3380,Zilina,513551,slobodny
7326,Katerina,Kubikova,815828/6669,Senec,291315,vydaty
7327,Tomas,Cerny,840113/8070,Presov,435324,slobodny
7328,Lucia,Horvathova,846215/7946,Presov,964140,vydaty
7329,Filip,Vesely,530307/6256,Poprad,684643,slobodny
7330,Jana,Cerna,845704/7010,Kosice,494901,vydaty
7331,Jan,Rusnak,601117/1382,Nitra,73049,slobodny
7332,Ivana,Kucerova,615409/7316,Snina,83666,vydaty
7333,Richard,Urban,810625/8159,Tvrdosin,732184,slobodny
7334,Barbora,Muskova,835828/5210,Kosice,747686,vydaty
7335,Martin,Rusnak,541016/8665,Trnava,485055,slobodny
7336,Ivana,Dvorakova,986112/2405,Zvolen,213765,vydaty
7337,Filip,Kucera,541228/7514,Levice,569644,slobodny
7338,Simona,Urbanova,856210/6139,Presov,681506,vydaty
7339,Richard,Muska,650922/8522,Tvrdosin,139227,slobodny
7340,Veronika,Dvorakova,856020/1549,Svidnik,96599,vydaty
7341,Radoslav,Bednar,770205/5984,Nitra,103292,slobodny
7342,Veronika,Bednarova,725617/4448,Svidnik,15818,vydaty
7343,Richard,Varga,550717/1834,Svidnik,641498,slobodny
7344,Barbora,Horvathova,725108/7075,Nitra,560506,vydaty
7345,Richard,Kucera,911206/4061,Presov,274280,slobodny
7346,Sandra,Novakova,586221/4064,Zvolen,309899,vydaty
7347,Jan,Kubik,751010/8239,Nitra,661834,slobodny
7348,Jana,Simekova,675221/9261,Komarno,176689,vydaty
7349,Marek,Muska,900823/4400,Snina,695977,slobodny
7350,Jana,Vargova,526206/8891,Komarno,703808,vydaty
7351,Marek,Novak,750728/1073,Senec,392004,slobodny
7352,Petra,Urbanova,845717/7306,Kosice,739872,vydaty
7353,Tomas,Varga,740318/7223,Svidnik,748962,slobodny
7354,Veronika,Urbanova,766024/5194,Humenne,215513,vydaty
7355,Richard,Kubik,711207/4121,Bratislava,33519,slobodny
7356,Zuzana,Cerna,895205/6442,Senec,203077,vydaty
7357,Marek,Kubik,590708/8499,Kosice,761809,slobodny
7358,Zuzana,Horvathova,785608/9542,Tvrdosin,169082,vydaty
7359,Peter,Simek,861202/5117,Bardejov,86662,slobodny
7360,Katerina,Urbanova,845607/9763,Trnava,540096,vydaty
7361,Marek,Varga,611226/3699,Kosice,166548,slobodny
7362,Sandra,Novakova,585724/7544,Trencin,584477,vydaty
7363,Richard,Rusnak,550204/6988,Martin,132327,slobodny
7364,Simona,Dvorakova,605801/3573,Komarno,623910,vydaty
7365,Filip,Simek,630921/1870,Zvolen,782134,slobodny
7366,Sandra,Markova,985702/1599,Presov,215109,vydaty
7367,Jan,Novak,881011/2126,Svidnik,675870,slobodny
7368,Sandra,Muskova,605109/2549,Presov,351644,vydaty
7369,Juraj,Urban,850302/9472,Martin,266821,slobodny
7370,Zuzana,Fabianova,955909/4908,Trnava,645795,vydaty
7371,Tomas,Bednar,560716/4900,Poprad,800733,slobodny
7372,Veronika,Horvathova,795227/1965,Zilina,25210,vydaty
7373,Juraj,Varga,700126/6675,Senec,909712,slobodny
7374,Petra,Kubikova,956202/4651,Humenne,472180,vydaty
7375,Richard,Marko,510227/5013,Svidnik,325319,slobodny
7376,Simona,Cerna,915423/2400,Martin,517991,vydaty
7377,Filip,Kucera,880327/8634,Komarno,247277,slobodny
7378,Lucia,Muskova,895112/1680,Senec,193189,vydaty
7379,Tomas,Simek,800112/1455,Bratislava,53590,slobodny
7380,Ivana,Simekova,745305/5018,Bratislava,575991,vydaty
7381,Ondrej,Varga,991008/4752,Zilina,212744,slobodny
7382,Ivana,Rusnakova,555624/2475,Zvolen,917942,vydaty
7383,Jan,Horvath,830209/2289,Kosice,359878,slobodny
7384,Veronika,Bednarova,925501/8254,Komarno,990747,vydaty
7385,Juraj,Predajniansky,930207/6619,Zvolen,922999,slobodny
7386,Ivana,Markova,985817/7997,Levice,386220,vydaty
7387,Ondrej,Rusnak,570325/1985,Snina,804545,slobodny
7388,Katerina,Fabianova,685327/5064,Zilina,151322,vydaty
7389,Radoslav,Bednar,981203/5238,Poprad,16419,slobodny
7390,Veronika,Predajnianska,856023/8740,Poprad,284600,vydaty
7391,Tomas,Predajniansky,921224/7824,Zilina,658160,slobodny
7392,Sandra,Markova,535813/2089,Kosice,590475,vydaty
7393,Martin,Novak,620615/5485,Bratislava,537613,slobodny
7394,Ivana,Fabianova,566110/2084,Komarno,173058,vydaty
7395,Filip,Muska,760225/3294,Senec,374391,slobodny
7396,Veronika,Bednarova,555324/4563,Komarno,507593,vydaty
7397,Juraj,Muska,540324/6404,Humenne,940544,slobodny
7398,Katerina,Vesela,865323/1189,Levice,875994,vydaty
7399,Radoslav,Cerny,680318/3760,Svidnik,230757,slobodny
7400,Petra,Simekova,735911/9487,Bratislava,929652,vydaty
7401,Richard,Horvath,670801/4424,Bratislava,259055,slobodny
7402,Simona,Urbanova,685628/3104,Presov,357342,vydaty
7403,Peter,Fabian,950918/3781,Senec,659350,slobodny
7404,Ivana,Kucerova,975623/5892,Zilina,232270,vydaty
7405,Peter,Varga,891227/6781,Senec,457031,slobodny
7406,Ivana,Simekova,965618/5919,Bardejov,173482,vydaty
7407,Jan,Rusnak,560419/6809,Martin,247922,slobodny
7408,Katerina,Predajnianska,615425/9453,Humenne,332071,vydaty
7409,Jan,Cerny,770519/3326,Trencin,515491,slobodny
7410,Barbora,Simekova,755320/5708,Nitra,979329,vydaty
7411,Filip,Varga,771220/1745,Presov,506553,slobodny
7412,Barbora,Rusnakova,665916/4541,Komarno,202083,vydaty
7413,Martin,Kubik,770503/5092,Komarno,180380,slobodny
7414,Veronika,Vargova,605715/8191,Zvolen,296567,vydaty
7415,Juraj,Kucera,590319/9772,Komarno,583456,slobodny
7416,Barbora,Kubikova,906212/4943,Humenne,517419,vydaty
7417,Ondrej,Bednar,830124/7488,Poprad,26124,slobodny
7418,Sandra,Cerna,815112/2045,Svidnik,674667,vydaty
7419,Peter,Fabian,950121/9309,Trnava,144835,slobodny
7420,Katerina,Novakova,796216/9937,Nitra,933281,vydaty
7421,Filip,Fabian,770901/8091,Trencin,591164,slobodny
7422,Zuzana,Kucerova,815105/4734,Bardejov,384830,vydaty
7423,Tomas,Rusnak,570907/1144,Martin,465720,slobodny
7424,Jana,Novakova,635207/4369,Poprad,319008,vydaty
7425,Juraj,Dvorak,730817/9341,Presov,157250,slobodny
7426,Simona,Novakova,736017/3891,Trencin,796901,vydaty
7427,Filip,Urban,780601/8244,Svidnik,821314,slobodny
7428,Ivana,Vesela,986006/8413,Zvolen,251496,vydaty
7429,Marek,Kucera,720516/6958,Snina,235575,slobodny
7430,Katerina,Horvathova,995620/3437,Bardejov,534156,vydaty
7431,Peter,Cerny,770125/5661,Senec,915678,slobodny
7432,Simona,Rusnakova,665425/8022,Senec,849098,vydaty
7433,Ondrej,Fabian,831112/3633,Snina,850905,slobodny
7434,Veronika,Muskova,775127/7784,Poprad,340717,vydaty
7435,Jan,Fabian,690403/8424,Senec,469634,slobodny
7436,Lucia,Horvathova,615613/9649,Zvolen,504862,vydaty
7437,Ondrej,Novak,630819/5539,Snina,500589,slobodny
7438,Ivana,Vesela,975802/5783,Snina,425190,vydaty
7439,Martin,Kubik,970526/9368,Kosice,912365,slobodny
7440,Sandra,Horvathova,855413/2072,Kosice,26161,vydaty
7441,Jan,Muska,931201/6223,Martin,800444,slobodny
7442,Zuzana,Muskova,646109/3039,Kosice,908746,vydaty
7443,Marek,Muska,860518/9454,Martin,97069,slobodny
7444,Petra,Urbanova,895628/8147,Bratislava,392076,vydaty
7445,Marek,Dvorak,920917/8875,Bratislava,851614,slobodny
7446,Simona,Bednarova,965324/8095,Svidnik,192971,vydaty
7447,Ondrej,Predajniansky,910825/4304,Snina,571810,slobodny
7448,Ivana,Dvorakova,525327/7886,Poprad,654876,vydaty
7449,Juraj,Predajniansky,870408/8226,Zilina,218694,slobodny
7450,Veronika,Vargova,705907/1825,Zvolen,159743,vydaty
7451,Marek,Varga,780621/3010,Bratislava,262850,slobodny
7452,Simona,Urbanova,986105/7232,Senec,208860,vydaty
7453,Martin,Simek,760419/5035,Trnava,358533,slobodny
7454,Petra,Novakova,516220/7736,Martin,689919,vydaty
7455,Ondrej,Rusnak,880625/2755,Presov,196603,slobodny
7456,Zuzana,Kubikova,905815/8077,Tvrdosin,17813,vydaty
7457,Jan,Cerny,700126/9549,Senec,196309,slobodny
7458,Veronika,Vargova,715223/2239,Nitra,731198,vydaty
7459,Marek,Fabian,930828/6480,Kosice,586049,slobodny
7460,Lucia,Markova,675403/2195,Levice,988681,vydaty
7461,Filip,Bednar,711028/7389,Bratislava,172437,slobodny
7462,Ivana,Bednarova,556126/2106,Tvrdosin,51841,vydaty
7463,Marek,Predajniansky,910419/5525,Humenne,17092,slobodny
7464,Petra,Markova,835828/5241,Komarno,805772,vydaty
7465,Radoslav,Vesely,951218/5779,Kosice,68001,slobodny
7466,Zuzana,Dvorakova,685528/4399,Komarno,662383,vydaty
7467,Ondrej,Kucera,860303/8081,Snina,357933,slobodny
7468,Katerina,Fabianova,645627/3857,Levice,727926,vydaty
7469,Martin,Simek,940426/6481,Bardejov,507226,slobodny
7470,Petra,Urbanova,945822/9483,Humenne,616175,vydaty
7471,Marek,Simek,800828/5240,Snina,264302,slobodny
7472,Lucia,Novakova,645609/6224,Senec,487566,vydaty
7473,Tomas,Fabian,830403/4459,Humenne,827637,slobodny
7474,Ivana,Horvathova,565416/1041,Zilina,691408,vydaty
7475,Martin,Muska,730613/4693,Zilina,270309,slobodny
7476,Barbora,Horvathova,965802/3343,Kosice,193764,vydaty
7477,Martin,Rusnak,620825/6434,Svidnik,153195,slobodny
7478,Veronika,Urbanova,536116/9780,Nitra,166176,vydaty
7479,Jan,Bednar,991123/4800,Svidnik,501600,slobodny
7480,Veronika,Horvathova,815324/6726,Humenne,605610,vydaty
7481,Marek,Vesely,620401/9029,Senec,933168,slobodny
7482,Zuzana,Predajnianska,885906/1593,Komarno,588521,vydaty
7483,Richard,Bednar,850215/3020,Komarno,406823,slobodny
7484,Ivana,Bednarova,605313/6799,Trnava,767514,vydaty
7485,Ondrej,Muska,910408/8699,Kosice,193396,slobodny
7486,Barbora,Novakova,895415/7061,Martin,634089,vydaty
7487,Peter,Rusnak,530822/5831,Snina,125676,slobodny
7488,Jana,Bednarova,715713/5036,Kosice,314976,vydaty
7489,Radoslav,Rusnak,540217/2147,Zvolen,729775,slobodny
7490,Petra,Horvathova,845408/5030,Trnava,998566,vydaty
7491,Radoslav,Cerny,901120/2249,Nitra,114567,slobodny
7492,Simona,Vargova,516216/3781,Trencin,392487,vydaty
7493,Ondrej,Cerny,650916/8487,Snina,753938,slobodny
7494,Jana,Markova,675216/5114,Zilina,389477,vydaty
7495,Jan,Marko,741218/9355,Bardejov,74094,slobodny
7496,Zuzana,Predajnianska,526122/8185,Poprad,873940,vydaty
7497,Richard,Urban,980308/2429,Poprad,660233,slobodny
7498,Katerina,Urbanova,575718/4669,Kosice,782251,vydaty
7499,Ondrej,Cerny,540925/4855,Levice,114157,slobodny
7500,Jana,Dvorakova,585823/5434,Levice,931648,vydaty
7501,Tomas,Cerny,570617/5723,Poprad,80073,slobodny
7502,Jana,Urbanova,525322/8626,Humenne,756782,vydaty
7503,Juraj,Bednar,941016/6393,Trencin,382276,slobodny
7504,Ivana,Bednarova,835907/8186,Poprad,10519,vydaty
7505,Martin,Fabian,841227/4633,Komarno,366027,slobodny
7506,Katerina,Vargova,755807/5070,Senec,139828,vydaty
7507,Martin,Fabian,840115/1545,Nitra,742190,slobodny
7508,Petra,Simekova,995901/3642,Trencin,462170,vydaty
7509,Marek,Predajniansky,920821/9131,Svidnik,972418,slobodny
7510,Sandra,Vargova,575615/5738,Zvolen,567023,vydaty
7511,Jan,Novak,770904/6136,Trnava,684957,slobodny
7512,Zuzana,Novakova,785609/6289,Presov,46689,vydaty
7513,Marek,Predajniansky,850909/1017,Svidnik,677793,slobodny
7514,Petra,Dvorakova,795727/4548,Nitra,303721,vydaty
7515,Radoslav,Horvath,850528/9197,Presov,63162,slobodny
7516,Sandra,Cerna,805625/7255,Svidnik,470810,vydaty
7517,Jan,Muska,701203/1210,Svidnik,370074,slobodny
7518,Ivana,Simekova,975408/5735,Levice,403679,vydaty
7519,Ondrej,Predajniansky,740607/6296,Bardejov,23067,slobodny
7520,Ivana,Bednarova,896110/7396,Zilina,318822,vydaty
7521,Ondrej,Kubik,650911/3297,Zilina,112303,slobodny
7522,Veronika,Kucerova,775627/6824,Trencin,648632,vydaty
7523,Peter,Muska,540319/7604,Zvolen,946130,slobodny
7524,Katerina,Kubikova,775717/9938,Presov,702883,vydaty
7525,Tomas,Predajniansky,890318/3412,Snina,309158,slobodny
7526,Simona,Kubikova,895105/5011,Komarno,166105,vydaty
7527,Peter,Urban,761221/3373,Levice,938243,slobodny
7528,Simona,Horvathova,516121/6536,Poprad,455465,vydaty
7529,Juraj,Rusnak,740201/9521,Snina,121665,slobodny
7530,Zuzana,Vesela,805217/8002,Presov,578260,vydaty
7531,Radoslav,Muska,780306/3773,Tvrdosin,256300,slobodny
7532,Veronika,Muskova,745611/5717,Kosice,880246,vydaty
7533,Juraj,Kucera,571123/2058,Nitra,374792,slobodny
7534,Lucia,Kubikova,855302/1178,Zvolen,700021,vydaty
7535,Filip,Muska,780428/8162,Trencin,35034,slobodny
7536,Simona,Predajnianska,865914/8741,Bratislava,444599,vydaty
7537,Filip,Marko,710124/4836,Kosice,104125,slobodny
7538,Lucia,Rusnakova,965824/8234,Snina,612614,vydaty
7539,Tomas,Dvorak,530918/6714,Presov,777933,slobodny
7540,Veronika,Urbanova,616106/3679,Presov,486058,vydaty
7541,Ondrej,Novak,550505/1874,Senec,170000,slobodny
7542,Katerina,Cerna,776026/5764,Trnava,214807,vydaty
7543,Radoslav,Vesely,610714/4593,Nitra,376600,slobodny
7544,Sandra,Kucerova,755414/3662,Nitra,910586,vydaty
7545,Peter,Urban,870721/1008,Levice,74413,slobodny
7546,Katerina,Horvathova,905718/2591,Nitra,632548,vydaty
7547,Martin,Horvath,860602/6755,Senec,329877,slobodny
7548,Petra,Bednarova,875614/4546,Poprad,680764,vydaty
7549,Peter,Rusnak,940905/6909,Bratislava,103319,slobodny
7550,Katerina,Urbanova,676007/8435,Levice,354566,vydaty
7551,Filip,Vesely,980910/7850,Tvrdosin,912324,slobodny
7552,Veronika,Simekova,985802/2208,Zvolen,102255,vydaty
7553,Peter,Bednar,560322/2792,Komarno,527882,slobodny
7554,Zuzana,Simekova,875903/4244,Trnava,695171,vydaty
7555,Filip,Cerny,630728/8393,Zvolen,60435,slobodny
7556,Ivana,Markova,535206/9127,Bardejov,603385,vydaty
7557,Radoslav,Muska,890612/3016,Senec,695170,slobodny
7558,Ivana,Urbanova,655724/6247,Trnava,57546,vydaty
7559,Richard,Varga,960415/5035,Trencin,499781,slobodny
7560,Ivana,Bednarova,565115/7251,Senec,116977,vydaty
7561,Ondrej,Horvath,641108/7487,Zilina,638400,slobodny
7562,Sandra,Horvathova,775128/4093,Svidnik,635172,vydaty
7563,Filip,Dvorak,791126/6085,Nitra,595878,slobodny
7564,Veronika,Novakova,935902/4970,Nitra,669847,vydaty
7565,Martin,Urban,530104/3946,Bratislava,77539,slobodny
7566,Zuzana,Vargova,925710/9904,Poprad,262730,vydaty
7567,Juraj,Vesely,561212/8463,Snina,255637,slobodny
7568,Veronika,Markova,545515/5571,Svidnik,72366,vydaty
7569,Filip,Cerny,950903/8589,Humenne,250934,slobodny
7570,Petra,Novakova,905402/3588,Zilina,867279,vydaty
7571,Tomas,Horvath,810827/9645,Humenne,676281,slobodny
7572,Ivana,Dvorakova,796013/1944,Trnava,810683,vydaty
7573,Filip,Varga,810401/1596,Bratislava,636461,slobodny
7574,Zuzana,Urbanova,825503/1784,Snina,918355,vydaty
7575,Richard,Muska,880101/2839,Bardejov,790918,slobodny
7576,Lucia,Predajnianska,916219/7007,Bratislava,49417,vydaty
7577,Peter,Rusnak,990724/6657,Komarno,666940,slobodny
7578,Barbora,Vargova,655925/4096,Presov,19185,vydaty
7579,Marek,Varga,850921/8688,Komarno,385402,slobodny
7580,Ivana,Simekova,886104/8257,Kosice,237916,vydaty
7581,Jan,Urban,820416/5021,Zvolen,46027,slobodny
7582,Simona,Horvathova,745723/9313,Tvrdosin,139396,vydaty
7583,Tomas,Vesely,950102/5635,Zilina,679267,slobodny
7584,Sandra,Markova,825707/8219,Humenne,805775,vydaty
7585,Juraj,Dvorak,830202/5859,Bratislava,262560,slobodny
7586,Simona,Rusnakova,735328/4249,Poprad,690107,vydaty
7587,Peter,Vesely,630803/5439,Martin,781350,slobodny
7588,Veronika,Muskova,585803/8807,Trnava,559844,vydaty
7589,Martin,Bednar,720815/2521,Martin,691934,slobodny
7590,Barbora,Markova,785204/9688,Svidnik,208647,vydaty
7591,Tomas,Kubik,820603/8710,Bardejov,124817,slobodny
7592,Barbora,Rusnakova,756213/4158,Nitra,717810,vydaty
7593,Martin,Urban,990723/7325,Levice,184938,slobodny
7594,Zuzana,Urbanova,625103/8364,Kosice,249708,vydaty
7595,Radoslav,Horvath,761225/6192,Kosice,110351,slobodny
7596,Ivana,Fabianova,856219/5032,Tvrdosin,121932,vydaty
7597,Juraj,Bednar,840517/6223,Bardejov,374664,slobodny
7598,Petra,Vesela,566203/4092,Zvolen,347722,vydaty
7599,Richard,Urban,720225/6916,Svidnik,537590,slobodny
7600,Petra,Predajnianska,735606/9798,Bratislava,309039,vydaty
7601,Martin,Muska,860623/3784,Senec,546038,slobodny
7602,Katerina,Novakova,785819/7701,Martin,220525,vydaty
7603,Marek,Horvath,901219/2967,Zilina,875021,slobodny
7604,Petra,Novakova,895619/3419,Zvolen,958524,vydaty
7605,Filip,Rusnak,610906/6827,Humenne,61060,slobodny
7606,Lucia,Horvathova,865318/7516,Zilina,19103,vydaty
7607,Martin,Novak,800906/7250,Poprad,675044,slobodny
7608,Zuzana,Bednarova,656026/6622,Levice,168183,vydaty
7609,Jan,Predajniansky,730615/9212,Nitra,473520,slobodny
7610,Sandra,Markova,605204/8768,Martin,579212,vydaty
7611,Radoslav,Varga,580523/1553,Bardejov,739180,slobodny
7612,Simona,Vesela,675706/6358,Bratislava,322843,vydaty
7613,Juraj,Bednar,550105/3100,Svidnik,692824,slobodny
7614,Jana,Fabianova,915905/9854,Nitra,399126,vydaty
7615,Ondrej,Dvorak,770823/4927,Poprad,568135,slobodny
7616,Zuzana,Vesela,725910/9520,Trnava,221587,vydaty
7617,Richard,Kubik,881207/5333,Snina,470194,slobodny
7618,Zuzana,Vargova,685313/1236,Kosice,220530,vydaty
7619,Peter,Bednar,640227/1021,Trencin,98977,slobodny
7620,Zuzana,Kucerova,795407/5758,Trnava,112037,vydaty
7621,Jan,Novak,880628/9504,Svidnik,564484,slobodny
7622,Lucia,Vesela,936121/5682,Presov,541529,vydaty
7623,Juraj,Novak,720724/6131,Bardejov,341088,slobodny
7624,Ivana,Kubikova,745819/6519,Kosice,604865,vydaty
7625,Radoslav,Marko,890422/9420,Humenne,20836,slobodny
7626,Ivana,Kubikova,545122/3312,Presov,842206,vydaty
7627,Tomas,Fabian,720126/9814,Zvolen,538931,slobodny
7628,Petra,Horvathova,716220/6811,Zvolen,346657,vydaty
7629,Radoslav,Rusnak,840313/9600,Levice,971128,slobodny
7630,Zuzana,Bednarova,875826/5836,Svidnik,837653,vydaty
7631,Radoslav,Rusnak,560727/5798,Poprad,793661,slobodny
7632,Barbora,Dvorakova,705926/5932,Snina,729400,vydaty
7633,Filip,Dvorak,611021/8800,Bardejov,212835,slobodny
7634,Lucia,Muskova,615706/9339,Nitra,898449,vydaty
7635,Radoslav,Novak,870801/7890,Nitra,370293,slobodny
7636,Simona,Rusnakova,795622/4920,Senec,177842,vydaty
7637,Filip,Predajniansky,750914/9496,Nitra,425268,slobodny
7638,Ivana,Simekova,915722/9564,Senec,881713,vydaty
7639,Jan,Muska,741115/7822,Poprad,493454,slobodny
7640,Jana,Cerna,605627/6209,Trencin,680493,vydaty
7641,Richard,Vesely,930916/1200,Trnava,274471,slobodny
7642,Petra,Vesela,776208/3688,Snina,279739,vydaty
7643,Richard,Fabian,901021/2414,Martin,36499,slobodny
7644,Katerina,Kucerova,885424/7274,Senec,789743,vydaty
7645,Tomas,Muska,991105/7757,Levice,185709,slobodny
7646,Katerina,Dvorakova,945208/6599,Martin,183734,vydaty
7647,Ondrej,Predajniansky,940913/3768,Zvolen,521588,slobodny
7648,Katerina,Kubikova,925417/7974,Svidnik,275254,vydaty
7649,Richard,Vesely,661201/4485,Zvolen,873348,slobodny
7650,Simona,Kubikova,685413/5568,Poprad,830452,vydaty
7651,Richard,Kucera,550609/7005,Bratislava,196362,slobodny
7652,Veronika,Dvorakova,545201/7882,Trnava,330063,vydaty
7653,Jan,Simek,680128/4104,Bratislava,410218,slobodny
7654,Veronika,Fabianova,635626/7008,Snina,281887,vydaty
7655,Jan,Varga,790804/9913,Zvolen,760993,slobodny
7656,Simona,Vesela,736122/4726,Zvolen,718854,vydaty
7657,Filip,Kubik,590211/3331,Zilina,647197,slobodny
7658,Katerina,Cerna,606119/5742,Tvrdosin,906573,vydaty
7659,Juraj,Rusnak,660117/9000,Martin,719745,slobodny
7660,Zuzana,Kubikova,615308/6175,Kosice,797699,vydaty
7661,Juraj,Simek,980414/9991,Zvolen,184900,slobodny
7662,Simona,Dvorakova,515102/4546,Bardejov,972091,vydaty
7663,Radoslav,Fabian,791101/9826,Bardejov,52852,slobodny
7664,Petra,Bednarova,986226/7169,Presov,990996,vydaty
7665,Radoslav,Kucera,560709/8366,Zvolen,754093,slobodny
7666,Katerina,Simekova,955503/6352,Komarno,605440,vydaty
7667,Peter,Urban,820817/8577,Senec,881750,slobodny
7668,Ivana,Cerna,816123/4515,Martin,396502,vydaty
7669,Peter,Vesely,791021/8048,Presov,966481,slobodny
7670,Lucia,Cerna,725228/7468,Komarno,473569,vydaty
7671,Richard,Cerny,750914/3966,Martin,703380,slobodny
7672,Barbora,Novakova,585608/3572,Poprad,693128,vydaty
7673,Marek,Varga,611201/7352,Kosice,539829,slobodny
7674,Katerina,Markova,905211/1845,Bratislava,778146,vydaty
7675,Martin,Rusnak,781225/7859,Martin,906737,slobodny
7676,Simona,Markova,695323/3864,Bratislava,373181,vydaty
7677,Jan,Bednar,610515/1551,Martin,267853,slobodny
7678,Ivana,Predajnianska,705226/4645,Humenne,729466,vydaty
7679,Jan,Kubik,581121/3225,Zvolen,822403,slobodny
7680,Barbora,Cerna,896207/1039,Komarno,825903,vydaty
7681,Ondrej,Muska,770619/3436,Poprad,249036,slobodny
7682,Katerina,Urbanova,515514/7310,Trnava,461247,vydaty
7683,Martin,Novak,740713/1920,Trnava,629138,slobodny
7684,Petra,Muskova,925811/2600,Senec,339908,vydaty
7685,Marek,Vesely,760125/9584,Tvrdosin,152577,slobodny
7686,Simona,Cerna,645716/1714,Humenne,938105,vydaty
7687,Radoslav,Kucera,660213/1995,Snina,67217,slobodny
7688,Ivana,Markova,565525/5634,Bratislava,492780,vydaty
7689,Martin,Kucera,820408/2754,Zilina,28598,slobodny
7690,Ivana,Kucerova,756026/2085,Snina,321280,vydaty
7691,Peter,Bednar,690720/8614,Zilina,496798,slobodny
7692,Sandra,Kucerova,906027/5751,Nitra,195432,vydaty
7693,Marek,Cerny,870521/1897,Svidnik,591122,slobodny
7694,Zuzana,Horvathova,675816/2484,Snina,383354,vydaty
7695,Marek,Kubik,670423/3221,Komarno,22946,slobodny
7696,Simona,Predajnianska,955706/9170,Trnava,32017,vydaty
7697,Juraj,Simek,900413/7646,Tvrdosin,287282,slobodny
7698,Zuzana,Predajnianska,725215/8991,Bratislava,978747,vydaty
7699,Richard,Dvorak,641213/1016,Komarno,140753,slobodny
7700,Petra,Fabianova,795519/4428,Poprad,543414,vydaty
7701,Filip,Marko,520915/4168,Svidnik,428084,slobodny
7702,Veronika,Predajnianska,625602/2686,Nitra,336242,vydaty
7703,Radoslav,Rusnak,600218/8968,Zvolen,870109,slobodny
7704,Petra,Urbanova,825301/2241,Komarno,144901,vydaty
7705,Juraj,Muska,781024/6202,Poprad,950781,slobodny
7706,Barbora,Fabianova,815809/9677,Trnava,233405,vydaty
7707,Ondrej,Vesely,610710/6837,Levice,405734,slobodny
7708,Katerina,Simekova,645614/8848,Bratislava,923712,vydaty
7709,Filip,Marko,951011/4629,Poprad,742602,slobodny
7710,Zuzana,Vargova,565205/7264,Bardejov,867088,vydaty
7711,Tomas,Novak,561022/4806,Trnava,991246,slobodny
7712,Barbora,Horvathova,605219/6912,Trnava,640423,vydaty
7713,Radoslav,Muska,751109/6304,Nitra,375723,slobodny
7714,Sandra,Cerna,675113/3651,Bardejov,701905,vydaty
7715,Tomas,Bednar,750825/6052,Trnava,800132,slobodny
7716,Katerina,Dvorakova,755926/8852,Trnava,745245,vydaty
7717,Tomas,Predajniansky,821103/8755,Zilina,479907,slobodny
7718,Lucia,Muskova,775126/7151,Presov,671002,vydaty
7719,Jan,Varga,700821/4117,Trencin,736233,slobodny
7720,Simona,Rusnakova,555205/8517,Svidnik,139130,vydaty
7721,Martin,Kubik,690412/7738,Humenne,539147,slobodny
7722,Petra,Vargova,725626/8926,Trencin,305719,vydaty
7723,Ondrej,Kucera,930223/2792,Trencin,708851,slobodny
7724,Barbora,Kucerova,995713/3922,Nitra,652857,vydaty
7725,Martin,Rusnak,901105/8709,Martin,458374,slobodny
7726,Ivana,Bednarova,665311/3566,Zvolen,678418,vydaty
7727,Jan,Novak,630920/6051,Bratislava,448065,slobodny
7728,Katerina,Horvathova,885528/7484,Kosice,864055,vydaty
7729,Ondrej,Cerny,520613/9116,Levice,668065,slobodny
7730,Simona,Markova,815301/1027,Zvolen,221028,vydaty
7731,Peter,Varga,621204/3413,Zilina,797954,slobodny
7732,Simona,Vargova,556023/1072,Senec,114113,vydaty
7733,Peter,Kucera,910923/7226,Zvolen,523046,slobodny
7734,Petra,Urbanova,536027/9705,Bardejov,242184,vydaty
7735,Marek,Kubik,830810/5308,Bardejov,285211,slobodny
7736,Katerina,Predajnianska,776207/1336,Martin,827409,vydaty
7737,Richard,Marko,880827/6071,Trnava,284290,slobodny
7738,Veronika,Kucerova,685309/5131,Humenne,691630,vydaty
7739,Radoslav,Fabian,940821/1828,Poprad,209543,slobodny
7740,Simona,Muskova,806208/1160,Bratislava,303973,vydaty
7741,Radoslav,Fabian,510218/4834,Martin,196829,slobodny
7742,Jana,Kucerova,725717/5251,Levice,351968,vydaty
7743,Jan,Horvath,860519/3071,Tvrdosin,66626,slobodny
7744,Katerina,Predajnianska,596009/9129,Zilina,597157,vydaty
7745,Tomas,Muska,591025/9974,Martin,959613,slobodny
7746,Jana,Predajnianska,576008/3474,Snina,621828,vydaty
7747,Marek,Rusnak,880905/7942,Bratislava,614150,slobodny
7748,Petra,Vargova,656117/2878,Komarno,608518,vydaty
7749,Peter,Cerny,740917/9706,Snina,527151,slobodny
7750,Katerina,Cerna,576205/6284,Bratislava,46611,vydaty
7751,Filip,Kubik,850606/9649,Trnava,293582,slobodny
7752,Lucia,Vesela,636026/8120,Svidnik,468054,vydaty
7753,Martin,Marko,930213/1564,Trnava,367628,slobodny
7754,Jana,Bednarova,945321/4641,Bratislava,645798,vydaty
7755,Martin,Rusnak,960114/5871,Poprad,901429,slobodny
7756,Sandra,Bednarova,785307/2610,Senec,408326,vydaty
7757,Marek,Horvath,801224/7796,Tvrdosin,405685,slobodny
7758,Sandra,Kucerova,835406/4221,Senec,962607,vydaty
7759,Richard,Marko,651110/5725,Martin,967455,slobodny
7760,Jana,Cerna,965922/3461,Trencin,684130,vydaty
7761,Tomas,Varga,691122/1251,Bardejov,720340,slobodny
7762,Barbora,Simekova,895513/9930,Trnava,587346,vydaty
7763,Filip,Kucera,511117/8411,Svidnik,27417,slobodny
7764,Zuzana,Cerna,785921/4393,Martin,728723,vydaty
7765,Radoslav,Muska,560428/9426,Bratislava,866071,slobodny
7766,Sandra,Bednarova,935414/4176,Tvrdosin,256742,vydaty
7767,Radoslav,Novak,791222/9187,Humenne,541502,slobodny
7768,Veronika,Urbanova,776225/8941,Tvrdosin,927332,vydaty
7769,Martin,Marko,700108/9507,Presov,955797,slobodny
7770,Jana,Dvorakova,586219/4291,Levice,479307,vydaty
7771,Juraj,Fabian,821009/3070,Presov,239873,slobodny
7772,Petra,Novakova,915821/9007,Presov,774718,vydaty
7773,Peter,Vesely,691025/8733,Bardejov,553455,slobodny
7774,Ivana,Fabianova,825227/2814,Bardejov,327026,vydaty
7775,Filip,Kubik,681124/4152,Senec,312638,slobodny
7776,Ivana,Markova,735626/5521,Trencin,379164,vydaty
7777,Peter,Kubik,540326/5395,Kosice,823267,slobodny
7778,Petra,Rusnakova,696207/6015,Svidnik,894233,vydaty
7779,Filip,Fabian,950428/4400,Tvrdosin,595954,slobodny
7780,Lucia,Markova,825812/2717,Presov,957456,vydaty
7781,Jan,Dvorak,630623/6368,Bardejov,83734,slobodny
7782,Veronika,Vesela,945417/1755,Senec,565542,vydaty
7783,Richard,Cerny,961105/6294,Presov,549112,slobodny
7784,Lucia,Novakova,876023/4584,Komarno,347947,vydaty
7785,Martin,Muska,830208/8719,Nitra,462866,slobodny
7786,Sandra,Horvathova,885302/1998,Trnava,598750,vydaty
7787,Tomas,Rusnak,980415/1460,Humenne,709877,slobodny
7788,Barbora,Vesela,635717/4283,Trencin,482485,vydaty
7789,Jan,Muska,700211/5423,Bardejov,943102,slobodny
7790,Petra,Simekova,655922/8151,Nitra,617808,vydaty
7791,Jan,Urban,810610/2153,Nitra,111155,slobodny
7792,Simona,Vargova,986008/6194,Snina,448971,vydaty
7793,Juraj,Urban,550227/9424,Poprad,834181,slobodny
7794,Katerina,Fabianova,745814/4965,Levice,307155,vydaty
7795,Juraj,Marko,660223/1970,Poprad,246936,slobodny
7796,Ivana,Muskova,985625/9968,Senec,754256,vydaty
7797,Tomas,Novak,640604/8817,Trnava,342347,slobodny
7798,Sandra,Urbanova,535707/6745,Zilina,716320,vydaty
7799,Radoslav,Rusnak,950618/6700,Svidnik,225527,slobodny
7800,Katerina,Vesela,865323/3895,Snina,797957,vydaty
7801,Jan,Marko,950312/6564,Bratislava,608367,slobodny
7802,Zuzana,Fabianova,585716/5842,Zilina,525316,vydaty
7803,Tomas,Urban,610808/2654,Bardejov,762638,slobodny
7804,Sandra,Kubikova,565924/8058,Tvrdosin,927574,vydaty
7805,Martin,Muska,560502/1058,Poprad,543999,slobodny
7806,Sandra,Predajnianska,975327/3432,Komarno,90511,vydaty
7807,Peter,Kucera,930203/3750,Humenne,849886,slobodny
7808,Barbora,Vesela,835909/9546,Poprad,784229,vydaty
7809,Peter,Varga,970517/4939,Poprad,850742,slobodny
7810,Petra,Muskova,635702/1696,Tvrdosin,748574,vydaty
7811,Jan,Vesely,820228/5269,Trencin,517248,slobodny
7812,Katerina,Kucerova,935319/3147,Poprad,735260,vydaty
7813,Filip,Muska,571222/3504,Zilina,826059,slobodny
7814,Katerina,Vesela,955601/7419,Poprad,753936,vydaty
7815,Jan,Simek,610704/5391,Tvrdosin,855680,slobodny
7816,Katerina,Simekova,586226/8513,Trencin,143573,vydaty
7817,Ondrej,Muska,560827/3475,Senec,341271,slobodny
7818,Barbora,Kucerova,755915/9646,Presov,396933,vydaty
7819,Peter,Predajniansky,950914/6860,Bratislava,375023,slobodny
7820,Barbora,Novakova,726118/3982,Presov,631984,vydaty
7821,Ondrej,Urban,820708/6318,Trencin,749845,slobodny
7822,Veronika,Simekova,725614/8456,Tvrdosin,997098,vydaty
7823,Juraj,Novak,660827/5615,Kosice,838304,slobodny
7824,Sandra,Vargova,816011/9884,Presov,13731,vydaty
7825,Marek,Muska,980616/9367,Martin,933920,slobodny
7826,Ivana,Rusnakova,765810/8497,Bratislava,288669,vydaty
7827,Jan,Dvorak,650516/9276,Bardejov,451937,slobodny
7828,Simona,Vesela,605302/8889,Poprad,317170,vydaty
7829,Tomas,Urban,580525/7823,Bratislava,813394,slobodny
7830,Ivana,Muskova,555305/2853,Snina,660319,vydaty
7831,Martin,Dvorak,951220/6410,Trencin,57663,slobodny
7832,Zuzana,Predajnianska,986025/9941,Trencin,89320,vydaty
7833,Ondrej,Predajniansky,540727/4217,Trencin,484224,slobodny
7834,Barbora,Simekova,556017/4060,Bardejov,339541,vydaty
7835,Jan,Vesely,991128/4629,Bardejov,232331,slobodny
7836,Zuzana,Vesela,645915/5712,Trencin,610865,vydaty
7837,Marek,Rusnak,710323/9585,Nitra,279517,slobodny
7838,Sandra,Simekova,596217/2764,Levice,174916,vydaty
7839,Juraj,Cerny,741019/2700,Zilina,80611,slobodny
7840,Sandra,Fabianova,915627/5302,Bratislava,620776,vydaty
7841,Martin,Kucera,870920/7342,Martin,595814,slobodny
7842,Barbora,Cerna,585326/7783,Martin,253491,vydaty
7843,Martin,Bednar,820601/9802,Poprad,673511,slobodny
7844,Sandra,Vesela,635904/7993,Presov,684475,vydaty
7845,Filip,Kucera,660906/2262,Martin,376944,slobodny
7846,Simona,Horvathova,915101/9051,Snina,117810,vydaty
7847,Juraj,Simek,710116/4848,Snina,887732,slobodny
7848,Petra,Predajnianska,995626/5349,Martin,666089,vydaty
7849,Ondrej,Marko,880121/4207,Trnava,434403,slobodny
7850,Petra,Vesela,676006/1117,Levice,447827,vydaty
7851,Juraj,Novak,760120/6012,Trencin,203546,slobodny
7852,Ivana,Cerna,815315/5591,Komarno,489410,vydaty
7853,Richard,Kucera,591024/2112,Nitra,48410,slobodny
7854,Veronika,Predajnianska,845907/3619,Snina,918416,vydaty
7855,Tomas,Novak,610728/2967,Bratislava,437953,slobodny
7856,Petra,Simekova,956211/7307,Komarno,848072,vydaty
7857,Radoslav,Urban,970308/6796,Senec,131248,slobodny
7858,Barbora,Muskova,696205/9196,Bratislava,526850,vydaty
7859,Peter,Simek,700419/3948,Senec,178997,slobodny
7860,Petra,Simekova,925212/9289,Humenne,20835,vydaty
7861,Richard,Simek,600611/3746,Poprad,388715,slobodny
7862,Lucia,Vargova,985506/3630,Snina,298575,vydaty
7863,Filip,Predajniansky,910925/1254,Zvolen,463325,slobodny
7864,Petra,Cerna,795127/2888,Zvolen,167576,vydaty
7865,Marek,Rusnak,630717/9703,Zilina,733826,slobodny
7866,Barbora,Vesela,945311/5711,Presov,701764,vydaty
7867,Martin,Fabian,980710/4127,Poprad,459068,slobodny
7868,Lucia,Rusnakova,935821/8890,Presov,824166,vydaty
7869,Tomas,Dvorak,810112/5002,Levice,975262,slobodny
7870,Sandra,Rusnakova,626214/2804,Zvolen,54396,vydaty
7871,Martin,Kubik,580124/1646,Presov,979870,slobodny
7872,Barbora,Dvorakova,785123/5173,Kosice,449875,vydaty
7873,Martin,Predajniansky,890610/3794,Zvolen,413869,slobodny
7874,Zuzana,Cerna,655311/3760,Zilina,683302,vydaty
7875,Peter,Urban,850905/6535,Kosice,142051,slobodny
7876,Zuzana,Kucerova,985313/1724,Trencin,273698,vydaty
7877,Jan,Fabian,640818/7206,Martin,365144,slobodny
7878,Sandra,Urbanova,696226/2329,Nitra,767068,vydaty
7879,Radoslav,Cerny,811115/1535,Tvrdosin,664152,slobodny
7880,Petra,Muskova,805808/7046,Senec,164982,vydaty
7881,Jan,Kucera,751108/9357,Trencin,473292,slobodny
7882,Lucia,Novakova,635207/3309,Senec,926257,vydaty
7883,Radoslav,Fabian,840726/6978,Kosice,289447,slobodny
7884,Lucia,Vargova,685408/9779,Humenne,48592,vydaty
7885,Peter,Varga,850410/9924,Svidnik,931533,slobodny
7886,Jana,Kubikova,576208/1824,Trnava,318250,vydaty
7887,Jan,Rusnak,641107/8337,Senec,683719,slobodny
7888,Zuzana,Kubikova,625713/9571,Levice,348455,vydaty
7889,Tomas,Bednar,610106/2351,Trnava,820779,slobodny
7890,Zuzana,Horvathova,755104/6716,Martin,15228,vydaty
7891,Tomas,Rusnak,901110/8938,Trencin,839112,slobodny
7892,Lucia,Simekova,885121/1480,Levice,966864,vydaty
7893,Richard,Urban,790128/8033,Bratislava,46898,slobodny
7894,Jana,Horvathova,685805/7863,Kosice,958801,vydaty
7895,Radoslav,Predajniansky,690612/4553,Kosice,20853,slobodny
7896,Jana,Kucerova,526003/2778,Trencin,207201,vydaty
7897,Jan,Muska,980717/4793,Svidnik,751016,slobodny
7898,Ivana,Markova,785819/7843,Komarno,19405,vydaty
7899,Peter,Muska,650228/4014,Svidnik,126691,slobodny
7900,Katerina,Cerna,825516/2678,Zvolen,132420,vydaty
7901,Martin,Vesely,640710/2312,Snina,170278,slobodny
7902,Sandra,Simekova,805821/8101,Zvolen,373648,vydaty
7903,Ondrej,Kucera,670909/7734,Tvrdosin,957153,slobodny
7904,Jana,Markova,685916/5876,Levice,25702,vydaty
7905,Juraj,Dvorak,670506/7590,Bardejov,751707,slobodny
7906,Katerina,Simekova,945301/2101,Trencin,483106,vydaty
7907,Radoslav,Marko,921125/7761,Snina,720808,slobodny
7908,Veronika,Dvorakova,985112/2862,Komarno,843942,vydaty
7909,Tomas,Simek,740302/2437,Svidnik,632190,slobodny
7910,Simona,Kubikova,695918/4031,Zilina,20381,vydaty
7911,Juraj,Novak,800828/4722,Komarno,800025,slobodny
7912,Sandra,Simekova,905617/8848,Tvrdosin,848040,vydaty
7913,Radoslav,Cerny,970703/6179,Presov,54649,slobodny
7914,Barbora,Simekova,545825/5485,Bardejov,483518,vydaty
7915,Filip,Novak,810823/9215,Zvolen,443027,slobodny
7916,Petra,Horvathova,765608/4161,Senec,366528,vydaty
7917,Juraj,Bednar,521109/3275,Bardejov,54295,slobodny
7918,Barbora,Dvorakova,615722/7752,Snina,347420,vydaty
7919,Filip,Kubik,991124/1472,Humenne,420543,slobodny
7920,Barbora,Rusnakova,735322/4409,Trnava,107747,vydaty
7921,Ondrej,Muska,990525/1986,Tvrdosin,681175,slobodny
7922,Petra,Dvorakova,565123/3301,Senec,213979,vydaty
7923,Peter,Predajniansky,750421/2155,Kosice,712427,slobodny
7924,Veronika,Simekova,525417/8368,Poprad,711606,vydaty
7925,Jan,Bednar,951016/2677,Martin,330531,slobodny
7926,Katerina,Novakova,705519/8510,Trencin,659330,vydaty
7927,Richard,Novak,880826/2960,Svidnik,720646,slobodny
7928,Simona,Urbanova,725407/5128,Snina,303534,vydaty
7929,Marek,Marko,571008/1491,Trnava,270604,slobodny
7930,Barbora,Muskova,965314/7565,Snina,108332,vydaty
7931,Filip,Predajniansky,940610/4806,Zilina,396885,slobodny
7932,Lucia,Vesela,515618/3931,Senec,135573,vydaty
7933,Martin,Horvath,850427/2863,Bratislava,980283,slobodny
7934,Katerina,Simekova,715718/8163,Snina,336721,vydaty
7935,Filip,Horvath,990326/8561,Svidnik,756774,slobodny
7936,Sandra,Kubikova,775215/9382,Snina,944547,vydaty
7937,Jan,Dvorak,610517/6278,Martin,317158,slobodny
7938,Lucia,Kucerova,555120/4206,Presov,683421,vydaty
7939,Richard,Cerny,990411/7827,Senec,672334,slobodny
7940,Katerina,Urbanova,835510/6071,Bratislava,461579,vydaty
7941,Juraj,Horvath,530815/4928,Trencin,12885,slobodny
7942,Ivana,Predajnianska,865407/7675,Humenne,628985,vydaty
7943,Filip,Varga,930424/1130,Zvolen,729274,slobodny
7944,Simona,Markova,675516/5364,Trencin,92826,vydaty
7945,Jan,Horvath,730316/2922,Zvolen,889929,slobodny
7946,Veronika,Vesela,555502/1845,Snina,840557,vydaty
7947,Martin,Kubik,810707/8107,Komarno,470269,slobodny
7948,Veronika,Vargova,615419/9139,Tvrdosin,637718,vydaty
7949,Tomas,Muska,790708/4068,Tvrdosin,414670,slobodny
7950,Ivana,Simekova,645611/2322,Presov,663503,vydaty
7951,Radoslav,Varga,760221/1348,Zilina,584422,slobodny
7952,Simona,Fabianova,796126/3508,Tvrdosin,523107,vydaty
7953,Martin,Kubik,600128/6780,Martin,322711,slobodny
7954,Ivana,Fabianova,695924/1576,Presov,866706,vydaty
7955,Marek,Predajniansky,870903/7589,Snina,787431,slobodny
7956,Jana,Dvorakova,885620/5119,Tvrdosin,932196,vydaty
7957,Richard,Kubik,700710/6210,Komarno,294653,slobodny
7958,Ivana,Novakova,905408/7812,Bratislava,877390,vydaty
7959,Richard,Novak,830222/8364,Trencin,742068,slobodny
7960,Ivana,Kubikova,555612/3579,Levice,572757,vydaty
7961,Peter,Simek,610408/8335,Kosice,498713,slobodny
7962,Katerina,Bednarova,875320/5383,Humenne,822031,vydaty
7963,Ondrej,Rusnak,810420/5437,Svidnik,417201,slobodny
7964,Sandra,Urbanova,595911/8673,Levice,344206,vydaty
7965,Ondrej,Kucera,771215/8523,Humenne,825520,slobodny
7966,Barbora,Kubikova,925220/3230,Zvolen,776529,vydaty
7967,Juraj,Urban,580507/2400,Tvrdosin,230502,slobodny
7968,Ivana,Kubikova,855219/1660,Bardejov,619348,vydaty
7969,Juraj,Simek,960714/6479,Bardejov,437759,slobodny
7970,Sandra,Urbanova,546023/4594,Senec,182433,vydaty
7971,Tomas,Varga,610520/8328,Martin,37183,slobodny
7972,Barbora,Dvorakova,616025/2454,Zvolen,803700,vydaty
7973,Filip,Bednar,710624/5534,Komarno,166373,slobodny
7974,Zuzana,Simekova,976014/2653,Snina,543817,vydaty
7975,Richard,Predajniansky,700625/9679,Trencin,474942,slobodny
7976,Jana,Kucerova,715122/1808,Trencin,96297,vydaty
7977,Ondrej,Dvorak,690822/3408,Svidnik,826615,slobodny
7978,Jana,Cerna,545104/3780,Zilina,569536,vydaty
7979,Radoslav,Simek,540909/5294,Kosice,832116,slobodny
7980,Zuzana,Vesela,526223/5881,Nitra,749405,vydaty
7981,Filip,Rusnak,891004/1166,Komarno,65433,slobodny
7982,Petra,Fabianova,645912/8271,Presov,953720,vydaty
7983,Filip,Kubik,711226/7363,Kosice,721797,slobodny
7984,Katerina,Markova,875605/4127,Poprad,701025,vydaty
7985,Jan,Fabian,561215/8933,Trencin,556007,slobodny
7986,Katerina,Novakova,586001/6973,Tvrdosin,371104,vydaty
7987,Martin,Urban,700523/6382,Komarno,507588,slobodny
7988,Zuzana,Kubikova,705119/7154,Bratislava,951152,vydaty
7989,Richard,Muska,580227/6130,Bardejov,883732,slobodny
7990,Simona,Cerna,966117/4442,Senec,477992,vydaty
7991,Richard,Cerny,950923/3386,Martin,976643,slobodny
7992,Jana,Vesela,856013/7339,Trencin,128202,vydaty
7993,Juraj,Rusnak,720628/5568,Levice,371973,slobodny
7994,Katerina,Urbanova,975928/8844,Levice,331501,vydaty
7995,Tomas,Predajniansky,860619/4044,Zvolen,494285,slobodny
7996,Lucia,Markova,856214/8898,Humenne,177912,vydaty
7997,Juraj,Cerny,771204/9825,Svidnik,319251,slobodny
7998,Lucia,Horvathova,705128/3861,Levice,198586,vydaty
7999,Martin,Fabian,740216/7111,Levice,704381,slobodny
8000,Jana,Markova,695410/6179,Zvolen,745219,vydaty
8001,Marek,Bednar,880818/6975,Bratislava,196993,slobodny
8002,Katerina,Simekova,655605/7427,Bardejov,235796,vydaty
8003,Peter,Fabian,741201/8012,Kosice,313892,slobodny
8004,Lucia,Bednarova,515116/5532,Poprad,368392,vydaty
8005,Marek,Simek,710405/2047,Humenne,303419,slobodny
8006,Petra,Vargova,526015/4947,Tvrdosin,300479,vydaty
8007,Filip,Kubik,640702/1735,Zilina,423515,slobodny
8008,Katerina,Vesela,946017/1137,Kosice,273651,vydaty
8009,Tomas,Fabian,520714/2273,Martin,659021,slobodny
8010,Barbora,Muskova,616015/6122,Zilina,19102,vydaty
8011,Ondrej,Novak,931112/7083,Komarno,864952,slobodny
8012,Barbora,Kubikova,885524/4433,Trnava,188301,vydaty
8013,Ondrej,Bednar,730212/5493,Nitra,643151,slobodny
8014,Simona,Fabianova,946111/1207,Martin,712234,vydaty
8015,Radoslav,Bednar,640616/8282,Bratislava,466171,slobodny
8016,Barbora,Cerna,925922/8556,Levice,120057,vydaty
8017,Ondrej,Muska,771213/3760,Trencin,600084,slobodny
8018,Petra,Novakova,845423/3878,Humenne,43755,vydaty
8019,Tomas,Muska,831206/6041,Trencin,112232,slobodny
8020,Petra,Dvorakova,845204/3120,Martin,74762,vydaty
8021,Ondrej,Dvorak,800305/4218,Kosice,713602,slobodny
8022,Jana,Urbanova,566220/1364,Zilina,746655,vydaty
8023,Tomas,Dvorak,991023/1338,Martin,72678,slobodny
8024,Simona,Dvorakova,835406/2393,Tvrdosin,213814,vydaty
8025,Ondrej,Varga,920725/4393,Trnava,987732,slobodny
8026,Petra,Urbanova,845918/1049,Zvolen,388643,vydaty
8027,Richard,Bednar,620411/7782,Humenne,288785,slobodny
8028,Barbora,Cerna,595303/7753,Zilina,287820,vydaty
8029,Peter,Simek,960814/8953,Zvolen,613635,slobodny
8030,Sandra,Vesela,756016/8576,Zilina,659359,vydaty
8031,Tomas,Simek,690622/9702,Kosice,748856,slobodny
8032,Katerina,Muskova,695822/7866,Tvrdosin,62675,vydaty
8033,Ondrej,Kubik,560907/7258,Tvrdosin,787900,slobodny
8034,Petra,Simekova,795202/5403,Humenne,603348,vydaty
8035,Jan,Kubik,931014/3903,Trencin,478761,slobodny
8036,Barbora,Muskova,575826/6217,Komarno,978096,vydaty
8037,Marek,Marko,990728/5078,Humenne,867527,slobodny
8038,Lucia,Predajnianska,775424/6733,Komarno,635418,vydaty
8039,Peter,Varga,781121/3490,Bardejov,336724,slobodny
8040,Katerina,Vesela,955811/1518,Humenne,509663,vydaty
8041,Peter,Dvorak,970719/8884,Martin,282582,slobodny
8042,Katerina,Cerna,725209/9055,Martin,528504,vydaty
8043,Filip,Novak,870928/1945,Trencin,521399,slobodny
8044,Ivana,Rusnakova,825113/5909,Kosice,928304,vydaty
8045,Jan,Dvorak,831127/5909,Tvrdosin,162039,slobodny
8046,Jana,Predajnianska,935418/4515,Bratislava,708131,vydaty
8047,Jan,Novak,940321/5253,Kosice,881563,slobodny
8048,Veronika,Novakova,795720/7108,Senec,418863,vydaty
8049,Ondrej,Predajniansky,720427/5401,Trnava,403089,slobodny
8050,Petra,Novakova,785919/7619,Trnava,838032,vydaty
8051,Jan,Bednar,841021/7793,Svidnik,427946,slobodny
8052,Petra,Dvorakova,735415/1135,Tvrdosin,500587,vydaty
8053,Peter,Novak,950316/3078,Zilina,110601,slobodny
8054,Simona,Horvathova,606026/5698,Poprad,579447,vydaty
8055,Ondrej,Fabian,980803/3872,Humenne,698475,slobodny
8056,Barbora,Kubikova,575612/9731,Tvrdosin,989436,vydaty
8057,Jan,Simek,540520/3571,Zvolen,658897,slobodny
8058,Lucia,Urbanova,626225/5544,Svidnik,385795,vydaty
8059,Filip,Fabian,540422/4260,Svidnik,656415,slobodny
8060,Veronika,Kubikova,536101/2330,Trencin,696659,vydaty
8061,Filip,Marko,880925/2770,Poprad,512135,slobodny
8062,Barbora,Horvathova,605509/9322,Snina,548666,vydaty
8063,Jan,Urban,950724/5349,Senec,236591,slobodny
8064,Simona,Vargova,956210/7377,Komarno,379657,vydaty
8065,Juraj,Horvath,830302/5705,Bratislava,498877,slobodny
8066,Petra,Markova,976102/2506,Zilina,626448,vydaty
8067,Peter,Marko,910416/4948,Zilina,217720,slobodny
8068,Lucia,Predajnianska,985503/7074,Trnava,385289,vydaty
8069,Tomas,Simek,800318/4370,Snina,169330,slobodny
8070,Zuzana,Simekova,895204/6463,Levice,362523,vydaty
8071,Radoslav,Fabian,991216/3588,Poprad,692998,slobodny
8072,Sandra,Novakova,876103/4688,Humenne,769467,vydaty
8073,Martin,Predajniansky,820724/6991,Tvrdosin,339615,slobodny
8074,Simona,Cerna,716013/3401,Bratislava,788244,vydaty
8075,Peter,Rusnak,871222/5956,Bratislava,400795,slobodny
8076,Zuzana,Markova,605510/5530,Trencin,153870,vydaty
8077,Juraj,Varga,980513/9863,Svidnik,931540,slobodny
8078,Jana,Kucerova,616222/3268,Komarno,375386,vydaty
8079,Marek,Predajniansky,740725/8566,Martin,782540,slobodny
8080,Lucia,Rusnakova,535321/6380,Humenne,339065,vydaty
8081,Martin,Kubik,780902/3237,Bratislava,228276,slobodny
8082,Barbora,Vargova,875910/1608,Martin,318225,vydaty
8083,Jan,Varga,770827/1325,Bardejov,127520,slobodny
8084,Veronika,Fabianova,595410/3673,Tvrdosin,258919,vydaty
8085,Juraj,Kucera,950516/8001,Martin,748353,slobodny
8086,Katerina,Muskova,956025/5418,Bratislava,392072,vydaty
8087,Richard,Vesely,871112/2641,Zilina,305986,slobodny
8088,Sandra,Rusnakova,525714/8238,Humenne,14840,vydaty
8089,Marek,Kucera,940827/5232,Zilina,589470,slobodny
8090,Barbora,Kubikova,955502/1099,Poprad,875909,vydaty
8091,Juraj,Horvath,590707/2495,Trnava,382315,slobodny
8092,Veronika,Dvorakova,705204/2432,Nitra,786901,vydaty
8093,Martin,Simek,710522/6566,Poprad,397374,slobodny
8094,Simona,Muskova,586018/9149,Kosice,105847,vydaty
8095,Filip,Predajniansky,681204/6880,Poprad,377267,slobodny
8096,Veronika,Kubikova,635125/2068,Nitra,768416,vydaty
8097,Juraj,Novak,620213/9890,Trnava,899506,slobodny
8098,Veronika,Cerna,665823/2743,Kosice,885057,vydaty
8099,Richard,Muska,951211/4669,Levice,785764,slobodny
8100,Lucia,Predajnianska,695513/8183,Tvrdosin,114563,vydaty
8101,Jan,Predajniansky,550616/2561,Martin,141247,slobodny
8102,Zuzana,Simekova,585322/1147,Humenne,271396,vydaty
8103,Marek,Rusnak,510317/1909,Zilina,744324,slobodny
8104,Ivana,Kucerova,995606/7590,Kosice,340621,vydaty
8105,Filip,Bednar,630103/4339,Bratislava,176587,slobodny
8106,Veronika,Vesela,605117/8579,Snina,30625,vydaty
8107,Martin,Marko,780824/3337,Tvrdosin,223434,slobodny
8108,Ivana,Markova,986222/6077,Tvrdosin,752481,vydaty
8109,Marek,Varga,800402/9123,Bardejov,356007,slobodny
8110,Veronika,Fabianova,935521/4355,Bardejov,202754,vydaty
8111,Juraj,Horvath,850227/1702,Levice,211565,slobodny
8112,Veronika,Markova,745116/3332,Zvolen,788517,vydaty
8113,Juraj,Predajniansky,680924/6458,Tvrdosin,747536,slobodny
8114,Lucia,Dvorakova,665215/4051,Bardejov,822439,vydaty
8115,Marek,Muska,590326/2462,Poprad,251401,slobodny
8116,Lucia,Vargova,985224/1687,Zvolen,29608,vydaty
8117,Richard,Vesely,780228/5190,Levice,88641,slobodny
8118,Veronika,Vesela,525415/3618,Svidnik,792936,vydaty
8119,Richard,Predajniansky,581104/9984,Humenne,735476,slobodny
8120,Sandra,Kucerova,676017/3278,Snina,967851,vydaty
8121,Jan,Predajniansky,640817/8574,Bratislava,212236,slobodny
8122,Zuzana,Fabianova,865104/1728,Zilina,887462,vydaty
8123,Filip,Bednar,961116/1731,Trencin,60137,slobodny
8124,Petra,Kucerova,805927/2684,Levice,138373,vydaty
8125,Marek,Varga,540425/2615,Poprad,195624,slobodny
8126,Lucia,Kucerova,995814/5136,Svidnik,197824,vydaty
8127,Richard,Muska,780402/8328,Zvolen,619947,slobodny
8128,Zuzana,Vesela,906228/5800,Trencin,97276,vydaty
8129,Tomas,Muska,581009/8971,Svidnik,667377,slobodny
8130,Ivana,Kucerova,625727/7445,Zvolen,651826,vydaty
8131,Radoslav,Rusnak,900522/6257,Trencin,265390,slobodny
8132,Simona,Vesela,515620/8748,Kosice,73541,vydaty
8133,Ondrej,Cerny,930906/8729,Levice,166914,slobodny
8134,Lucia,Horvathova,625302/6367,Humenne,71064,vydaty
8135,Tomas,Varga,711213/8930,Zilina,698041,slobodny
8136,Jana,Horvathova,545406/9813,Levice,565405,vydaty
8137,Filip,Marko,560607/2403,Bardejov,991579,slobodny
8138,Katerina,Rusnakova,995904/8338,Presov,704716,vydaty
8139,Marek,Fabian,740714/1260,Presov,364109,slobodny
8140,Sandra,Markova,865707/9995,Nitra,609685,vydaty
8141,Filip,Kucera,550302/4726,Poprad,459517,slobodny
8142,Lucia,Simekova,585924/9382,Presov,88608,vydaty
8143,Martin,Muska,531105/1944,Bratislava,214833,slobodny
8144,Petra,Vesela,515606/9932,Nitra,943911,vydaty
8145,Richard,Marko,860102/1699,Bardejov,304463,slobodny
8146,Zuzana,Markova,725826/2156,Trencin,181790,vydaty
8147,Ondrej,Bednar,810411/6258,Zilina,289593,slobodny
8148,Katerina,Urbanova,636202/7563,Senec,810688,vydaty
8149,Juraj,Dvorak,650221/9608,Senec,239484,slobodny
8150,Zuzana,Kubikova,665220/2158,Tvrdosin,118956,vydaty
8151,Martin,Kubik,760813/1637,Martin,91720,slobodny
8152,Ivana,Dvorakova,645511/2256,Bratislava,673564,vydaty
8153,Richard,Kucera,820901/4355,Svidnik,912239,slobodny
8154,Ivana,Urbanova,865317/8963,Humenne,490001,vydaty
8155,Ondrej,Fabian,610906/8589,Levice,724157,slobodny
8156,Katerina,Cerna,595105/9267,Martin,994387,vydaty
8157,Filip,Simek,840819/7639,Bratislava,698456,slobodny
8158,Veronika,Horvathova,546226/1584,Bardejov,40851,vydaty
8159,Juraj,Varga,830222/2336,Tvrdosin,754584,slobodny
8160,Barbora,Novakova,705819/9586,Martin,455848,vydaty
8161,Martin,Cerny,930306/5779,Snina,381925,slobodny
8162,Lucia,Dvorakova,945210/1391,Trencin,555443,vydaty
8163,Ondrej,Cerny,870519/9427,Nitra,598153,slobodny
8164,Petra,Kucerova,765203/6079,Kosice,144394,vydaty
8165,Peter,Predajniansky,911008/8609,Komarno,48780,slobodny
8166,Barbora,Dvorakova,845426/3539,Kosice,705564,vydaty
8167,Juraj,Novak,800701/5891,Senec,616035,slobodny
8168,Sandra,Urbanova,535925/8995,Snina,593472,vydaty
8169,Peter,Marko,690208/3373,Snina,361264,slobodny
8170,Petra,Markova,706128/5886,Poprad,336379,vydaty
8171,Jan,Cerny,630815/9377,Snina,482240,slobodny
8172,Barbora,Rusnakova,795304/8068,Martin,299366,vydaty
8173,Juraj,Fabian,900714/9045,Nitra,474312,slobodny
8174,Simona,Markova,796115/5216,Trencin,954280,vydaty
8175,Radoslav,Marko,540803/2455,Komarno,155471,slobodny
8176,Simona,Vargova,786220/2678,Komarno,465939,vydaty
8177,Martin,Novak,770416/7507,Nitra,15844,slobodny
8178,Ivana,Cerna,675127/8313,Trnava,186971,vydaty
8179,Juraj,Horvath,981116/3700,Nitra,607205,slobodny
8180,Jana,Dvorakova,665303/8792,Humenne,288699,vydaty
8181,Martin,Simek,860405/9356,Humenne,353160,slobodny
8182,Simona,Urbanova,565420/4829,Poprad,152683,vydaty
8183,Richard,Horvath,620724/8427,Poprad,332589,slobodny
8184,Simona,Kucerova,726016/7237,Tvrdosin,214341,vydaty
8185,Filip,Simek,680115/5580,Svidnik,902527,slobodny
8186,Simona,Dvorakova,935904/5964,Senec,521507,vydaty
8187,Ondrej,Fabian,690225/6965,Humenne,901884,slobodny
8188,Ivana,Horvathova,915324/2476,Trencin,230280,vydaty
8189,Ondrej,Kubik,990112/8497,Snina,964282,slobodny
8190,Zuzana,Predajnianska,865809/1813,Martin,403220,vydaty
8191,Ondrej,Fabian,931103/9771,Tvrdosin,883671,slobodny
8192,Katerina,Muskova,855818/9579,Martin,75573,vydaty
8193,Juraj,Fabian,890211/5292,Zvolen,73758,slobodny
8194,Barbora,Rusnakova,675513/6843,Kosice,797649,vydaty
8195,Tomas,Predajniansky,770909/3651,Bardejov,525813,slobodny
8196,Ivana,Fabianova,765415/3173,Tvrdosin,432853,vydaty
8197,Richard,Dvorak,811011/9657,Kosice,337046,slobodny
8198,Katerina,Simekova,586126/5295,Martin,232816,vydaty
8199,Ondrej,Cerny,800918/8173,Presov,409676,slobodny
8200,Sandra,Vesela,946023/9913,Svidnik,800936,vydaty
8201,Juraj,Simek,960703/1809,Martin,831460,slobodny
8202,Sandra,Dvorakova,876021/1096,Zilina,237990,vydaty
8203,Radoslav,Muska,820627/3016,Trencin,462910,slobodny
8204,Simona,Cerna,925925/1487,Humenne,513384,vydaty
8205,Radoslav,Kucera,660813/7281,Nitra,178690,slobodny
8206,Sandra,Cerna,966222/6972,Trencin,116898,vydaty
8207,Peter,Varga,520312/1967,Poprad,330230,slobodny
8208,Simona,Simekova,645721/4278,Trencin,455400,vydaty
8209,Martin,Muska,840410/6977,Humenne,289059,slobodny
8210,Lucia,Predajnianska,546106/2611,Nitra,681909,vydaty
8211,Jan,Horvath,850127/3183,Trnava,900082,slobodny
8212,Ivana,Urbanova,736202/5507,Komarno,33159,vydaty
8213,Ondrej,Fabian,591205/4481,Trencin,729782,slobodny
8214,Petra,Rusnakova,796226/6609,Senec,781142,vydaty
8215,Ondrej,Muska,771025/4475,Humenne,101375,slobodny
8216,Simona,Predajnianska,515320/3976,Tvrdosin,938526,vydaty
8217,Filip,Rusnak,560108/8797,Poprad,545060,slobodny
8218,Ivana,Urbanova,516209/7649,Bratislava,310607,vydaty
8219,Tomas,Urban,800117/8137,Bardejov,711132,slobodny
8220,Barbora,Predajnianska,985328/2483,Nitra,373062,vydaty
8221,Filip,Vesely,890521/1361,Bratislava,536623,slobodny
8222,Lucia,Vargova,745910/8267,Trencin,171817,vydaty
8223,Jan,Urban,710822/3828,Trnava,81063,slobodny
8224,Veronika,Urbanova,895702/4416,Levice,928259,vydaty
8225,Filip,Kubik,760303/9542,Poprad,671264,slobodny
8226,Jana,Kucerova,985408/3984,Bratislava,363095,vydaty
8227,Jan,Novak,900428/1006,Zvolen,695709,slobodny
8228,Lucia,Novakova,716018/1513,Kosice,673085,vydaty
8229,Richard,Bednar,540619/5475,Kosice,30839,slobodny
8230,Petra,Cerna,565118/4382,Komarno,70853,vydaty
8231,Marek,Vesely,680114/6445,Levice,419119,slobodny
8232,Simona,Bednarova,965517/4683,Trnava,985485,vydaty
8233,Ondrej,Bednar,840411/8742,Kosice,479131,slobodny
8234,Zuzana,Simekova,536026/1863,Zvolen,936536,vydaty
8235,Richard,Novak,540625/8200,Snina,79366,slobodny
8236,Lucia,Vesela,785521/4938,Komarno,456294,vydaty
8237,Richard,Urban,920105/2916,Trnava,565212,slobodny
8238,Katerina,Muskova,695413/3364,Komarno,540866,vydaty
8239,Ondrej,Fabian,930818/4748,Bratislava,250947,slobodny
8240,Veronika,Vesela,655311/5922,Komarno,96726,vydaty
8241,Filip,Fabian,970908/1269,Zilina,387625,slobodny
8242,Petra,Urbanova,665219/6809,Nitra,464508,vydaty
8243,Filip,Kubik,840703/8463,Trencin,670493,slobodny
8244,Zuzana,Fabianova,756008/7687,Svidnik,69436,vydaty
8245,Jan,Kucera,770922/8091,Svidnik,454482,slobodny
8246,Zuzana,Cerna,515513/1851,Svidnik,14130,vydaty
8247,Radoslav,Marko,880810/1336,Trnava,692265,slobodny
8248,Zuzana,Cerna,635312/1206,Nitra,752089,vydaty
8249,Radoslav,Simek,680419/7138,Tvrdosin,458892,slobodny
8250,Petra,Urbanova,835326/5117,Zilina,435343,vydaty
8251,Marek,Cerny,980617/4974,Komarno,797407,slobodny
8252,Katerina,Vargova,865115/8259,Kosice,978149,vydaty
8253,Jan,Simek,960805/8170,Senec,92923,slobodny
8254,Ivana,Kucerova,525603/6720,Presov,427023,vydaty
8255,Richard,Bednar,601014/4416,Levice,897618,slobodny
8256,Sandra,Urbanova,525423/8797,Presov,231210,vydaty
8257,Peter,Bednar,731227/9202,Senec,497376,slobodny
8258,Ivana,Kucerova,805923/9901,Senec,435702,vydaty
8259,Juraj,Dvorak,611007/3455,Tvrdosin,718979,slobodny
8260,Katerina,Urbanova,945410/7630,Poprad,448871,vydaty
8261,Richard,Cerny,930424/2983,Trencin,253538,slobodny
8262,Katerina,Dvorakova,586220/3772,Kosice,674518,vydaty
8263,Peter,Varga,901007/5452,Snina,477897,slobodny
8264,Jana,Vesela,895714/1370,Martin,907314,vydaty
8265,Tomas,Novak,820824/5627,Levice,328606,slobodny
8266,Simona,Vargova,596001/4095,Snina,749341,vydaty
8267,Tomas,Kubik,920325/1449,Presov,522483,slobodny
8268,Sandra,Urbanova,885624/7800,Trnava,109881,vydaty
8269,Peter,Cerny,510414/9877,Snina,508302,slobodny
8270,Barbora,Horvathova,526212/7691,Kosice,751130,vydaty
8271,Ondrej,Dvorak,550513/4271,Humenne,186463,slobodny
8272,Zuzana,Vesela,936227/5572,Snina,309620,vydaty
8273,Radoslav,Varga,731101/9402,Senec,362883,slobodny
8274,Katerina,Rusnakova,845816/2775,Zilina,795427,vydaty
8275,Ondrej,Predajniansky,581107/5463,Nitra,148680,slobodny
8276,Ivana,Vargova,645520/3542,Presov,815673,vydaty
8277,Jan,Varga,860327/3560,Tvrdosin,174306,slobodny
8278,Barbora,Horvathova,805505/7766,Zilina,47888,vydaty
8279,Marek,Kucera,550722/9731,Zilina,495989,slobodny
8280,Jana,Rusnakova,575704/3786,Senec,691920,vydaty
8281,Jan,Varga,630404/6462,Poprad,369480,slobodny
8282,Ivana,Vesela,875714/2757,Poprad,516490,vydaty
8283,Marek,Muska,730510/6115,Zilina,66042,slobodny
8284,Simona,Fabianova,675817/1975,Humenne,357204,vydaty
8285,Tomas,Bednar,570322/4054,Tvrdosin,925297,slobodny
8286,Sandra,Predajnianska,665124/5488,Svidnik,883409,vydaty
8287,Tomas,Rusnak,850606/2118,Presov,484827,slobodny
8288,Barbora,Novakova,855124/5715,Bardejov,220968,vydaty
8289,Filip,Bednar,740215/6301,Levice,575634,slobodny
8290,Veronika,Bednarova,615818/3446,Komarno,684505,vydaty
8291,Juraj,Dvorak,510108/7597,Bratislava,978892,slobodny
8292,Veronika,Kucerova,916102/3219,Martin,449786,vydaty
8293,Marek,Varga,970320/1876,Trnava,678854,slobodny
8294,Sandra,Horvathova,735219/9369,Martin,832199,vydaty
8295,Jan,Dvorak,730915/6503,Zvolen,916540,slobodny
8296,Lucia,Horvathova,895816/6396,Svidnik,31289,vydaty
8297,Filip,Horvath,680309/5389,Poprad,771322,slobodny
8298,Petra,Fabianova,555707/4140,Trencin,254150,vydaty
8299,Tomas,Kubik,520706/1332,Poprad,510128,slobodny
8300,Sandra,Markova,855502/5503,Bardejov,961660,vydaty
8301,Ondrej,Kucera,910705/9649,Bardejov,458684,slobodny
8302,Katerina,Vesela,665607/5115,Komarno,986028,vydaty
8303,Filip,Kubik,851024/3728,Presov,321523,slobodny
8304,Jana,Vargova,575525/2508,Zvolen,648281,vydaty
8305,Filip,Simek,880810/3984,Tvrdosin,697928,slobodny
8306,Sandra,Urbanova,785126/1494,Svidnik,410905,vydaty
8307,Richard,Rusnak,870503/3830,Zvolen,152734,slobodny
8308,Sandra,Muskova,726006/4219,Komarno,784448,vydaty
8309,Juraj,Simek,771214/4672,Trencin,746518,slobodny
8310,Lucia,Dvorakova,846117/4621,Presov,132065,vydaty
8311,Peter,Bednar,631216/4955,Presov,386604,slobodny
8312,Sandra,Horvathova,975828/1029,Senec,306172,vydaty
8313,Marek,Varga,720108/2206,Trnava,309873,slobodny
8314,Veronika,Kubikova,675327/1553,Bratislava,931563,vydaty
8315,Jan,Vesely,950612/4854,Snina,188343,slobodny
8316,Simona,Rusnakova,555520/8333,Tvrdosin,929086,vydaty
8317,Tomas,Marko,790228/3660,Kosice,42561,slobodny
8318,Sandra,Kubikova,906007/9955,Kosice,847779,vydaty
8319,Martin,Rusnak,890227/4824,Senec,128923,slobodny
8320,Petra,Fabianova,536226/9699,Komarno,356480,vydaty
8321,Tomas,Marko,540217/5465,Kosice,696609,slobodny
8322,Zuzana,Simekova,975115/8560,Bratislava,828462,vydaty
8323,Juraj,Horvath,760813/8841,Bratislava,581186,slobodny
8324,Lucia,Dvorakova,535409/1941,Martin,55525,vydaty
8325,Filip,Dvorak,640608/9746,Komarno,731099,slobodny
8326,Ivana,Horvathova,555319/2926,Senec,276206,vydaty
8327,Martin,Urban,740826/8186,Kosice,401376,slobodny
8328,Sandra,Vargova,635216/6661,Trnava,785932,vydaty
8329,Martin,Vesely,860610/6584,Senec,755557,slobodny
8330,Petra,Dvorakova,576009/4426,Trnava,88315,vydaty
8331,Richard,Rusnak,780521/2048,Presov,40255,slobodny
8332,Lucia,Vesela,926214/3752,Trnava,527739,vydaty
8333,Filip,Vesely,761006/9007,Kosice,935285,slobodny
8334,Sandra,Bednarova,585924/2576,Humenne,858476,vydaty
8335,Tomas,Vesely,610707/6363,Bratislava,757900,slobodny
8336,Jana,Cerna,686212/8703,Nitra,864788,vydaty
8337,Peter,Cerny,571110/3411,Svidnik,877075,slobodny
8338,Barbora,Horvathova,736128/9261,Kosice,592669,vydaty
8339,Tomas,Cerny,700814/7866,Trencin,503453,slobodny
8340,Petra,Simekova,815907/1479,Zvolen,758377,vydaty
8341,Radoslav,Simek,611121/6815,Humenne,802588,slobodny
8342,Petra,Bednarova,855713/9109,Nitra,663141,vydaty
8343,Radoslav,Simek,761210/5890,Tvrdosin,744016,slobodny
8344,Katerina,Predajnianska,735526/8477,Tvrdosin,216508,vydaty
8345,Filip,Rusnak,720416/3065,Trnava,884939,slobodny
8346,Petra,Rusnakova,535403/2594,Snina,632151,vydaty
8347,Jan,Novak,770719/3315,Zvolen,381684,slobodny
8348,Veronika,Fabianova,935614/9446,Zilina,831778,vydaty
8349,Marek,Dvorak,960116/2000,Nitra,883546,slobodny
8350,Ivana,Rusnakova,866006/2194,Komarno,119767,vydaty
8351,Peter,Vesely,671020/5257,Nitra,818329,slobodny
8352,Lucia,Horvathova,875209/2139,Senec,456378,vydaty
8353,Jan,Fabian,870210/2125,Bardejov,425017,slobodny
8354,Veronika,Horvathova,915212/3471,Poprad,309681,vydaty
8355,Richard,Muska,681007/9592,Presov,462041,slobodny
8356,Sandra,Predajnianska,545502/7285,Kosice,897608,vydaty
8357,Filip,Varga,830702/5405,Presov,387875,slobodny
8358,Jana,Vargova,865910/7461,Tvrdosin,952975,vydaty
8359,Juraj,Rusnak,540809/3991,Svidnik,447581,slobodny
8360,Ivana,Vargova,635827/3049,Presov,340853,vydaty
8361,Martin,Marko,530716/1262,Svidnik,408117,slobodny
8362,Simona,Simekova,845720/3428,Snina,638571,vydaty
8363,Jan,Varga,590909/4958,Bardejov,424121,slobodny
8364,Lucia,Horvathova,516017/7099,Martin,524392,vydaty
8365,Richard,Predajniansky,760920/4269,Snina,758385,slobodny
8366,Zuzana,Simekova,995614/2967,Kosice,682122,vydaty
8367,Martin,Horvath,940708/3920,Humenne,708548,slobodny
8368,Sandra,Horvathova,995709/5939,Zvolen,547943,vydaty
8369,Tomas,Novak,840119/8507,Nitra,561796,slobodny
8370,Ivana,Dvorakova,975306/1792,Bratislava,457195,vydaty
8371,Juraj,Horvath,850703/6054,Svidnik,949278,slobodny
8372,Veronika,Horvathova,976223/7705,Zvolen,786719,vydaty
8373,Radoslav,Urban,660227/2936,Bratislava,297948,slobodny
8374,Sandra,Predajnianska,655910/1154,Svidnik,610749,vydaty
8375,Radoslav,Predajniansky,980112/7391,Zvolen,693608,slobodny
8376,Simona,Fabianova,805328/9390,Trencin,451426,vydaty
8377,Radoslav,Urban,540613/4326,Senec,677683,slobodny
8378,Petra,Urbanova,665608/6409,Bratislava,907969,vydaty
8379,Tomas,Marko,730225/9215,Snina,409569,slobodny
8380,Simona,Urbanova,555504/1942,Komarno,84784,vydaty
8381,Martin,Urban,801114/4874,Poprad,229333,slobodny
8382,Ivana,Dvorakova,535617/4357,Svidnik,92003,vydaty
8383,Filip,Kucera,550823/8842,Trnava,353513,slobodny
8384,Barbora,Vesela,515408/7562,Senec,211994,vydaty
8385,Jan,Novak,930618/5686,Svidnik,178096,slobodny
8386,Barbora,Bednarova,995827/3148,Senec,757859,vydaty
8387,Jan,Kubik,830423/3914,Komarno,144584,slobodny
8388,Ivana,Horvathova,996109/6490,Bratislava,576277,vydaty
8389,Filip,Horvath,950510/9642,Svidnik,255567,slobodny
8390,Petra,Kucerova,976203/3398,Zvolen,804947,vydaty
8391,Filip,Cerny,771016/9060,Poprad,87589,slobodny
8392,Simona,Novakova,555619/7901,Trencin,811954,vydaty
8393,Tomas,Kucera,600915/6053,Presov,180401,slobodny
8394,Barbora,Fabianova,706109/2492,Senec,29481,vydaty
8395,Tomas,Urban,770318/4292,Zvolen,43695,slobodny
8396,Veronika,Muskova,795828/9808,Tvrdosin,729055,vydaty
8397,Peter,Dvorak,850812/6126,Senec,691433,slobodny
8398,Zuzana,Simekova,915727/7458,Svidnik,218730,vydaty
8399,Martin,Fabian,660710/5982,Poprad,350589,slobodny
8400,Katerina,Rusnakova,755120/4877,Martin,83229,vydaty
8401,Jan,Marko,940328/6641,Bratislava,550658,slobodny
8402,Veronika,Dvorakova,675612/2627,Snina,572978,vydaty
8403,Radoslav,Predajniansky,740125/3031,Trnava,589248,slobodny
8404,Simona,Kucerova,775813/9848,Zilina,595717,vydaty
8405,Martin,Vesely,870603/5553,Martin,782660,slobodny
8406,Barbora,Muskova,595811/2840,Humenne,632206,vydaty
8407,Ondrej,Vesely,590715/7961,Nitra,46149,slobodny
8408,Simona,Cerna,655609/9966,Zvolen,948595,vydaty
8409,Peter,Simek,660714/2244,Poprad,360889,slobodny
8410,Katerina,Muskova,945425/5521,Nitra,735175,vydaty
8411,Filip,Vesely,520117/9336,Trnava,197608,slobodny
8412,Veronika,Predajnianska,595512/7541,Svidnik,175342,vydaty
8413,Martin,Varga,570822/7749,Komarno,948306,slobodny
8414,Lucia,Novakova,555721/4295,Svidnik,432364,vydaty
8415,Jan,Kubik,901214/9890,Svidnik,260797,slobodny
8416,Simona,Rusnakova,915808/3586,Martin,70983,vydaty
8417,Ondrej,Marko,700622/3223,Zilina,982165,slobodny
8418,Ivana,Markova,955223/4777,Bardejov,872237,vydaty
8419,Ondrej,Kubik,820618/8755,Bratislava,249051,slobodny
8420,Lucia,Vesela,606209/6844,Snina,221863,vydaty
8421,Richard,Novak,980109/7915,Trnava,871928,slobodny
8422,Simona,Horvathova,866006/1162,Martin,655145,vydaty
8423,Filip,Fabian,540614/2812,Komarno,729545,slobodny
8424,Sandra,Rusnakova,695819/2201,Poprad,638457,vydaty
8425,Jan,Kubik,800216/9732,Presov,800006,slobodny
8426,Veronika,Markova,515826/7478,Snina,644248,vydaty
8427,Radoslav,Fabian,651010/4690,Zvolen,667385,slobodny
8428,Barbora,Kucerova,746111/2507,Komarno,334090,vydaty
8429,Tomas,Horvath,640902/6804,Poprad,236952,slobodny
8430,Katerina,Markova,805205/6416,Nitra,340686,vydaty
8431,Martin,Novak,610221/6307,Presov,654942,slobodny
8432,Petra,Kucerova,535901/4609,Levice,83736,vydaty
8433,Richard,Dvorak,860108/4642,Tvrdosin,118337,slobodny
8434,Katerina,Cerna,575101/6987,Nitra,537646,vydaty
8435,Jan,Horvath,810815/2240,Presov,230608,slobodny
8436,Ivana,Predajnianska,615702/9448,Presov,199956,vydaty
8437,Richard,Simek,940611/6947,Poprad,75435,slobodny
8438,Petra,Vargova,625101/8873,Kosice,325217,vydaty
8439,Ondrej,Vesely,980802/4066,Levice,787345,slobodny
8440,Petra,Dvorakova,735613/5245,Bratislava,903374,vydaty
8441,Radoslav,Horvath,960710/4878,Nitra,117003,slobodny
8442,Katerina,Dvorakova,736013/8428,Senec,296644,vydaty
8443,Richard,Dvorak,880922/8570,Humenne,252874,slobodny
8444,Zuzana,Markova,565224/7416,Trencin,409145,vydaty
8445,Marek,Predajniansky,711105/2497,Presov,465427,slobodny
8446,Zuzana,Fabianova,936016/5809,Poprad,101311,vydaty
8447,Peter,Rusnak,711209/2505,Zvolen,72981,slobodny
8448,Jana,Kucerova,846103/8213,Levice,848356,vydaty
8449,Peter,Muska,841116/2371,Nitra,599316,slobodny
8450,Lucia,Urbanova,565504/7206,Presov,792852,vydaty
8451,Martin,Novak,850426/3991,Nitra,421578,slobodny
8452,Ivana,Rusnakova,945803/8021,Snina,366020,vydaty
8453,Martin,Dvorak,590403/8468,Tvrdosin,605673,slobodny
8454,Lucia,Muskova,805523/9708,Levice,496793,vydaty
8455,Marek,Dvorak,861202/6362,Humenne,608145,slobodny
8456,Katerina,Simekova,555314/6345,Tvrdosin,447217,vydaty
8457,Juraj,Simek,870114/6651,Bratislava,987525,slobodny
8458,Veronika,Kubikova,906127/7307,Svidnik,514216,vydaty
8459,Martin,Kubik,800226/3350,Presov,471650,slobodny
8460,Zuzana,Vesela,845526/9447,Tvrdosin,833558,vydaty
8461,Ondrej,Muska,970921/6367,Humenne,569722,slobodny
8462,Petra,Vesela,825411/9923,Presov,12887,vydaty
8463,Ondrej,Rusnak,751102/2601,Snina,966371,slobodny
8464,Simona,Kubikova,805304/2161,Trencin,471207,vydaty
8465,Martin,Horvath,760825/4580,Zvolen,858348,slobodny
8466,Petra,Bednarova,745820/4523,Kosice,709835,vydaty
8467,Juraj,Kubik,860705/1409,Bardejov,391761,slobodny
8468,Veronika,Kubikova,825626/2410,Kosice,675764,vydaty
8469,Ondrej,Kubik,861026/9348,Snina,553898,slobodny
8470,Sandra,Dvorakova,755317/4427,Kosice,654936,vydaty
8471,Martin,Novak,751114/3954,Tvrdosin,817714,slobodny
8472,Katerina,Vargova,915626/5825,Levice,724935,vydaty
8473,Marek,Predajniansky,840328/6976,Bardejov,637349,slobodny
8474,Jana,Vargova,555912/4427,Trnava,210584,vydaty
8475,Marek,Cerny,680313/6603,Levice,987444,slobodny
8476,Simona,Bednarova,925524/9332,Komarno,990990,vydaty
8477,Ondrej,Marko,591028/9028,Svidnik,47262,slobodny
8478,Katerina,Muskova,555120/8702,Zvolen,992651,vydaty
8479,Marek,Muska,630309/1390,Martin,202923,slobodny
8480,Sandra,Novakova,805728/4853,Nitra,618804,vydaty
8481,Ondrej,Novak,751104/4515,Poprad,112433,slobodny
8482,Zuzana,Vargova,596002/1293,Nitra,645857,vydaty
8483,Marek,Novak,960517/5500,Presov,790077,slobodny
8484,Jana,Simekova,895916/2268,Presov,333302,vydaty
8485,Jan,Kucera,790715/4287,Presov,152785,slobodny
8486,Ivana,Horvathova,616008/8258,Zilina,707868,vydaty
8487,Marek,Urban,771226/1853,Zilina,486133,slobodny
8488,Katerina,Bednarova,655815/3655,Senec,654902,vydaty
8489,Martin,Varga,660413/9246,Trnava,818363,slobodny
8490,Lucia,Simekova,805707/4173,Bratislava,155274,vydaty
8491,Martin,Muska,991106/8694,Kosice,793372,slobodny
8492,Katerina,Bednarova,726111/3838,Senec,243705,vydaty
8493,Filip,Kubik,640502/1822,Bardejov,289267,slobodny
8494,Zuzana,Rusnakova,846122/7123,Zvolen,123991,vydaty
8495,Ondrej,Dvorak,780706/4961,Levice,383384,slobodny
8496,Petra,Cerna,666107/3453,Svidnik,979496,vydaty
8497,Juraj,Cerny,720125/5667,Komarno,726661,slobodny
8498,Lucia,Novakova,825404/3041,Svidnik,435393,vydaty
8499,Richard,Novak,571006/7027,Kosice,235513,slobodny
8500,Veronika,Novakova,835827/6276,Zilina,165573,vydaty
8501,Radoslav,Dvorak,660911/9383,Snina,969107,slobodny
8502,Simona,Bednarova,546201/6070,Poprad,292836,vydaty
8503,Ondrej,Muska,570610/3424,Presov,358716,slobodny
8504,Jana,Horvathova,515321/5995,Komarno,376334,vydaty
8505,Marek,Kubik,540921/7927,Levice,608694,slobodny
8506,Katerina,Kubikova,776201/1104,Zvolen,656761,vydaty
8507,Jan,Cerny,961001/3577,Presov,449608,slobodny
8508,Simona,Kubikova,805701/5706,Humenne,932704,vydaty
8509,Richard,Varga,910406/9724,Poprad,269891,slobodny
8510,Petra,Cerna,925310/8012,Bardejov,952714,vydaty
8511,Richard,Varga,921114/5394,Presov,792604,slobodny
8512,Sandra,Bednarova,845615/7433,Presov,592432,vydaty
8513,Tomas,Bednar,901026/9300,Martin,893394,slobodny
8514,Jana,Kubikova,925517/2874,Tvrdosin,607315,vydaty
8515,Marek,Dvorak,771009/7279,Presov,271401,slobodny
8516,Barbora,Simekova,525226/6550,Zvolen,775813,vydaty
8517,Juraj,Novak,990805/1651,Humenne,41051,slobodny
8518,Veronika,Kubikova,646123/5491,Kosice,449420,vydaty
8519,Jan,Rusnak,701107/7739,Bardejov,771992,slobodny
8520,Jana,Kubikova,726018/4298,Senec,34308,vydaty
8521,Jan,Muska,991126/7866,Levice,728579,slobodny
8522,Ivana,Predajnianska,725102/2223,Tvrdosin,357179,vydaty
8523,Juraj,Varga,530426/1952,Senec,405243,slobodny
8524,Ivana,Bednarova,745808/3251,Komarno,158051,vydaty
8525,Juraj,Horvath,741218/9897,Poprad,228638,slobodny
8526,Barbora,Muskova,655616/8640,Zilina,998429,vydaty
8527,Radoslav,Predajniansky,901005/6119,Snina,447600,slobodny
8528,Simona,Fabianova,646001/6393,Tvrdosin,436035,vydaty
8529,Peter,Rusnak,921023/5979,Tvrdosin,479681,slobodny
8530,Petra,Simekova,935125/2718,Humenne,622473,vydaty
8531,Martin,Muska,790706/7171,Tvrdosin,402769,slobodny
8532,Barbora,Simekova,605407/9271,Bratislava,676333,vydaty
8533,Radoslav,Marko,530417/9850,Komarno,953474,slobodny
8534,Barbora,Muskova,955616/7820,Presov,862197,vydaty
8535,Juraj,Kucera,841014/9162,Bratislava,903842,slobodny
8536,Petra,Horvathova,755903/4435,Nitra,468909,vydaty
8537,Jan,Predajniansky,770128/5026,Bratislava,17868,slobodny
8538,Ivana,Vesela,685922/1819,Svidnik,753025,vydaty
8539,Martin,Simek,670311/3425,Trencin,176915,slobodny
8540,Katerina,Vargova,816118/4496,Poprad,455822,vydaty
8541,Radoslav,Dvorak,561219/2876,Zilina,887811,slobodny
8542,Jana,Bednarova,985227/2816,Kosice,433824,vydaty
8543,Marek,Marko,800225/5112,Humenne,128136,slobodny
8544,Simona,Predajnianska,676109/6537,Humenne,829928,vydaty
8545,Peter,Predajniansky,760921/1385,Trnava,413258,slobodny
8546,Ivana,Predajnianska,525511/4456,Trencin,101959,vydaty
8547,Peter,Varga,510625/3955,Trencin,797788,slobodny
8548,Veronika,Vesela,575918/2529,Svidnik,568774,vydaty
8549,Richard,Muska,681012/7101,Trencin,318563,slobodny
8550,Zuzana,Bednarova,885403/2533,Zilina,15290,vydaty
8551,Juraj,Bednar,531218/1451,Kosice,696526,slobodny
8552,Lucia,Bednarova,515618/7218,Presov,962972,vydaty
8553,Peter,Kubik,920809/9459,Zvolen,218598,slobodny
8554,Veronika,Muskova,625613/1736,Humenne,857764,vydaty
8555,Jan,Urban,900802/7641,Bardejov,237124,slobodny
8556,Zuzana,Vargova,786227/6172,Nitra,11594,vydaty
8557,Juraj,Marko,881218/3919,Bratislava,562604,slobodny
8558,Sandra,Rusnakova,705202/9122,Zvolen,845715,vydaty
8559,Marek,Fabian,801025/9414,Senec,308989,slobodny
8560,Zuzana,Predajnianska,735919/5252,Martin,803932,vydaty
8561,Peter,Dvorak,620528/1077,Martin,181582,slobodny
8562,Simona,Bednarova,816002/7799,Senec,948219,vydaty
8563,Radoslav,Urban,841218/5763,Bardejov,692367,slobodny
8564,Jana,Urbanova,695407/7990,Kosice,758810,vydaty
8565,Marek,Kucera,720723/2927,Svidnik,980686,slobodny
8566,Sandra,Bednarova,616010/5567,Snina,51080,vydaty
8567,Jan,Novak,730110/5179,Nitra,149475,slobodny
8568,Veronika,Kucerova,996014/6539,Poprad,192508,vydaty
8569,Ondrej,Marko,670810/4133,Tvrdosin,874760,slobodny
8570,Sandra,Muskova,826215/2713,Komarno,121811,vydaty
8571,Ondrej,Simek,740124/7622,Levice,53597,slobodny
8572,Barbora,Vesela,605109/2709,Presov,780468,vydaty
8573,Radoslav,Dvorak,820904/5736,Nitra,547523,slobodny
8574,Zuzana,Bednarova,885409/2764,Tvrdosin,81011,vydaty
8575,Jan,Urban,900124/3077,Bardejov,69133,slobodny
8576,Jana,Rusnakova,625805/9911,Komarno,172358,vydaty
8577,Jan,Novak,660920/1714,Bardejov,203575,slobodny
8578,Simona,Rusnakova,515405/9682,Bratislava,788181,vydaty
8579,Peter,Bednar,820219/8505,Bratislava,418817,slobodny
8580,Barbora,Predajnianska,975322/1148,Martin,984316,vydaty
8581,Juraj,Horvath,850822/3368,Bratislava,420533,slobodny
8582,Ivana,Simekova,935817/9837,Bardejov,145765,vydaty
8583,Ondrej,Cerny,940506/6249,Bratislava,595978,slobodny
8584,Ivana,Rusnakova,855822/2057,Levice,662371,vydaty
8585,Peter,Horvath,960922/7944,Bardejov,835473,slobodny
8586,Lucia,Predajnianska,625108/1717,Presov,313349,vydaty
8587,Juraj,Marko,660813/7878,Zilina,137637,slobodny
8588,Veronika,Bednarova,615816/5794,Levice,283820,vydaty
8589,Richard,Novak,950308/4366,Senec,299599,slobodny
8590,Simona,Urbanova,855201/2995,Trencin,604070,vydaty
8591,Ondrej,Kubik,981219/9936,Bratislava,386769,slobodny
8592,Zuzana,Kucerova,895807/8587,Svidnik,271365,vydaty
8593,Juraj,Fabian,900427/7076,Kosice,263483,slobodny
8594,Sandra,Markova,715908/5535,Levice,438914,vydaty
8595,Jan,Vesely,710812/4811,Trnava,808758,slobodny
8596,Jana,Simekova,806101/9276,Bardejov,707681,vydaty
8597,Martin,Fabian,681117/3687,Poprad,560483,slobodny
8598,Barbora,Kucerova,615906/8941,Presov,558464,vydaty
8599,Martin,Dvorak,671021/9771,Poprad,701326,slobodny
8600,Katerina,Kucerova,795410/3010,Zilina,315280,vydaty
8601,Jan,Kucera,821203/9204,Bardejov,625133,slobodny
8602,Petra,Kucerova,745919/6177,Zvolen,159192,vydaty
8603,Martin,Rusnak,731122/8768,Svidnik,428856,slobodny
8604,Simona,Predajnianska,606019/2161,Trnava,585266,vydaty
8605,Tomas,Urban,830213/2516,Tvrdosin,556551,slobodny
8606,Katerina,Bednarova,515519/6826,Senec,956165,vydaty
8607,Peter,Kubik,860217/8748,Bardejov,320634,slobodny
8608,Jana,Novakova,705212/5282,Tvrdosin,674884,vydaty
8609,Filip,Fabian,850607/3542,Bardejov,383163,slobodny
8610,Ivana,Bednarova,656103/4277,Komarno,643685,vydaty
8611,Juraj,Muska,810822/7341,Martin,678920,slobodny
8612,Veronika,Urbanova,836020/6894,Trencin,674105,vydaty
8613,Tomas,Cerny,620714/3844,Trnava,976228,slobodny
8614,Barbora,Horvathova,895813/9136,Zilina,772817,vydaty
8615,Richard,Muska,561204/9634,Nitra,115607,slobodny
8616,Barbora,Predajnianska,515302/1373,Levice,678425,vydaty
8617,Peter,Kucera,920822/9878,Nitra,827695,slobodny
8618,Simona,Cerna,985707/6604,Bardejov,459701,vydaty
8619,Tomas,Simek,780726/5266,Presov,516768,slobodny
8620,Jana,Vesela,895822/7594,Levice,916762,vydaty
8621,Richard,Vesely,590902/6759,Humenne,443264,slobodny
8622,Lucia,Rusnakova,775720/8774,Zilina,643432,vydaty
8623,Ondrej,Rusnak,990612/6556,Komarno,58604,slobodny
8624,Katerina,Cerna,525826/1364,Komarno,833219,vydaty
8625,Radoslav,Cerny,880904/5760,Humenne,560378,slobodny
8626,Katerina,Rusnakova,685722/7570,Tvrdosin,129942,vydaty
8627,Martin,Kucera,651107/2464,Senec,540386,slobodny
8628,Ivana,Simekova,925526/2911,Bratislava,50774,vydaty
8629,Filip,Kucera,530224/4444,Kosice,775258,slobodny
8630,Veronika,Simekova,565411/5177,Svidnik,470972,vydaty
8631,Martin,Fabian,960515/6635,Bratislava,557663,slobodny
8632,Ivana,Vargova,805524/3811,Bardejov,548605,vydaty
8633,Jan,Vesely,750216/8394,Kosice,152919,slobodny
8634,Veronika,Kubikova,586001/8931,Poprad,383286,vydaty
8635,Jan,Muska,590610/8628,Levice,461914,slobodny
8636,Veronika,Vargova,535628/4058,Trnava,528646,vydaty
8637,Tomas,Kucera,680122/7153,Bardejov,403652,slobodny
8638,Simona,Kucerova,835719/9544,Zvolen,886856,vydaty
8639,Jan,Cerny,821101/8236,Tvrdosin,977428,slobodny
8640,Barbora,Cerna,605401/2183,Snina,591536,vydaty
8641,Richard,Kucera,660228/9538,Bratislava,891960,slobodny
8642,Petra,Novakova,856223/1517,Humenne,166664,vydaty
8643,Ondrej,Muska,890302/6612,Presov,88452,slobodny
8644,Barbora,Muskova,655128/1400,Zilina,783043,vydaty
8645,Peter,Kubik,550416/6556,Zilina,58821,slobodny
8646,Ivana,Horvathova,965323/5898,Komarno,965968,vydaty
8647,Richard,Kubik,710615/5151,Martin,905466,slobodny
8648,Sandra,Vargova,525128/7568,Levice,76435,vydaty
8649,Jan,Urban,561209/7752,Presov,712744,slobodny
8650,Jana,Cerna,765313/1600,Martin,779752,vydaty
8651,Juraj,Simek,510723/4536,Trencin,223193,slobodny
8652,Simona,Predajnianska,866101/7263,Kosice,122564,vydaty
8653,Martin,Cerny,540804/2896,Poprad,819659,slobodny
8654,Barbora,Vargova,965215/2436,Zvolen,542846,vydaty
8655,Ondrej,Simek,640925/4016,Bardejov,251162,slobodny
8656,Barbora,Kucerova,986225/8274,Svidnik,209995,vydaty
8657,Jan,Predajniansky,670122/9733,Bardejov,225465,slobodny
8658,Lucia,Bednarova,945716/1354,Kosice,485642,vydaty
8659,Ondrej,Fabian,860905/5750,Svidnik,489744,slobodny
8660,Veronika,Kucerova,686027/4614,Bratislava,854323,vydaty
8661,Richard,Horvath,640618/6688,Bratislava,921282,slobodny
8662,Veronika,Fabianova,735823/2322,Martin,326991,vydaty
8663,Jan,Cerny,710908/2471,Bratislava,608353,slobodny
8664,Sandra,Markova,595109/1749,Bardejov,107900,vydaty
8665,Martin,Bednar,670209/8354,Zvolen,489547,slobodny
8666,Petra,Muskova,705322/2867,Trnava,468477,vydaty
8667,Martin,Bednar,600411/6929,Zvolen,429850,slobodny
8668,Barbora,Kucerova,736222/9561,Snina,80383,vydaty
8669,Radoslav,Marko,890816/2351,Kosice,102826,slobodny
8670,Sandra,Novakova,575522/6073,Poprad,827260,vydaty
8671,Ondrej,Fabian,720420/5215,Tvrdosin,308625,slobodny
8672,Ivana,Horvathova,685305/4828,Trnava,197134,vydaty
8673,Radoslav,Urban,750219/2121,Martin,331549,slobodny
8674,Lucia,Cerna,985914/7784,Martin,33927,vydaty
8675,Radoslav,Kubik,900614/4992,Trencin,180279,slobodny
8676,Ivana,Kubikova,945225/4568,Nitra,174536,vydaty
8677,Radoslav,Vesely,740104/6598,Humenne,687581,slobodny
8678,Sandra,Vesela,966003/5408,Senec,986232,vydaty
8679,Tomas,Fabian,940903/8585,Trencin,365461,slobodny
8680,Jana,Cerna,846113/9174,Kosice,83997,vydaty
8681,Marek,Kubik,641121/7603,Nitra,654976,slobodny
8682,Ivana,Markova,625926/2626,Komarno,125640,vydaty
8683,Richard,Fabian,510617/3095,Trnava,908293,slobodny
8684,Katerina,Fabianova,746125/7907,Trnava,852925,vydaty
8685,Filip,Kucera,900102/2361,Bardejov,437980,slobodny
8686,Jana,Kubikova,765622/5770,Zilina,622818,vydaty
8687,Peter,Dvorak,840207/1392,Tvrdosin,152720,slobodny
8688,Petra,Muskova,986107/7253,Zilina,205236,vydaty
8689,Richard,Marko,980222/6596,Zvolen,843260,slobodny
8690,Sandra,Novakova,935525/5917,Kosice,300479,vydaty
8691,Tomas,Kucera,950917/6062,Zilina,204965,slobodny
8692,Barbora,Vargova,875527/6807,Martin,718608,vydaty
8693,Peter,Kucera,950108/1261,Martin,122708,slobodny
8694,Petra,Kubikova,755106/1386,Snina,35727,vydaty
8695,Jan,Novak,920716/1275,Trencin,236032,slobodny
8696,Petra,Muskova,616004/8836,Presov,139747,vydaty
8697,Marek,Novak,550411/4124,Trnava,621389,slobodny
8698,Simona,Urbanova,585116/1927,Zvolen,95644,vydaty
8699,Peter,Cerny,580507/1850,Bardejov,13096,slobodny
8700,Ivana,Novakova,816026/2995,Snina,773272,vydaty
8701,Richard,Novak,750116/3409,Trnava,788825,slobodny
8702,Katerina,Bednarova,805902/9001,Zilina,319854,vydaty
8703,Filip,Marko,691012/4461,Poprad,486294,slobodny
8704,Ivana,Kubikova,556207/6947,Snina,146429,vydaty
8705,Richard,Kubik,561015/7829,Tvrdosin,243291,slobodny
8706,Petra,Urbanova,916009/6244,Trencin,31117,vydaty
8707,Peter,Novak,980902/9591,Poprad,662706,slobodny
8708,Sandra,Bednarova,645405/4492,Presov,238567,vydaty
8709,Juraj,Horvath,730527/7781,Senec,505988,slobodny
8710,Ivana,Kucerova,516204/4468,Presov,819213,vydaty
8711,Peter,Rusnak,980610/2489,Bardejov,844639,slobodny
8712,Zuzana,Vesela,556122/3302,Levice,809503,vydaty
8713,Ondrej,Fabian,960103/9300,Zvolen,192733,slobodny
8714,Veronika,Rusnakova,755216/4487,Zilina,921283,vydaty
8715,Peter,Cerny,790703/4398,Senec,200374,slobodny
8716,Simona,Markova,665711/1822,Humenne,859269,vydaty
8717,Peter,Kucera,610824/7029,Zilina,357499,slobodny
8718,Simona,Simekova,635704/9236,Nitra,249976,vydaty
8719,Marek,Simek,930502/3601,Presov,65531,slobodny
8720,Veronika,Predajnianska,786103/9272,Levice,941349,vydaty
8721,Marek,Cerny,970906/8261,Senec,728702,slobodny
8722,Jana,Rusnakova,885425/9197,Humenne,480834,vydaty
8723,Richard,Simek,740226/7796,Svidnik,525363,slobodny
8724,Lucia,Vesela,825502/4314,Tvrdosin,325848,vydaty
8725,Ondrej,Vesely,760406/4291,Zvolen,273537,slobodny
8726,Lucia,Muskova,666203/6728,Bratislava,662080,vydaty
8727,Radoslav,Horvath,700928/7173,Bardejov,192674,slobodny
8728,Sandra,Simekova,925814/9733,Tvrdosin,726166,vydaty
8729,Tomas,Marko,660324/8146,Tvrdosin,555249,slobodny
8730,Sandra,Bednarova,525320/7841,Martin,370945,vydaty
8731,Peter,Muska,660402/9921,Poprad,268165,slobodny
8732,Barbora,Vargova,776125/8676,Senec,802975,vydaty
8733,Filip,Horvath,840206/5936,Bratislava,916455,slobodny
8734,Petra,Vesela,555206/5046,Humenne,355759,vydaty
8735,Marek,Vesely,610814/1053,Martin,756310,slobodny
8736,Veronika,Urbanova,705911/4184,Bardejov,697655,vydaty
8737,Marek,Muska,591014/7963,Bratislava,63668,slobodny
8738,Lucia,Vesela,616010/6668,Snina,575648,vydaty
8739,Tomas,Kubik,570204/5598,Snina,781839,slobodny
8740,Simona,Urbanova,555105/6567,Nitra,63147,vydaty
8741,Radoslav,Vesely,760213/6856,Levice,609161,slobodny
8742,Jana,Vargova,595814/9727,Tvrdosin,436603,vydaty
8743,Radoslav,Muska,740322/3466,Senec,391506,slobodny
8744,Ivana,Horvathova,786028/5773,Kosice,901183,vydaty
8745,Richard,Predajniansky,650118/7340,Trencin,603676,slobodny
8746,Petra,Markova,985322/6832,Trnava,691450,vydaty
8747,Peter,Kubik,900306/3142,Trencin,819020,slobodny
8748,Lucia,Cerna,915421/6029,Bratislava,94177,vydaty
8749,Richard,Cerny,960525/1717,Kosice,745472,slobodny
8750,Zuzana,Simekova,525407/8839,Bratislava,370316,vydaty
8751,Filip,Kubik,870122/1495,Humenne,497830,slobodny
8752,Sandra,Simekova,535319/1715,Kosice,217517,vydaty
8753,Radoslav,Rusnak,550709/6014,Svidnik,259293,slobodny
8754,Veronika,Simekova,725418/4738,Zvolen,274918,vydaty
8755,Juraj,Bednar,670414/9289,Poprad,194336,slobodny
8756,Jana,Novakova,805110/7756,Presov,648805,vydaty
8757,Jan,Novak,901201/5080,Tvrdosin,238145,slobodny
8758,Ivana,Cerna,995510/8828,Poprad,683173,vydaty
8759,Tomas,Simek,941007/3981,Trnava,716405,slobodny
8760,Petra,Bednarova,975517/1694,Bardejov,158434,vydaty
8761,Jan,Predajniansky,550418/3337,Kosice,652859,slobodny
8762,Barbora,Markova,955702/4604,Levice,766267,vydaty
8763,Radoslav,Kucera,910725/6966,Snina,677874,slobodny
8764,Simona,Rusnakova,935822/6993,Snina,292180,vydaty
8765,Juraj,Cerny,991226/8980,Humenne,347798,slobodny
8766,Katerina,Muskova,535122/9666,Martin,253321,vydaty
8767,Radoslav,Marko,530725/4713,Senec,894227,slobodny
8768,Simona,Cerna,885715/4682,Kosice,195596,vydaty
8769,Ondrej,Vesely,911118/3060,Martin,350245,slobodny
8770,Barbora,Rusnakova,835201/8522,Bratislava,314522,vydaty
8771,Radoslav,Urban,961014/2016,Poprad,612817,slobodny
8772,Lucia,Kucerova,615404/3985,Trencin,563618,vydaty
8773,Juraj,Marko,551023/9313,Levice,474063,slobodny
8774,Petra,Vargova,735423/6209,Kosice,667525,vydaty
8775,Richard,Muska,930517/2076,Martin,892470,slobodny
8776,Veronika,Simekova,565214/3650,Humenne,820526,vydaty
8777,Jan,Vesely,590113/2158,Trnava,886648,slobodny
8778,Lucia,Rusnakova,715814/8212,Humenne,609933,vydaty
8779,Filip,Simek,990120/8561,Poprad,758129,slobodny
8780,Ivana,Cerna,716124/7435,Humenne,223147,vydaty
8781,Filip,Simek,921126/8867,Kosice,341945,slobodny
8782,Veronika,Predajnianska,685228/2718,Tvrdosin,107431,vydaty
8783,Marek,Predajniansky,610616/3242,Svidnik,625341,slobodny
8784,Sandra,Vesela,715813/9526,Presov,351129,vydaty
8785,Tomas,Predajniansky,890622/7867,Zvolen,628018,slobodny
8786,Barbora,Kucerova,985405/7977,Nitra,665017,vydaty
8787,Marek,Simek,970104/4699,Presov,329028,slobodny
8788,Jana,Fabianova,735717/5107,Komarno,252471,vydaty
8789,Jan,Cerny,810816/6163,Komarno,776472,slobodny
8790,Petra,Urbanova,615310/4414,Tvrdosin,411749,vydaty
8791,Jan,Horvath,740508/2689,Snina,709178,slobodny
8792,Lucia,Bednarova,576123/9811,Kosice,194008,vydaty
8793,Tomas,Horvath,580926/5405,Martin,178065,slobodny
8794,Lucia,Predajnianska,605116/5070,Levice,573481,vydaty
8795,Radoslav,Dvorak,691026/6961,Trencin,138002,slobodny
8796,Barbora,Urbanova,685316/9042,Zvolen,795127,vydaty
8797,Richard,Cerny,620504/8121,Nitra,61961,slobodny
8798,Ivana,Dvorakova,706219/9108,Trnava,177244,vydaty
8799,Marek,Simek,881114/9049,Trnava,49563,slobodny
8800,Barbora,Predajnianska,595621/3129,Poprad,842079,vydaty
8801,Peter,Dvorak,861207/2315,Senec,844833,slobodny
8802,Simona,Kubikova,815910/9375,Nitra,822969,vydaty
8803,Marek,Bednar,730127/8868,Kosice,456330,slobodny
8804,Katerina,Markova,515425/6269,Kosice,382101,vydaty
8805,Filip,Predajniansky,560316/4695,Svidnik,303247,slobodny
8806,Zuzana,Novakova,585319/9990,Humenne,12325,vydaty
8807,Peter,Dvorak,821216/1783,Zvolen,191426,slobodny
8808,Sandra,Markova,585726/1125,Komarno,580207,vydaty
8809,Richard,Cerny,920718/6834,Bardejov,248047,slobodny
8810,Ivana,Predajnianska,565412/6347,Levice,451601,vydaty
8811,Jan,Varga,770813/7677,Humenne,685404,slobodny
8812,Petra,Predajnianska,516113/1048,Poprad,627205,vydaty
8813,Martin,Fabian,860116/1102,Komarno,703968,slobodny
8814,Veronika,Muskova,625208/2366,Snina,15291,vydaty
8815,Tomas,Dvorak,810121/7226,Snina,584359,slobodny
8816,Veronika,Dvorakova,515321/7367,Senec,537409,vydaty
8817,Radoslav,Simek,760511/5923,Komarno,551795,slobodny
8818,Lucia,Muskova,825509/6544,Svidnik,691978,vydaty
8819,Martin,Horvath,900118/6561,Nitra,875536,slobodny
8820,Simona,Horvathova,775909/2438,Senec,19546,vydaty
8821,Martin,Kucera,520626/8608,Zilina,719390,slobodny
8822,Ivana,Muskova,925712/5633,Snina,945257,vydaty
8823,Radoslav,Bednar,511004/5638,Humenne,82935,slobodny
8824,Jana,Bednarova,616216/5324,Tvrdosin,110616,vydaty
8825,Jan,Muska,780417/5575,Tvrdosin,23704,slobodny
8826,Sandra,Fabianova,786020/2824,Poprad,389784,vydaty
8827,Jan,Horvath,960528/2331,Trnava,540390,slobodny
8828,Veronika,Dvorakova,546024/6778,Humenne,971540,vydaty
8829,Radoslav,Cerny,870416/6018,Martin,537757,slobodny
8830,Barbora,Fabianova,815206/1613,Zilina,97832,vydaty
8831,Juraj,Muska,800309/1444,Zilina,289542,slobodny
8832,Lucia,Cerna,945819/4741,Levice,977955,vydaty
8833,Jan,Simek,911107/2851,Svidnik,156024,slobodny
8834,Ivana,Bednarova,945107/2767,Tvrdosin,826657,vydaty
8835,Richard,Kubik,940925/4514,Martin,181056,slobodny
8836,Katerina,Kucerova,745524/3330,Bardejov,964139,vydaty
8837,Juraj,Urban,800417/2285,Presov,714038,slobodny
8838,Zuzana,Vesela,985228/8485,Presov,944008,vydaty
8839,Jan,Kubik,650909/8415,Presov,573971,slobodny
8840,Ivana,Vargova,675712/8626,Trencin,899333,vydaty
8841,Martin,Urban,961023/2278,Zilina,414727,slobodny
8842,Simona,Fabianova,645207/3861,Bratislava,278484,vydaty
8843,Filip,Fabian,530713/3170,Poprad,526814,slobodny
8844,Katerina,Cerna,785524/8478,Zilina,967252,vydaty
8845,Peter,Fabian,920521/1916,Poprad,196733,slobodny
8846,Veronika,Cerna,695202/1562,Komarno,245047,vydaty
8847,Martin,Kubik,941023/9313,Bardejov,311433,slobodny
8848,Zuzana,Markova,876008/1386,Bratislava,517573,vydaty
8849,Juraj,Horvath,740204/5834,Svidnik,512481,slobodny
8850,Katerina,Bednarova,806007/1035,Tvrdosin,987757,vydaty
8851,Marek,Varga,650711/6279,Trnava,151235,slobodny
8852,Sandra,Urbanova,695106/6871,Martin,948133,vydaty
8853,Martin,Muska,730222/1516,Levice,998168,slobodny
8854,Katerina,Muskova,555421/4394,Presov,767216,vydaty
8855,Jan,Bednar,600709/6330,Poprad,328316,slobodny
8856,Lucia,Horvathova,985227/4664,Trnava,141443,vydaty
8857,Martin,Fabian,890504/5099,Zvolen,76238,slobodny
8858,Simona,Simekova,806102/9125,Presov,652807,vydaty
8859,Ondrej,Urban,840510/2022,Trencin,494428,slobodny
8860,Ivana,Urbanova,805620/8215,Bardejov,220069,vydaty
8861,Filip,Horvath,670422/5488,Nitra,695557,slobodny
8862,Veronika,Cerna,785423/6021,Presov,880474,vydaty
8863,Martin,Simek,960616/5471,Kosice,35001,slobodny
8864,Veronika,Rusnakova,746109/7888,Martin,765859,vydaty
8865,Tomas,Kubik,990522/7250,Senec,50983,slobodny
8866,Petra,Cerna,765806/1065,Trencin,765242,vydaty
8867,Tomas,Novak,981014/8131,Kosice,769937,slobodny
8868,Petra,Simekova,876210/2190,Komarno,666355,vydaty
8869,Radoslav,Marko,790901/9372,Levice,633179,slobodny
8870,Petra,Bednarova,606117/3363,Komarno,426017,vydaty
8871,Martin,Marko,840303/7326,Humenne,836099,slobodny
8872,Petra,Predajnianska,986115/8014,Zilina,357273,vydaty
8873,Tomas,Rusnak,680313/9923,Nitra,274656,slobodny
8874,Katerina,Novakova,825528/9952,Kosice,686512,vydaty
8875,Jan,Muska,830812/2783,Tvrdosin,285061,slobodny
8876,Jana,Urbanova,935626/8111,Svidnik,224355,vydaty
8877,Marek,Urban,611102/9833,Bratislava,391363,slobodny
8878,Sandra,Horvathova,946203/8405,Svidnik,763452,vydaty
8879,Tomas,Rusnak,870122/8902,Tvrdosin,518721,slobodny
8880,Ivana,Fabianova,815311/8876,Bardejov,187442,vydaty
8881,Richard,Urban,591115/2031,Trnava,237703,slobodny
8882,Barbora,Dvorakova,816128/9588,Senec,423326,vydaty
8883,Peter,Dvorak,840304/1450,Presov,773643,slobodny
8884,Sandra,Horvathova,725102/2361,Zvolen,758310,vydaty
8885,Martin,Varga,770718/3111,Bardejov,352749,slobodny
8886,Jana,Dvorakova,915508/9073,Snina,163834,vydaty
8887,Juraj,Kubik,761206/4186,Komarno,92137,slobodny
8888,Barbora,Urbanova,735326/3679,Nitra,591962,vydaty
8889,Martin,Urban,540626/3066,Trencin,488797,slobodny
8890,Jana,Horvathova,556114/6839,Komarno,466396,vydaty
8891,Ondrej,Predajniansky,630905/8352,Svidnik,14755,slobodny
8892,Jana,Vargova,825125/5050,Zilina,743827,vydaty
8893,Richard,Simek,810121/4433,Trnava,997412,slobodny
8894,Jana,Markova,785805/6700,Senec,919184,vydaty
8895,Filip,Predajniansky,780716/4136,Svidnik,53203,slobodny
8896,Veronika,Novakova,575225/1345,Humenne,984074,vydaty
8897,Radoslav,Dvorak,971220/8203,Poprad,485124,slobodny
8898,Simona,Horvathova,785310/6220,Svidnik,114361,vydaty
8899,Filip,Novak,750711/5568,Tvrdosin,171657,slobodny
8900,Veronika,Simekova,885422/8364,Martin,568270,vydaty
8901,Marek,Cerny,721221/1527,Poprad,997637,slobodny
8902,Veronika,Kucerova,845803/3886,Senec,939034,vydaty
8903,Ondrej,Dvorak,680624/9724,Komarno,643634,slobodny
8904,Simona,Kucerova,595923/1309,Humenne,789856,vydaty
8905,Peter,Cerny,580319/9994,Svidnik,941580,slobodny
8906,Jana,Novakova,706228/6167,Martin,451718,vydaty
8907,Tomas,Novak,991005/6188,Trencin,345082,slobodny
8908,Veronika,Cerna,586009/2744,Snina,566535,vydaty
8909,Radoslav,Varga,660316/4082,Bardejov,788028,slobodny
8910,Veronika,Cerna,885326/8752,Kosice,443930,vydaty
8911,Tomas,Horvath,870203/4053,Martin,824902,slobodny
8912,Veronika,Predajnianska,645519/1968,Levice,987679,vydaty
8913,Martin,Novak,670508/2168,Kosice,588743,slobodny
8914,Katerina,Simekova,885823/1774,Levice,200485,vydaty
8915,Marek,Kucera,691012/1251,Poprad,954839,slobodny
8916,Katerina,Horvathova,605401/8491,Martin,870533,vydaty
8917,Marek,Simek,580303/4124,Bardejov,683161,slobodny
8918,Jana,Dvorakova,765811/7649,Trencin,808292,vydaty
8919,Marek,Kubik,771221/4074,Zilina,69178,slobodny
8920,Veronika,Rusnakova,885825/6747,Levice,831821,vydaty
8921,Filip,Cerny,970622/3653,Trencin,663195,slobodny
8922,Barbora,Vesela,626014/9769,Nitra,256245,vydaty
8923,Filip,Kucera,990913/6309,Martin,933894,slobodny
8924,Lucia,Novakova,705507/3707,Svidnik,584473,vydaty
8925,Ondrej,Urban,890617/7269,Martin,522954,slobodny
8926,Petra,Muskova,895813/5367,Levice,257067,vydaty
8927,Richard,Simek,530317/7435,Poprad,453153,slobodny
8928,Veronika,Markova,875407/4842,Senec,578040,vydaty
8929,Jan,Cerny,781026/7570,Komarno,131674,slobodny
8930,Zuzana,Kubikova,755906/8319,Zilina,47393,vydaty
8931,Ondrej,Cerny,810414/3721,Senec,99970,slobodny
8932,Lucia,Cerna,585527/3102,Poprad,62715,vydaty
8933,Ondrej,Rusnak,730308/1911,Trencin,362115,slobodny
8934,Veronika,Bednarova,595718/9767,Zilina,914395,vydaty
8935,Richard,Rusnak,751109/8617,Bratislava,600355,slobodny
8936,Sandra,Vargova,815223/4469,Trencin,331525,vydaty
8937,Juraj,Kucera,891211/4774,Kosice,652800,slobodny
8938,Jana,Muskova,855125/2188,Snina,529693,vydaty
8939,Martin,Rusnak,970427/3610,Levice,687359,slobodny
8940,Simona,Fabianova,785211/2287,Nitra,209157,vydaty
8941,Jan,Novak,840603/1072,Martin,614121,slobodny
8942,Zuzana,Muskova,865115/5562,Bardejov,238100,vydaty
8943,Juraj,Horvath,720408/5514,Snina,206840,slobodny
8944,Katerina,Vesela,975812/9516,Humenne,445635,vydaty
8945,Tomas,Dvorak,580610/7753,Zilina,418643,slobodny
8946,Barbora,Novakova,515104/9276,Tvrdosin,300853,vydaty
8947,Filip,Dvorak,911128/6722,Trnava,967208,slobodny
8948,Jana,Muskova,786015/3790,Martin,516844,vydaty
8949,Juraj,Predajniansky,910818/1412,Svidnik,951569,slobodny
8950,Katerina,Rusnakova,925401/6467,Svidnik,387492,vydaty
8951,Martin,Novak,530815/9837,Nitra,161444,slobodny
8952,Veronika,Predajnianska,526012/7320,Levice,621537,vydaty
8953,Richard,Fabian,740203/6487,Levice,362213,slobodny
8954,Katerina,Vargova,555201/4699,Martin,309689,vydaty
8955,Peter,Muska,840612/8933,Zvolen,16199,slobodny
8956,Veronika,Horvathova,526018/2176,Zilina,662613,vydaty
8957,Ondrej,Rusnak,550209/2077,Zvolen,12489,slobodny
8958,Lucia,Novakova,886104/9443,Humenne,261731,vydaty
8959,Jan,Rusnak,830216/1370,Nitra,678422,slobodny
8960,Barbora,Rusnakova,785525/8738,Levice,774355,vydaty
8961,Marek,Dvorak,940214/7438,Senec,88562,slobodny
8962,Simona,Kucerova,945101/2947,Trencin,907756,vydaty
8963,Marek,Bednar,590120/5075,Komarno,358706,slobodny
8964,Sandra,Bednarova,585708/8737,Humenne,925810,vydaty
8965,Filip,Marko,610322/6378,Zvolen,395860,slobodny
8966,Veronika,Markova,625619/3483,Presov,821395,vydaty
8967,Richard,Horvath,960101/2533,Trencin,284449,slobodny
8968,Jana,Simekova,865719/4041,Trencin,240954,vydaty
8969,Richard,Urban,841005/2516,Senec,77461,slobodny
8970,Simona,Bednarova,995708/8418,Trencin,674529,vydaty
8971,Tomas,Rusnak,650505/2933,Tvrdosin,271687,slobodny
8972,Sandra,Fabianova,815924/2617,Zvolen,248519,vydaty
8973,Tomas,Bednar,560217/2036,Presov,607970,slobodny
8974,Zuzana,Predajnianska,656004/6134,Levice,98814,vydaty
8975,Peter,Rusnak,621113/4287,Komarno,809657,slobodny
8976,Simona,Horvathova,945419/1869,Zvolen,186236,vydaty
8977,Tomas,Marko,681006/8031,Poprad,369719,slobodny
8978,Ivana,Rusnakova,915614/5599,Trencin,475525,vydaty
8979,Ondrej,Dvorak,980713/4924,Presov,605187,slobodny
8980,Jana,Simekova,625809/3734,Komarno,288161,vydaty
8981,Marek,Simek,561121/2414,Zilina,843383,slobodny
8982,Lucia,Vesela,595825/2409,Poprad,226975,vydaty
8983,Tomas,Horvath,730204/4168,Komarno,270547,slobodny
8984,Zuzana,Rusnakova,605912/8152,Poprad,215961,vydaty
8985,Ondrej,Horvath,581123/3614,Levice,490756,slobodny
8986,Jana,Markova,605311/6177,Martin,631967,vydaty
8987,Richard,Simek,700904/1806,Kosice,903172,slobodny
8988,Sandra,Urbanova,906110/6861,Kosice,484570,vydaty
8989,Radoslav,Dvorak,590228/2294,Presov,33914,slobodny
8990,Zuzana,Kubikova,996006/9790,Martin,18880,vydaty
8991,Juraj,Dvorak,991126/7175,Humenne,587905,slobodny
8992,Katerina,Cerna,815301/1583,Bardejov,372610,vydaty
8993,Peter,Horvath,710317/1584,Presov,336399,slobodny
8994,Veronika,Cerna,805720/3584,Komarno,735471,vydaty
8995,Richard,Vesely,780102/8221,Poprad,987320,slobodny
8996,Simona,Rusnakova,795214/6928,Trencin,753055,vydaty
8997,Jan,Fabian,600714/6703,Tvrdosin,959435,slobodny
8998,Lucia,Dvorakova,855620/4356,Svidnik,506769,vydaty
8999,Tomas,Simek,861217/2008,Humenne,344636,slobodny
9000,Sandra,Cerna,945522/2666,Martin,926767,vydaty
9001,Filip,Kubik,660213/5618,Zvolen,847892,slobodny
9002,Barbora,Horvathova,815714/5442,Presov,310874,vydaty
9003,Peter,Novak,730710/7637,Zvolen,923136,slobodny
9004,Zuzana,Simekova,725309/3069,Tvrdosin,428735,vydaty
9005,Richard,Marko,820716/4940,Martin,116970,slobodny
9006,Veronika,Cerna,515521/5932,Bardejov,456397,vydaty
9007,Richard,Novak,641011/5147,Bratislava,975134,slobodny
9008,Lucia,Rusnakova,925528/7288,Trnava,772312,vydaty
9009,Jan,Varga,580716/4131,Bardejov,999185,slobodny
9010,Zuzana,Simekova,605527/8503,Senec,181369,vydaty
9011,Juraj,Novak,820428/9624,Snina,204319,slobodny
9012,Jana,Novakova,585924/7285,Levice,325804,vydaty
9013,Martin,Varga,510519/9796,Humenne,552170,slobodny
9014,Katerina,Dvorakova,576010/1610,Svidnik,883918,vydaty
9015,Juraj,Horvath,670627/7128,Kosice,581474,slobodny
9016,Jana,Horvathova,545618/2002,Senec,460791,vydaty
9017,Radoslav,Simek,520117/2580,Martin,840563,slobodny
9018,Veronika,Markova,526110/1999,Snina,920833,vydaty
9019,Tomas,Varga,980818/6583,Poprad,328871,slobodny
9020,Sandra,Fabianova,845404/9395,Zilina,163135,vydaty
9021,Richard,Kucera,590213/4975,Levice,245645,slobodny
9022,Jana,Kucerova,545216/8072,Tvrdosin,635162,vydaty
9023,Peter,Bednar,851014/3279,Levice,772783,slobodny
9024,Jana,Kubikova,595216/3517,Kosice,21836,vydaty
9025,Juraj,Muska,850101/4686,Zvolen,482027,slobodny
9026,Petra,Muskova,586208/8189,Humenne,105027,vydaty
9027,Ondrej,Fabian,650707/3867,Poprad,487447,slobodny
9028,Jana,Dvorakova,935123/9480,Poprad,615819,vydaty
9029,Richard,Urban,840203/1523,Humenne,539250,slobodny
9030,Sandra,Vargova,705801/7066,Bardejov,233018,vydaty
9031,Richard,Marko,770528/3641,Tvrdosin,292296,slobodny
9032,Simona,Rusnakova,906228/9724,Kosice,496676,vydaty
9033,Juraj,Muska,930714/5398,Komarno,43502,slobodny
9034,Zuzana,Kucerova,565620/5047,Levice,720616,vydaty
9035,Ondrej,Horvath,941226/1056,Levice,213592,slobodny
9036,Sandra,Novakova,885407/8088,Presov,202716,vydaty
9037,Radoslav,Dvorak,510728/6118,Poprad,350719,slobodny
9038,Barbora,Predajnianska,545602/6688,Presov,175038,vydaty
9039,Tomas,Kubik,890228/7677,Bratislava,746476,slobodny
9040,Jana,Muskova,756113/2838,Snina,524623,vydaty
9041,Martin,Bednar,860607/4400,Presov,774186,slobodny
9042,Barbora,Predajnianska,665427/6450,Zvolen,992135,vydaty
9043,Filip,Kucera,650211/6818,Kosice,649427,slobodny
9044,Katerina,Fabianova,665226/6115,Nitra,419545,vydaty
9045,Peter,Rusnak,530501/4182,Trencin,13301,slobodny
9046,Barbora,Kubikova,975728/9644,Komarno,361693,vydaty
9047,Juraj,Varga,770428/5276,Poprad,108599,slobodny
9048,Veronika,Kucerova,676008/1170,Kosice,887843,vydaty
9049,Ondrej,Kucera,630701/8723,Senec,897688,slobodny
9050,Lucia,Urbanova,666222/7614,Presov,814406,vydaty
9051,Tomas,Fabian,981211/5589,Bardejov,339187,slobodny
9052,Veronika,Cerna,956211/6493,Zilina,971556,vydaty
9053,Marek,Fabian,760118/3355,Senec,865858,slobodny
9054,Petra,Bednarova,655121/2272,Nitra,863524,vydaty
9055,Juraj,Vesely,940904/6742,Levice,582384,slobodny
9056,Ivana,Vesela,746123/1999,Snina,728602,vydaty
9057,Peter,Urban,760125/9153,Bratislava,874769,slobodny
9058,Jana,Rusnakova,585302/2764,Levice,170698,vydaty
9059,Martin,Novak,510311/7610,Trencin,25224,slobodny
9060,Lucia,Horvathova,586109/3555,Tvrdosin,202953,vydaty
9061,Filip,Dvorak,750820/4163,Nitra,357673,slobodny
9062,Petra,Horvathova,805525/2043,Snina,383295,vydaty
9063,Peter,Muska,780920/2454,Kosice,513950,slobodny
9064,Ivana,Muskova,846203/5676,Snina,453005,vydaty
9065,Martin,Fabian,690314/7758,Zvolen,337421,slobodny
9066,Simona,Predajnianska,735523/9949,Trnava,171866,vydaty
9067,Jan,Simek,560803/8045,Bratislava,764310,slobodny
9068,Katerina,Simekova,945113/5730,Levice,566741,vydaty
9069,Filip,Predajniansky,680826/7576,Svidnik,782751,slobodny
9070,Petra,Dvorakova,855226/7414,Trnava,426904,vydaty
9071,Richard,Fabian,961214/8875,Levice,393482,slobodny
9072,Lucia,Kucerova,805601/3151,Humenne,166574,vydaty
9073,Filip,Simek,940513/1705,Presov,317938,slobodny
9074,Veronika,Vesela,895702/9986,Kosice,398952,vydaty
9075,Filip,Dvorak,920909/7879,Bardejov,421594,slobodny
9076,Lucia,Horvathova,695102/2702,Poprad,698322,vydaty
9077,Marek,Horvath,660218/1437,Tvrdosin,377958,slobodny
9078,Jana,Vesela,856128/6648,Komarno,838756,vydaty
9079,Tomas,Urban,680125/2642,Levice,952416,slobodny
9080,Jana,Kucerova,785320/6387,Trencin,829456,vydaty
9081,Juraj,Novak,961019/7000,Presov,234059,slobodny
9082,Jana,Vesela,585420/4697,Senec,191407,vydaty
9083,Jan,Bednar,670825/1607,Komarno,951001,slobodny
9084,Veronika,Predajnianska,915910/8823,Levice,431788,vydaty
9085,Peter,Urban,860518/6939,Martin,150182,slobodny
9086,Barbora,Bednarova,885314/5674,Nitra,61381,vydaty
9087,Filip,Muska,981123/9325,Svidnik,693085,slobodny
9088,Jana,Muskova,865518/1751,Poprad,388025,vydaty
9089,Peter,Marko,910723/2283,Svidnik,279045,slobodny
9090,Jana,Kubikova,596026/5016,Zvolen,961788,vydaty
9091,Filip,Vesely,580202/2841,Bratislava,455513,slobodny
9092,Veronika,Kucerova,825119/5807,Martin,805079,vydaty
9093,Richard,Predajniansky,520201/5810,Trencin,44942,slobodny
9094,Jana,Cerna,546014/3488,Senec,87294,vydaty
9095,Marek,Muska,990711/6128,Zilina,839655,slobodny
9096,Petra,Vesela,965117/7181,Zilina,899114,vydaty
9097,Juraj,Novak,711018/4760,Levice,381342,slobodny
9098,Zuzana,Kucerova,615410/3972,Svidnik,785123,vydaty
9099,Filip,Predajniansky,600109/5554,Trnava,551266,slobodny
9100,Veronika,Urbanova,516014/1022,Zilina,115163,vydaty
9101,Richard,Cerny,670508/9661,Svidnik,61321,slobodny
9102,Veronika,Fabianova,946210/3320,Humenne,447527,vydaty
9103,Tomas,Simek,591001/9747,Snina,202748,slobodny
9104,Zuzana,Predajnianska,515525/6248,Bratislava,203266,vydaty
9105,Radoslav,Horvath,850615/9287,Trnava,475464,slobodny
9106,Zuzana,Urbanova,976002/7640,Poprad,971206,vydaty
9107,Martin,Kucera,860927/4711,Poprad,67840,slobodny
9108,Veronika,Kubikova,525704/3107,Bratislava,181865,vydaty
9109,Marek,Rusnak,920608/7964,Zvolen,96278,slobodny
9110,Jana,Muskova,595720/3044,Presov,222342,vydaty
9111,Ondrej,Muska,930816/7173,Senec,188233,slobodny
9112,Simona,Kucerova,545615/3520,Zilina,263765,vydaty
9113,Radoslav,Fabian,800918/7429,Nitra,516066,slobodny
9114,Petra,Urbanova,565524/7078,Komarno,576211,vydaty
9115,Juraj,Bednar,970811/4785,Zvolen,614788,slobodny
9116,Katerina,Kucerova,905522/7167,Kosice,513864,vydaty
9117,Marek,Muska,730324/7838,Bardejov,809407,slobodny
9118,Sandra,Kucerova,755811/8551,Bratislava,606687,vydaty
9119,Peter,Kubik,740823/7709,Tvrdosin,414978,slobodny
9120,Ivana,Markova,595909/9959,Levice,785457,vydaty
9121,Peter,Cerny,951017/9921,Humenne,461763,slobodny
9122,Ivana,Bednarova,865218/7139,Presov,738123,vydaty
9123,Richard,Dvorak,590211/3697,Bardejov,773329,slobodny
9124,Zuzana,Muskova,675117/8715,Svidnik,787625,vydaty
9125,Martin,Cerny,820622/5035,Senec,562207,slobodny
9126,Zuzana,Urbanova,605815/8138,Zvolen,35758,vydaty
9127,Radoslav,Novak,660401/1667,Martin,598101,slobodny
9128,Barbora,Vesela,555413/7765,Trnava,467441,vydaty
9129,Ondrej,Rusnak,850928/6410,Levice,732014,slobodny
9130,Barbora,Muskova,735506/4285,Nitra,928393,vydaty
9131,Marek,Novak,920903/5953,Presov,567853,slobodny
9132,Sandra,Vargova,965606/9980,Trnava,557880,vydaty
9133,Martin,Marko,631128/8138,Trnava,613163,slobodny
9134,Barbora,Kucerova,766008/5109,Tvrdosin,664555,vydaty
9135,Peter,Kubik,650926/5403,Bratislava,165947,slobodny
9136,Sandra,Cerna,666207/6048,Trencin,890111,vydaty
9137,Filip,Bednar,631212/2427,Bratislava,474197,slobodny
9138,Petra,Muskova,705904/9325,Levice,500979,vydaty
9139,Ondrej,Simek,850320/4042,Bardejov,458678,slobodny
9140,Jana,Dvorakova,846213/2442,Snina,605322,vydaty
9141,Marek,Rusnak,681009/6985,Levice,551657,slobodny
9142,Petra,Muskova,716024/3034,Presov,647351,vydaty
9143,Jan,Rusnak,730604/6225,Levice,742824,slobodny
9144,Simona,Vargova,665522/3060,Presov,680184,vydaty
9145,Ondrej,Fabian,580810/5829,Trencin,607873,slobodny
9146,Simona,Cerna,995924/9179,Nitra,64430,vydaty
9147,Filip,Novak,770604/4170,Trnava,165839,slobodny
9148,Zuzana,Novakova,645804/3791,Svidnik,671173,vydaty
9149,Marek,Dvorak,721010/3381,Poprad,522019,slobodny
9150,Petra,Rusnakova,755113/2216,Zilina,109626,vydaty
9151,Juraj,Horvath,970119/6941,Komarno,170912,slobodny
9152,Veronika,Bednarova,955310/4901,Trnava,142671,vydaty
9153,Radoslav,Urban,810510/6257,Snina,112215,slobodny
9154,Barbora,Predajnianska,736009/7945,Trnava,532931,vydaty
9155,Tomas,Muska,600223/3295,Komarno,712336,slobodny
9156,Barbora,Cerna,765316/1607,Snina,571023,vydaty
9157,Ondrej,Urban,820702/1629,Bardejov,838426,slobodny
9158,Veronika,Kubikova,665105/3817,Trencin,178044,vydaty
9159,Jan,Predajniansky,821102/8266,Komarno,250687,slobodny
9160,Katerina,Predajnianska,536116/3003,Martin,196336,vydaty
9161,Radoslav,Kubik,780717/2745,Svidnik,735516,slobodny
9162,Zuzana,Cerna,515706/4608,Kosice,631842,vydaty
9163,Ondrej,Predajniansky,621216/1888,Komarno,587954,slobodny
9164,Petra,Kucerova,945914/4017,Komarno,952832,vydaty
9165,Marek,Urban,550425/9158,Zvolen,941899,slobodny
9166,Zuzana,Markova,735907/2669,Svidnik,178380,vydaty
9167,Filip,Kucera,580425/6581,Tvrdosin,591687,slobodny
9168,Petra,Vesela,685910/5889,Presov,692171,vydaty
9169,Tomas,Cerny,931119/3657,Kosice,213875,slobodny
9170,Simona,Dvorakova,755406/1199,Kosice,472906,vydaty
9171,Martin,Urban,880915/1301,Zvolen,945903,slobodny
9172,Veronika,Predajnianska,745816/3539,Poprad,54810,vydaty
9173,Juraj,Marko,871213/9062,Poprad,555969,slobodny
9174,Ivana,Cerna,946001/7799,Poprad,772242,vydaty
9175,Filip,Varga,930311/3884,Komarno,754641,slobodny
9176,Katerina,Urbanova,655509/7719,Komarno,449620,vydaty
9177,Marek,Predajniansky,930909/3489,Zvolen,658059,slobodny
9178,Lucia,Vargova,986215/4835,Bratislava,45985,vydaty
9179,Filip,Kubik,621118/7862,Trnava,33613,slobodny
9180,Barbora,Cerna,745402/9479,Poprad,658517,vydaty
9181,Marek,Kucera,900825/6496,Zvolen,36841,slobodny
9182,Lucia,Urbanova,845601/8317,Kosice,955323,vydaty
9183,Richard,Bednar,660423/6793,Presov,10014,slobodny
9184,Barbora,Vesela,725113/3513,Tvrdosin,26389,vydaty
9185,Richard,Fabian,750823/1009,Zilina,141077,slobodny
9186,Zuzana,Dvorakova,856101/8571,Zvolen,237388,vydaty
9187,Tomas,Novak,541112/8287,Martin,22180,slobodny
9188,Simona,Kubikova,855326/6876,Levice,484384,vydaty
9189,Radoslav,Varga,910801/1649,Nitra,90258,slobodny
9190,Barbora,Dvorakova,765120/8389,Presov,87625,vydaty
9191,Jan,Marko,980125/9483,Bratislava,754788,slobodny
9192,Jana,Urbanova,745701/7231,Tvrdosin,574096,vydaty
9193,Tomas,Novak,820925/3971,Levice,770277,slobodny
9194,Simona,Novakova,515318/9562,Tvrdosin,536683,vydaty
9195,Peter,Predajniansky,730613/3562,Bratislava,915768,slobodny
9196,Katerina,Urbanova,806125/7681,Poprad,779446,vydaty
9197,Filip,Muska,881108/8494,Trnava,210480,slobodny
9198,Zuzana,Kubikova,515816/2640,Trnava,151570,vydaty
9199,Richard,Novak,990106/4673,Bratislava,762304,slobodny
9200,Simona,Dvorakova,645623/4195,Bratislava,197192,vydaty
9201,Ondrej,Urban,720516/1532,Bratislava,773557,slobodny
9202,Sandra,Cerna,975627/4628,Bardejov,43427,vydaty
9203,Martin,Kubik,620204/6423,Komarno,582029,slobodny
9204,Jana,Muskova,645319/1062,Senec,321703,vydaty
9205,Juraj,Rusnak,931026/9466,Nitra,84542,slobodny
9206,Veronika,Cerna,885714/9168,Komarno,410875,vydaty
9207,Ondrej,Predajniansky,540620/1595,Presov,530255,slobodny
9208,Petra,Horvathova,915720/2617,Martin,10406,vydaty
9209,Ondrej,Bednar,800205/4015,Nitra,789771,slobodny
9210,Ivana,Horvathova,956222/3752,Nitra,149368,vydaty
9211,Juraj,Varga,761002/7516,Poprad,258362,slobodny
9212,Petra,Novakova,625611/9884,Kosice,325994,vydaty
9213,Richard,Urban,750927/6458,Nitra,362632,slobodny
9214,Veronika,Simekova,636120/2383,Komarno,21606,vydaty
9215,Tomas,Rusnak,770217/6996,Zilina,919929,slobodny
9216,Sandra,Fabianova,755326/9117,Poprad,518254,vydaty
9217,Richard,Kubik,621109/2382,Nitra,458592,slobodny
9218,Ivana,Dvorakova,695705/9049,Komarno,782239,vydaty
9219,Radoslav,Simek,770607/4807,Levice,798697,slobodny
9220,Zuzana,Markova,595621/1314,Bratislava,875240,vydaty
9221,Radoslav,Horvath,510708/4346,Trnava,821876,slobodny
9222,Jana,Rusnakova,735817/1239,Zilina,738581,vydaty
9223,Filip,Muska,710214/6577,Poprad,706683,slobodny
9224,Zuzana,Kucerova,565605/4998,Tvrdosin,320954,vydaty
9225,Juraj,Predajniansky,720312/7756,Trnava,68795,slobodny
9226,Simona,Novakova,875520/3981,Bardejov,567569,vydaty
9227,Tomas,Vesely,980726/4773,Martin,140037,slobodny
9228,Zuzana,Fabianova,906017/2104,Poprad,63834,vydaty
9229,Tomas,Horvath,580813/1745,Svidnik,297085,slobodny
9230,Ivana,Fabianova,936012/4290,Bratislava,384805,vydaty
9231,Peter,Muska,761006/5147,Trnava,33838,slobodny
9232,Petra,Predajnianska,755603/8027,Svidnik,445763,vydaty
9233,Filip,Bednar,600224/1452,Nitra,298517,slobodny
9234,Sandra,Muskova,515925/3313,Presov,354969,vydaty
9235,Martin,Muska,930816/8472,Zilina,986412,slobodny
9236,Barbora,Fabianova,965905/1934,Tvrdosin,742746,vydaty
9237,Filip,Marko,961214/4471,Snina,162008,slobodny
9238,Veronika,Rusnakova,915522/8864,Snina,814956,vydaty
9239,Marek,Muska,871015/4317,Poprad,637342,slobodny
9240,Petra,Kubikova,695821/3326,Kosice,446112,vydaty
9241,Jan,Vesely,871011/8945,Levice,217635,slobodny
9242,Jana,Kubikova,695227/9689,Poprad,589402,vydaty
9243,Juraj,Urban,690722/7272,Humenne,481546,slobodny
9244,Simona,Simekova,915525/9384,Bratislava,142462,vydaty
9245,Marek,Horvath,970923/5739,Tvrdosin,477079,slobodny
9246,Katerina,Dvorakova,915611/9038,Senec,743664,vydaty
9247,Peter,Predajniansky,831003/4126,Komarno,788874,slobodny
9248,Ivana,Urbanova,635114/9800,Martin,60835,vydaty
9249,Radoslav,Bednar,860228/9778,Bardejov,115203,slobodny
9250,Ivana,Cerna,545108/5321,Trencin,787212,vydaty
9251,Jan,Vesely,880314/3908,Trnava,282399,slobodny
9252,Petra,Rusnakova,765526/5248,Bardejov,785547,vydaty
9253,Filip,Cerny,850927/9108,Senec,79577,slobodny
9254,Katerina,Predajnianska,905119/5144,Trencin,378084,vydaty
9255,Martin,Bednar,910810/7201,Levice,488907,slobodny
9256,Sandra,Dvorakova,825807/8448,Senec,983823,vydaty
9257,Jan,Horvath,740809/5638,Tvrdosin,532726,slobodny
9258,Simona,Simekova,795116/2144,Zilina,976106,vydaty
9259,Juraj,Predajniansky,670615/4668,Bardejov,24001,slobodny
9260,Veronika,Vesela,895721/7613,Snina,792176,vydaty
9261,Jan,Muska,921021/9595,Trnava,691379,slobodny
9262,Zuzana,Dvorakova,565207/3419,Svidnik,535981,vydaty
9263,Juraj,Muska,640210/7257,Zvolen,390452,slobodny
9264,Barbora,Simekova,765901/1385,Nitra,574779,vydaty
9265,Radoslav,Marko,580410/5991,Humenne,256036,slobodny
9266,Ivana,Vargova,656228/5788,Poprad,151037,vydaty
9267,Jan,Predajniansky,510525/6268,Zilina,684430,slobodny
9268,Zuzana,Dvorakova,795107/3246,Bratislava,842954,vydaty
9269,Richard,Cerny,800816/3421,Snina,468367,slobodny
9270,Ivana,Urbanova,676026/5149,Tvrdosin,978578,vydaty
9271,Ondrej,Fabian,531224/2128,Poprad,586690,slobodny
9272,Simona,Horvathova,745410/7160,Bardejov,354881,vydaty
9273,Juraj,Vesely,611015/3609,Bardejov,724026,slobodny
9274,Petra,Kucerova,665118/4992,Trencin,655889,vydaty
9275,Tomas,Novak,620214/5636,Zilina,374731,slobodny
9276,Lucia,Fabianova,795915/8309,Poprad,21479,vydaty
9277,Peter,Predajniansky,950316/7263,Levice,331202,slobodny
9278,Zuzana,Bednarova,905405/4437,Komarno,319116,vydaty
9279,Peter,Muska,531102/2440,Trencin,51742,slobodny
9280,Katerina,Fabianova,735828/1906,Zilina,305241,vydaty
9281,Martin,Predajniansky,781127/1641,Bratislava,917642,slobodny
9282,Veronika,Urbanova,615523/8000,Bratislava,287975,vydaty
9283,Tomas,Kubik,970716/6385,Tvrdosin,392123,slobodny
9284,Jana,Simekova,635204/9797,Presov,658000,vydaty
9285,Filip,Kucera,961208/1981,Presov,227655,slobodny
9286,Jana,Vesela,865510/4265,Humenne,630612,vydaty
9287,Radoslav,Predajniansky,740624/4055,Senec,729611,slobodny
9288,Zuzana,Vesela,615302/5394,Humenne,855263,vydaty
9289,Martin,Novak,810117/6540,Levice,368034,slobodny
9290,Simona,Predajnianska,815724/7120,Snina,184333,vydaty
9291,Tomas,Marko,691028/1272,Presov,467630,slobodny
9292,Lucia,Predajnianska,975803/7291,Nitra,783260,vydaty
9293,Ondrej,Muska,570425/3012,Snina,665548,slobodny
9294,Veronika,Muskova,746109/8986,Bratislava,58939,vydaty
9295,Richard,Marko,790623/3781,Trnava,247044,slobodny
9296,Katerina,Rusnakova,776007/7257,Poprad,818536,vydaty
9297,Martin,Bednar,690102/5853,Martin,467886,slobodny
9298,Lucia,Rusnakova,935309/5354,Trnava,135736,vydaty
9299,Juraj,Kubik,570228/4880,Zvolen,570685,slobodny
9300,Veronika,Bednarova,865321/5977,Trencin,386944,vydaty
9301,Peter,Kubik,561103/7980,Zvolen,26309,slobodny
9302,Simona,Bednarova,945710/6611,Senec,974003,vydaty
9303,Filip,Simek,751101/9476,Tvrdosin,239189,slobodny
9304,Lucia,Cerna,866117/8834,Humenne,589047,vydaty
9305,Ondrej,Dvorak,761118/6005,Martin,211839,slobodny
9306,Zuzana,Vesela,996103/7751,Levice,379374,vydaty
9307,Martin,Dvorak,731013/7122,Humenne,457700,slobodny
9308,Petra,Muskova,745315/9238,Komarno,268650,vydaty
9309,Jan,Fabian,920814/7561,Trencin,31094,slobodny
9310,Jana,Markova,955220/4266,Trencin,734576,vydaty
9311,Jan,Rusnak,840319/8824,Zilina,796577,slobodny
9312,Ivana,Bednarova,895602/2780,Levice,480815,vydaty
9313,Tomas,Rusnak,940708/3890,Senec,917194,slobodny
9314,Jana,Vesela,555620/5398,Humenne,890395,vydaty
9315,Tomas,Novak,820920/6402,Levice,84198,slobodny
9316,Petra,Predajnianska,695503/9723,Snina,315095,vydaty
9317,Filip,Predajniansky,560612/2144,Presov,160237,slobodny
9318,Petra,Muskova,735127/8721,Tvrdosin,985248,vydaty
9319,Ondrej,Rusnak,641214/3370,Svidnik,282911,slobodny
9320,Simona,Horvathova,975307/5792,Presov,206517,vydaty
9321,Marek,Kucera,540101/6004,Snina,633549,slobodny
9322,Zuzana,Kubikova,655122/1804,Bardejov,875473,vydaty
9323,Marek,Horvath,550419/6587,Bratislava,164724,slobodny
9324,Lucia,Urbanova,686003/6939,Levice,864357,vydaty
9325,Martin,Fabian,860422/1738,Poprad,14213,slobodny
9326,Barbora,Muskova,555924/8908,Tvrdosin,260284,vydaty
9327,Marek,Novak,701123/8851,Zilina,340492,slobodny
9328,Veronika,Fabianova,665222/5509,Zvolen,738137,vydaty
9329,Martin,Kubik,931105/5646,Senec,553345,slobodny
9330,Petra,Cerna,785416/2313,Zilina,788464,vydaty
9331,Marek,Varga,800213/1387,Nitra,490039,slobodny
9332,Petra,Vargova,645407/8415,Martin,265052,vydaty
9333,Marek,Muska,730818/3319,Poprad,957378,slobodny
9334,Katerina,Vesela,625203/6276,Svidnik,823576,vydaty
9335,Juraj,Rusnak,511218/6344,Zvolen,434684,slobodny
9336,Zuzana,Cerna,635514/4483,Zilina,106066,vydaty
9337,Radoslav,Simek,860527/7239,Bratislava,383717,slobodny
9338,Ivana,Kubikova,845602/1547,Poprad,21385,vydaty
9339,Juraj,Kubik,531221/5811,Senec,937291,slobodny
9340,Sandra,Kubikova,855112/1421,Snina,703993,vydaty
9341,Ondrej,Horvath,700903/1585,Trnava,964414,slobodny
9342,Ivana,Vesela,795427/3030,Presov,243607,vydaty
9343,Filip,Cerny,980101/9480,Tvrdosin,554031,slobodny
9344,Katerina,Markova,965926/4620,Kosice,95955,vydaty
9345,Jan,Horvath,510715/2568,Nitra,698954,slobodny
9346,Barbora,Rusnakova,875118/6638,Svidnik,911069,vydaty
9347,Marek,Novak,631003/9385,Bardejov,350263,slobodny
9348,Veronika,Novakova,876104/2531,Tvrdosin,156165,vydaty
9349,Peter,Varga,570801/7034,Senec,930047,slobodny
9350,Katerina,Vargova,795815/3668,Trencin,985352,vydaty
9351,Juraj,Muska,701207/6134,Humenne,279673,slobodny
9352,Simona,Markova,995602/1514,Kosice,222521,vydaty
9353,Peter,Muska,600402/4061,Bratislava,586702,slobodny
9354,Sandra,Vesela,845206/6770,Levice,311253,vydaty
9355,Radoslav,Novak,751109/1893,Nitra,487817,slobodny
9356,Jana,Predajnianska,905908/2701,Martin,81785,vydaty
9357,Juraj,Simek,590214/7890,Presov,571153,slobodny
9358,Veronika,Vargova,905617/4476,Trencin,459085,vydaty
9359,Jan,Bednar,731113/4554,Komarno,116737,slobodny
9360,Ivana,Predajnianska,516218/1955,Zvolen,261820,vydaty
9361,Martin,Marko,940512/7884,Humenne,848406,slobodny
9362,Lucia,Bednarova,655218/8421,Snina,130869,vydaty
9363,Filip,Horvath,980921/2456,Trencin,105162,slobodny
9364,Petra,Markova,965401/3643,Tvrdosin,107491,vydaty
9365,Tomas,Cerny,550110/4773,Tvrdosin,662889,slobodny
9366,Barbora,Kubikova,985211/9570,Zilina,969605,vydaty
9367,Juraj,Rusnak,610606/6319,Tvrdosin,169761,slobodny
9368,Lucia,Kubikova,735914/1938,Trencin,223728,vydaty
9369,Tomas,Rusnak,771210/4832,Senec,690005,slobodny
9370,Katerina,Muskova,565117/8235,Presov,406483,vydaty
9371,Jan,Rusnak,670824/3128,Martin,324012,slobodny
9372,Petra,Kubikova,695914/8571,Kosice,934266,vydaty
9373,Martin,Muska,930328/8252,Trnava,127868,slobodny
9374,Sandra,Rusnakova,935921/8418,Svidnik,441904,vydaty
9375,Peter,Marko,931123/4965,Svidnik,356210,slobodny
9376,Lucia,Vesela,995624/2224,Zvolen,680633,vydaty
9377,Richard,Novak,600110/4459,Martin,968063,slobodny
9378,Lucia,Markova,845617/2415,Snina,209945,vydaty
9379,Radoslav,Urban,901204/1723,Humenne,519487,slobodny
9380,Sandra,Horvathova,696108/6883,Poprad,607262,vydaty
9381,Ondrej,Rusnak,531120/7321,Presov,632292,slobodny
9382,Ivana,Vargova,635828/3702,Snina,868005,vydaty
9383,Jan,Novak,780609/2911,Zilina,198288,slobodny
9384,Jana,Bednarova,586007/1201,Levice,16592,vydaty
9385,Martin,Kucera,960522/1519,Trencin,836223,slobodny
9386,Jana,Predajnianska,875724/1695,Presov,826289,vydaty
9387,Radoslav,Simek,880815/2291,Humenne,408479,slobodny
9388,Katerina,Rusnakova,915617/2348,Nitra,902506,vydaty
9389,Richard,Bednar,850221/6783,Kosice,160486,slobodny
9390,Ivana,Urbanova,725426/2637,Martin,335702,vydaty
9391,Juraj,Cerny,860602/1086,Poprad,586825,slobodny
9392,Simona,Predajnianska,765721/3130,Senec,526173,vydaty
9393,Ondrej,Urban,590121/5730,Tvrdosin,332381,slobodny
9394,Jana,Markova,575325/7656,Trnava,310101,vydaty
9395,Jan,Bednar,960509/9864,Bardejov,200956,slobodny
9396,Lucia,Bednarova,636210/6037,Humenne,851995,vydaty
9397,Peter,Fabian,630814/3899,Trnava,662458,slobodny
9398,Zuzana,Simekova,845316/2582,Zilina,231937,vydaty
9399,Martin,Dvorak,900809/9368,Presov,633021,slobodny
9400,Veronika,Kucerova,865616/9132,Presov,339471,vydaty
9401,Marek,Vesely,820828/5451,Senec,240863,slobodny
9402,Barbora,Cerna,995808/1259,Trencin,31562,vydaty
9403,Juraj,Rusnak,800601/6249,Trencin,590670,slobodny
9404,Simona,Kubikova,595414/3414,Tvrdosin,638823,vydaty
9405,Juraj,Dvorak,691004/4365,Nitra,385887,slobodny
9406,Petra,Cerna,586214/8770,Martin,562337,vydaty
9407,Martin,Novak,990425/9534,Svidnik,281566,slobodny
9408,Simona,Kucerova,945508/6968,Snina,997619,vydaty
9409,Richard,Marko,910803/7128,Nitra,23836,slobodny
9410,Sandra,Markova,596221/1724,Humenne,476693,vydaty
9411,Juraj,Predajniansky,941022/6840,Svidnik,359841,slobodny
9412,Lucia,Bednarova,845927/2241,Senec,280544,vydaty
9413,Ondrej,Predajniansky,710317/7034,Tvrdosin,864623,slobodny
9414,Lucia,Bednarova,976119/5854,Bardejov,880541,vydaty
9415,Richard,Horvath,521226/5343,Martin,655908,slobodny
9416,Barbora,Fabianova,945801/8694,Bratislava,474917,vydaty
9417,Ondrej,Fabian,690410/3445,Bratislava,338760,slobodny
9418,Petra,Urbanova,645405/8297,Zilina,288772,vydaty
9419,Radoslav,Bednar,961206/3912,Presov,738244,slobodny
9420,Barbora,Rusnakova,695105/5235,Bratislava,130446,vydaty
9421,Marek,Vesely,650819/2302,Senec,557618,slobodny
9422,Jana,Cerna,775107/7072,Kosice,527942,vydaty
9423,Richard,Horvath,990323/6038,Svidnik,563664,slobodny
9424,Barbora,Fabianova,555609/5993,Humenne,551499,vydaty
9425,Jan,Horvath,971214/1951,Kosice,798362,slobodny
9426,Ivana,Urbanova,665423/7367,Martin,979296,vydaty
9427,Filip,Vesely,600405/1244,Trnava,759264,slobodny
9428,Sandra,Fabianova,865718/8819,Trnava,975126,vydaty
9429,Radoslav,Fabian,830518/7084,Presov,896588,slobodny
9430,Ivana,Muskova,585820/6887,Komarno,788509,vydaty
9431,Richard,Fabian,951203/4303,Zilina,259151,slobodny
9432,Ivana,Kucerova,875209/3519,Levice,364554,vydaty
9433,Juraj,Horvath,890314/2174,Trnava,323647,slobodny
9434,Petra,Simekova,596113/2030,Kosice,399907,vydaty
9435,Juraj,Kubik,920116/2740,Martin,496489,slobodny
9436,Zuzana,Kucerova,905118/7725,Humenne,18175,vydaty
9437,Peter,Predajniansky,600311/4827,Poprad,102326,slobodny
9438,Barbora,Bednarova,756212/7378,Poprad,813579,vydaty
9439,Jan,Marko,581224/7305,Tvrdosin,68791,slobodny
9440,Simona,Bednarova,595327/4415,Senec,155744,vydaty
9441,Peter,Kubik,670527/1249,Bratislava,861476,slobodny
9442,Petra,Bednarova,995118/6131,Zilina,626434,vydaty
9443,Tomas,Bednar,830420/3866,Trencin,569353,slobodny
9444,Katerina,Rusnakova,906024/6663,Humenne,761256,vydaty
9445,Radoslav,Horvath,840716/1782,Svidnik,46826,slobodny
9446,Barbora,Rusnakova,695226/4872,Svidnik,718393,vydaty
9447,Peter,Muska,800507/5648,Bardejov,477098,slobodny
9448,Barbora,Predajnianska,746011/5849,Trencin,491818,vydaty
9449,Radoslav,Novak,580111/4330,Svidnik,882409,slobodny
9450,Sandra,Novakova,605820/1370,Bratislava,228565,vydaty
9451,Tomas,Novak,830607/6236,Presov,630768,slobodny
9452,Simona,Dvorakova,675404/5020,Svidnik,504082,vydaty
9453,Jan,Dvorak,950723/1543,Trencin,656364,slobodny
9454,Barbora,Markova,985526/7925,Nitra,715966,vydaty
9455,Ondrej,Simek,970817/4423,Bratislava,925134,slobodny
9456,Katerina,Urbanova,535614/6597,Nitra,530499,vydaty
9457,Richard,Predajniansky,660615/1351,Zvolen,187526,slobodny
9458,Barbora,Rusnakova,695102/3906,Nitra,590842,vydaty
9459,Ondrej,Muska,551219/4450,Komarno,415015,slobodny
9460,Barbora,Fabianova,965221/1016,Bardejov,575525,vydaty
9461,Jan,Dvorak,811205/1357,Zvolen,287940,slobodny
9462,Ivana,Simekova,875511/4905,Poprad,763485,vydaty
9463,Filip,Muska,950719/7326,Svidnik,669295,slobodny
9464,Jana,Novakova,915827/2014,Senec,739292,vydaty
9465,Juraj,Rusnak,530502/3009,Svidnik,961037,slobodny
9466,Katerina,Bednarova,636011/5001,Senec,71948,vydaty
9467,Jan,Fabian,840702/4339,Senec,736897,slobodny
9468,Barbora,Novakova,875707/3548,Presov,268619,vydaty
9469,Jan,Fabian,821105/2488,Bardejov,593994,slobodny
9470,Petra,Novakova,815425/7678,Poprad,585853,vydaty
9471,Richard,Fabian,871116/4179,Tvrdosin,116194,slobodny
9472,Simona,Markova,865317/2095,Trnava,577326,vydaty
9473,Radoslav,Horvath,621206/1308,Presov,452862,slobodny
9474,Lucia,Fabianova,976101/6542,Trnava,523368,vydaty
9475,Tomas,Fabian,620418/2189,Zvolen,461183,slobodny
9476,Simona,Horvathova,705601/3413,Trnava,914584,vydaty
9477,Martin,Bednar,960625/6332,Zvolen,97685,slobodny
9478,Lucia,Dvorakova,625925/6344,Humenne,332052,vydaty
9479,Richard,Kucera,820516/4489,Svidnik,723972,slobodny
9480,Simona,Horvathova,605523/6082,Snina,329908,vydaty
9481,Marek,Kucera,840413/1847,Poprad,57964,slobodny
9482,Zuzana,Horvathova,575607/2635,Bratislava,256098,vydaty
9483,Richard,Muska,730607/5196,Poprad,291130,slobodny
9484,Barbora,Simekova,535720/3020,Presov,33431,vydaty
9485,Juraj,Marko,600614/4805,Humenne,229971,slobodny
9486,Jana,Muskova,795521/9875,Martin,803741,vydaty
9487,Marek,Vesely,791222/9680,Komarno,663161,slobodny
9488,Zuzana,Dvorakova,746117/7694,Bardejov,912551,vydaty
9489,Martin,Dvorak,940610/5755,Bardejov,425901,slobodny
9490,Lucia,Simekova,705915/2289,Bratislava,475349,vydaty
9491,Radoslav,Simek,850719/3644,Bardejov,452508,slobodny
9492,Jana,Bednarova,585616/3479,Snina,765283,vydaty
9493,Filip,Fabian,940304/5967,Svidnik,402461,slobodny
9494,Jana,Horvathova,605626/7696,Levice,81820,vydaty
9495,Martin,Vesely,570618/5100,Zvolen,715590,slobodny
9496,Barbora,Kubikova,566116/1917,Senec,670056,vydaty
9497,Richard,Fabian,911004/6534,Levice,386677,slobodny
9498,Sandra,Muskova,595522/4269,Bratislava,130589,vydaty
9499,Filip,Cerny,591004/6240,Poprad,217982,slobodny
9500,Katerina,Simekova,915720/1835,Levice,975079,vydaty
9501,Tomas,Muska,640209/7186,Martin,651705,slobodny
9502,Zuzana,Fabianova,655522/9974,Bardejov,649010,vydaty
9503,Ondrej,Cerny,920618/7684,Humenne,747131,slobodny
9504,Zuzana,Vesela,955221/8372,Komarno,399765,vydaty
9505,Tomas,Cerny,520823/1458,Bratislava,311743,slobodny
9506,Katerina,Kucerova,965409/9813,Martin,906152,vydaty
9507,Ondrej,Rusnak,611101/8039,Senec,355081,slobodny
9508,Sandra,Urbanova,525603/5329,Tvrdosin,216708,vydaty
9509,Richard,Urban,960311/8089,Zvolen,229931,slobodny
9510,Lucia,Vesela,545716/3428,Trencin,422323,vydaty
9511,Filip,Rusnak,781221/3067,Levice,728716,slobodny
9512,Jana,Horvathova,765626/9450,Senec,942791,vydaty
9513,Marek,Novak,550301/3412,Trnava,722077,slobodny
9514,Zuzana,Urbanova,606017/1109,Presov,544085,vydaty
9515,Peter,Vesely,890312/6707,Zilina,805993,slobodny
9516,Simona,Vesela,665328/4750,Levice,470166,vydaty
9517,Peter,Predajniansky,821007/5664,Martin,397298,slobodny
9518,Ivana,Markova,845628/2686,Humenne,144429,vydaty
9519,Marek,Marko,700305/9706,Svidnik,334261,slobodny
9520,Petra,Vargova,726103/9976,Svidnik,821473,vydaty
9521,Filip,Horvath,720108/8442,Poprad,195779,slobodny
9522,Jana,Horvathova,945304/9089,Zvolen,762021,vydaty
9523,Marek,Vesely,770328/9878,Snina,298888,slobodny
9524,Petra,Kubikova,655320/1416,Senec,11998,vydaty
9525,Martin,Simek,690714/6240,Levice,399600,slobodny
9526,Barbora,Cerna,955911/1953,Komarno,892846,vydaty
9527,Tomas,Dvorak,601010/2908,Trencin,351348,slobodny
9528,Katerina,Simekova,945408/8558,Presov,362466,vydaty
9529,Peter,Rusnak,840307/7619,Nitra,157974,slobodny
9530,Barbora,Horvathova,625205/3438,Trnava,715147,vydaty
9531,Jan,Vesely,550110/1737,Snina,934655,slobodny
9532,Simona,Simekova,516202/1873,Zvolen,383217,vydaty
9533,Jan,Varga,681208/1855,Bratislava,421439,slobodny
9534,Barbora,Predajnianska,965826/9705,Trencin,102748,vydaty
9535,Tomas,Vesely,740606/3980,Trencin,62311,slobodny
9536,Lucia,Kucerova,545115/2083,Zilina,351974,vydaty
9537,Tomas,Fabian,981101/9869,Kosice,549721,slobodny
9538,Zuzana,Urbanova,815617/7248,Presov,856762,vydaty
9539,Ondrej,Varga,630228/1697,Zvolen,943954,slobodny
9540,Zuzana,Muskova,765925/3056,Snina,197392,vydaty
9541,Radoslav,Varga,770923/4777,Poprad,99402,slobodny
9542,Ivana,Dvorakova,645803/5049,Kosice,37883,vydaty
9543,Richard,Simek,951217/3072,Tvrdosin,478140,slobodny
9544,Katerina,Novakova,795824/6178,Poprad,824611,vydaty
9545,Jan,Urban,840809/1992,Trnava,901560,slobodny
9546,Zuzana,Kucerova,965528/7259,Presov,956292,vydaty
9547,Richard,Marko,771024/6536,Kosice,637982,slobodny
9548,Lucia,Novakova,905923/3523,Senec,74629,vydaty
9549,Radoslav,Dvorak,910409/7213,Humenne,655971,slobodny
9550,Zuzana,Urbanova,696112/8240,Svidnik,716788,vydaty
9551,Filip,Muska,761014/3392,Bardejov,989745,slobodny
9552,Simona,Predajnianska,885121/8573,Tvrdosin,211569,vydaty
9553,Radoslav,Horvath,790519/6669,Senec,958518,slobodny
9554,Barbora,Kubikova,666213/3956,Kosice,790310,vydaty
9555,Marek,Marko,850213/9076,Nitra,895240,slobodny
9556,Lucia,Cerna,585306/4035,Snina,416032,vydaty
9557,Martin,Muska,680619/1688,Zvolen,580587,slobodny
9558,Petra,Vargova,965607/7934,Zilina,306961,vydaty
9559,Radoslav,Rusnak,641014/5783,Tvrdosin,912456,slobodny
9560,Katerina,Bednarova,585611/9820,Tvrdosin,357338,vydaty
9561,Ondrej,Simek,920501/6450,Humenne,220612,slobodny
9562,Simona,Vargova,756210/2005,Humenne,711524,vydaty
9563,Richard,Fabian,721014/4117,Poprad,394882,slobodny
9564,Barbora,Kucerova,735106/8960,Trencin,228460,vydaty
9565,Peter,Predajniansky,580810/9235,Presov,503880,slobodny
9566,Lucia,Dvorakova,576012/6634,Poprad,707667,vydaty
9567,Richard,Predajniansky,680505/6486,Martin,479788,slobodny
9568,Petra,Markova,826203/9576,Trnava,874578,vydaty
9569,Richard,Vesely,950228/6821,Zvolen,869975,slobodny
9570,Simona,Kubikova,755308/1403,Bardejov,386578,vydaty
9571,Jan,Kubik,790603/3377,Bardejov,85279,slobodny
9572,Zuzana,Muskova,725323/8774,Trencin,721186,vydaty
9573,Radoslav,Horvath,901227/1301,Poprad,627949,slobodny
9574,Veronika,Fabianova,955110/1239,Zvolen,611944,vydaty
9575,Ondrej,Urban,880127/9763,Kosice,562898,slobodny
9576,Petra,Muskova,565312/4407,Poprad,362094,vydaty
9577,Radoslav,Urban,510209/4058,Zilina,325971,slobodny
9578,Ivana,Muskova,655912/4477,Humenne,522541,vydaty
9579,Radoslav,Marko,591006/6126,Poprad,413379,slobodny
9580,Zuzana,Dvorakova,785727/5180,Senec,396898,vydaty
9581,Ondrej,Dvorak,510804/8427,Svidnik,910158,slobodny
9582,Barbora,Kucerova,936204/9827,Svidnik,893066,vydaty
9583,Richard,Rusnak,771026/2880,Nitra,320412,slobodny
9584,Barbora,Bednarova,805428/9831,Komarno,399573,vydaty
9585,Filip,Dvorak,770623/5129,Snina,206396,slobodny
9586,Katerina,Horvathova,935314/8824,Poprad,19825,vydaty
9587,Marek,Urban,620128/7190,Kosice,620807,slobodny
9588,Katerina,Kucerova,985408/3264,Nitra,924127,vydaty
9589,Juraj,Rusnak,690419/4165,Poprad,192477,slobodny
9590,Katerina,Simekova,575221/7000,Svidnik,390103,vydaty
9591,Martin,Cerny,730406/7720,Trencin,127001,slobodny
9592,Veronika,Fabianova,805723/6695,Komarno,553307,vydaty
9593,Juraj,Marko,680126/7314,Zvolen,917945,slobodny
9594,Petra,Rusnakova,996111/8078,Levice,302905,vydaty
9595,Juraj,Rusnak,781109/1764,Trencin,333558,slobodny
9596,Barbora,Simekova,886021/8820,Kosice,73507,vydaty
9597,Marek,Predajniansky,710522/4831,Zilina,374333,slobodny
9598,Ivana,Cerna,595413/8224,Zvolen,207138,vydaty
9599,Filip,Kubik,980727/5810,Bratislava,767031,slobodny
9600,Sandra,Bednarova,726009/2748,Tvrdosin,784817,vydaty
9601,Martin,Simek,680707/2616,Snina,979522,slobodny
9602,Lucia,Rusnakova,945103/6302,Martin,184022,vydaty
9603,Richard,Horvath,880526/9251,Tvrdosin,688915,slobodny
9604,Veronika,Kubikova,995919/3972,Senec,158086,vydaty
9605,Peter,Kucera,700321/2849,Nitra,929972,slobodny
9606,Petra,Markova,705324/9949,Zvolen,130701,vydaty
9607,Martin,Predajniansky,920521/7445,Martin,969969,slobodny
9608,Jana,Urbanova,935105/1359,Bardejov,146107,vydaty
9609,Martin,Marko,530307/3590,Humenne,910211,slobodny
9610,Sandra,Urbanova,815718/2934,Zilina,702794,vydaty
9611,Richard,Fabian,590602/3886,Zilina,128077,slobodny
9612,Lucia,Urbanova,705822/3110,Zilina,937456,vydaty
9613,Radoslav,Vesely,751008/5998,Senec,877585,slobodny
9614,Sandra,Markova,836026/3077,Trnava,450485,vydaty
9615,Ondrej,Marko,631127/8618,Bratislava,736811,slobodny
9616,Sandra,Urbanova,926018/4889,Senec,185495,vydaty
9617,Ondrej,Varga,881015/4832,Humenne,581910,slobodny
9618,Katerina,Markova,795804/1066,Senec,13620,vydaty
9619,Marek,Kucera,690827/4622,Presov,217670,slobodny
9620,Zuzana,Vargova,655314/4385,Trnava,986187,vydaty
9621,Jan,Kucera,580802/4600,Poprad,95656,slobodny
9622,Sandra,Predajnianska,525322/6410,Poprad,64324,vydaty
9623,Ondrej,Marko,961202/5276,Trencin,694292,slobodny
9624,Petra,Horvathova,605913/8460,Poprad,627815,vydaty
9625,Jan,Bednar,860713/4205,Poprad,396654,slobodny
9626,Petra,Muskova,945114/8247,Tvrdosin,267602,vydaty
9627,Filip,Urban,721222/1139,Zilina,65361,slobodny
9628,Simona,Vargova,895325/5890,Zilina,361651,vydaty
9629,Richard,Fabian,860321/8124,Trencin,26809,slobodny
9630,Lucia,Fabianova,985818/4943,Martin,132613,vydaty
9631,Jan,Vesely,981118/6554,Tvrdosin,526534,slobodny
9632,Ivana,Simekova,975619/6425,Senec,746285,vydaty
9633,Peter,Urban,780728/5784,Levice,49919,slobodny
9634,Ivana,Simekova,665417/3256,Nitra,694359,vydaty
9635,Richard,Predajniansky,960412/7143,Tvrdosin,126912,slobodny
9636,Sandra,Novakova,905908/4303,Zilina,29981,vydaty
9637,Jan,Vesely,701002/1747,Humenne,937709,slobodny
9638,Simona,Dvorakova,545920/5369,Bratislava,338136,vydaty
9639,Marek,Bednar,590526/3874,Levice,137624,slobodny
9640,Veronika,Fabianova,575717/2574,Bratislava,663784,vydaty
9641,Marek,Rusnak,800527/2651,Snina,491641,slobodny
9642,Katerina,Muskova,925110/4075,Poprad,928635,vydaty
9643,Peter,Bednar,990901/4906,Presov,922577,slobodny
9644,Simona,Kucerova,745612/8058,Poprad,209864,vydaty
9645,Filip,Muska,620227/3867,Bratislava,240636,slobodny
9646,Petra,Rusnakova,845820/9902,Svidnik,430252,vydaty
9647,Juraj,Dvorak,630710/8545,Tvrdosin,644685,slobodny
9648,Petra,Horvathova,525709/9436,Humenne,432045,vydaty
9649,Martin,Varga,850714/8881,Presov,701691,slobodny
9650,Barbora,Kucerova,575418/3690,Trnava,371385,vydaty
9651,Ondrej,Predajniansky,710107/8509,Kosice,684600,slobodny
9652,Zuzana,Markova,595427/5183,Bratislava,422490,vydaty
9653,Martin,Fabian,881202/8957,Levice,106726,slobodny
9654,Sandra,Bednarova,625126/4353,Levice,198827,vydaty
9655,Radoslav,Novak,800206/8723,Bratislava,261042,slobodny
9656,Sandra,Predajnianska,965126/4342,Svidnik,567824,vydaty
9657,Ondrej,Predajniansky,590223/1282,Zilina,230678,slobodny
9658,Jana,Kucerova,815104/1282,Humenne,777082,vydaty
9659,Jan,Cerny,881013/5956,Komarno,203789,slobodny
9660,Petra,Kubikova,836026/2280,Komarno,954421,vydaty
9661,Radoslav,Horvath,931018/9442,Martin,360804,slobodny
9662,Veronika,Rusnakova,645422/1264,Bardejov,799932,vydaty
9663,Peter,Kucera,970318/5975,Humenne,209103,slobodny
9664,Ivana,Kucerova,725621/6462,Tvrdosin,956002,vydaty
9665,Martin,Simek,801107/3428,Trnava,296352,slobodny
9666,Zuzana,Simekova,625723/3618,Trnava,568153,vydaty
9667,Peter,Cerny,621021/5974,Zvolen,101995,slobodny
9668,Petra,Kucerova,635417/4367,Nitra,739399,vydaty
9669,Ondrej,Kucera,690919/9449,Bratislava,257874,slobodny
9670,Petra,Bednarova,825606/3829,Humenne,955885,vydaty
9671,Juraj,Horvath,900516/2742,Levice,424859,slobodny
9672,Jana,Simekova,615925/8170,Zvolen,929234,vydaty
9673,Juraj,Rusnak,890204/5769,Presov,971021,slobodny
9674,Ivana,Dvorakova,925507/8000,Nitra,440561,vydaty
9675,Tomas,Marko,990112/5979,Bratislava,592087,slobodny
9676,Lucia,Simekova,615827/6832,Humenne,853750,vydaty
9677,Jan,Vesely,530312/6637,Zilina,667242,slobodny
9678,Sandra,Simekova,605518/4214,Levice,589884,vydaty
9679,Ondrej,Dvorak,931228/7914,Kosice,990848,slobodny
9680,Simona,Simekova,526119/8276,Trencin,456304,vydaty
9681,Marek,Varga,750804/3208,Svidnik,941734,slobodny
9682,Ivana,Fabianova,875901/6062,Poprad,738609,vydaty
9683,Filip,Rusnak,700412/5589,Martin,221116,slobodny
9684,Petra,Horvathova,645404/1737,Zilina,465443,vydaty
9685,Peter,Fabian,550727/1887,Martin,381631,slobodny
9686,Jana,Predajnianska,995206/9065,Martin,890823,vydaty
9687,Richard,Bednar,991121/5121,Komarno,991575,slobodny
9688,Sandra,Cerna,985213/7493,Snina,147019,vydaty
9689,Juraj,Fabian,991115/4688,Trnava,290354,slobodny
9690,Ivana,Vargova,865928/8552,Zvolen,992696,vydaty
9691,Richard,Muska,930520/3631,Trencin,918723,slobodny
9692,Zuzana,Kubikova,995114/3042,Zvolen,620801,vydaty
9693,Richard,Bednar,540126/1459,Poprad,514944,slobodny
9694,Katerina,Vesela,775818/8083,Komarno,285302,vydaty
9695,Peter,Horvath,700213/4458,Komarno,386969,slobodny
9696,Zuzana,Kubikova,986025/1341,Tvrdosin,592623,vydaty
9697,Marek,Urban,561226/4977,Snina,362834,slobodny
9698,Sandra,Markova,575523/6730,Snina,930884,vydaty
9699,Juraj,Varga,881116/8678,Nitra,90627,slobodny
9700,Barbora,Dvorakova,725914/5587,Poprad,147591,vydaty
9701,Richard,Marko,530804/2734,Kosice,367991,slobodny
9702,Simona,Simekova,955627/8540,Zvolen,277231,vydaty
9703,Ondrej,Cerny,870213/3956,Poprad,834925,slobodny
9704,Veronika,Fabianova,985313/8413,Presov,80871,vydaty
9705,Marek,Varga,571119/4530,Bardejov,464199,slobodny
9706,Lucia,Rusnakova,555902/3181,Trnava,360271,vydaty
9707,Peter,Varga,681127/1554,Tvrdosin,825741,slobodny
9708,Barbora,Dvorakova,775311/8460,Tvrdosin,505013,vydaty
9709,Richard,Bednar,700514/5210,Tvrdosin,370119,slobodny
9710,Veronika,Muskova,886025/5696,Trnava,862242,vydaty
9711,Tomas,Fabian,510714/3174,Humenne,254637,slobodny
9712,Jana,Urbanova,676110/2374,Snina,695672,vydaty
9713,Richard,Simek,561013/7654,Senec,265265,slobodny
9714,Simona,Markova,756113/8809,Bardejov,48261,vydaty
9715,Jan,Kubik,601016/8595,Kosice,423188,slobodny
9716,Sandra,Horvathova,715101/8318,Senec,789412,vydaty
9717,Marek,Kucera,950216/8545,Snina,953474,slobodny
9718,Simona,Vesela,956008/7649,Trnava,763315,vydaty
9719,Martin,Vesely,870211/3651,Martin,202617,slobodny
9720,Simona,Novakova,555916/4245,Trencin,363203,vydaty
9721,Radoslav,Marko,941217/4791,Bardejov,711565,slobodny
9722,Jana,Novakova,976204/5065,Senec,982875,vydaty
9723,Tomas,Bednar,831219/1586,Nitra,112531,slobodny
9724,Sandra,Predajnianska,665818/9218,Trnava,668122,vydaty
9725,Marek,Kubik,661124/7597,Martin,610092,slobodny
9726,Jana,Horvathova,835802/3906,Zvolen,933892,vydaty
9727,Filip,Varga,820626/4041,Svidnik,226308,slobodny
9728,Jana,Predajnianska,915919/7970,Trnava,525958,vydaty
9729,Juraj,Urban,560918/1523,Zvolen,218351,slobodny
9730,Katerina,Simekova,795703/8013,Humenne,116008,vydaty
9731,Tomas,Dvorak,980624/6279,Komarno,516811,slobodny
9732,Veronika,Predajnianska,965813/5732,Presov,602911,vydaty
9733,Radoslav,Simek,910126/6912,Trencin,21388,slobodny
9734,Jana,Muskova,845713/5811,Bratislava,263541,vydaty
9735,Richard,Kubik,820108/9558,Trencin,566301,slobodny
9736,Barbora,Simekova,735416/7668,Svidnik,440411,vydaty
9737,Jan,Varga,670813/3428,Poprad,317530,slobodny
9738,Lucia,Predajnianska,766117/7571,Senec,969331,vydaty
9739,Tomas,Urban,780703/9898,Levice,784213,slobodny
9740,Ivana,Vargova,795222/2634,Bardejov,343556,vydaty
9741,Radoslav,Bednar,850116/1516,Snina,954930,slobodny
9742,Katerina,Muskova,695627/4157,Trnava,638339,vydaty
9743,Juraj,Kubik,820801/1763,Senec,457932,slobodny
9744,Sandra,Muskova,876224/9472,Bardejov,831526,vydaty
9745,Juraj,Muska,781227/9569,Levice,476180,slobodny
9746,Sandra,Horvathova,625928/7721,Svidnik,464587,vydaty
9747,Marek,Urban,510422/5728,Poprad,305008,slobodny
9748,Jana,Kucerova,805717/1832,Svidnik,298506,vydaty
9749,Juraj,Marko,720521/8771,Svidnik,161904,slobodny
9750,Zuzana,Fabianova,625909/4744,Senec,724632,vydaty
9751,Juraj,Bednar,800627/4317,Trnava,733424,slobodny
9752,Katerina,Horvathova,885214/7992,Senec,568609,vydaty
9753,Peter,Novak,770123/7259,Trnava,436232,slobodny
9754,Zuzana,Bednarova,835808/4518,Poprad,939868,vydaty
9755,Jan,Kucera,510609/6344,Zvolen,694413,slobodny
9756,Jana,Bednarova,766203/2142,Presov,613099,vydaty
9757,Jan,Vesely,800507/2111,Trencin,735243,slobodny
9758,Petra,Simekova,795427/8086,Tvrdosin,19955,vydaty
9759,Juraj,Predajniansky,720423/5669,Trnava,23128,slobodny
9760,Petra,Dvorakova,735518/2993,Martin,971730,vydaty
9761,Richard,Vesely,691124/2457,Svidnik,587751,slobodny
9762,Ivana,Cerna,565907/3803,Snina,176479,vydaty
9763,Filip,Horvath,960702/8400,Zilina,604632,slobodny
9764,Zuzana,Bednarova,565716/3205,Poprad,702130,vydaty
9765,Radoslav,Fabian,830403/2944,Bardejov,897931,slobodny
9766,Simona,Rusnakova,995117/8650,Nitra,805803,vydaty
9767,Filip,Fabian,821027/6827,Bardejov,429811,slobodny
9768,Sandra,Simekova,935316/9988,Senec,492906,vydaty
9769,Peter,Fabian,920517/8666,Zvolen,887627,slobodny
9770,Barbora,Urbanova,935602/1686,Senec,337274,vydaty
9771,Filip,Urban,751016/8153,Bratislava,708939,slobodny
9772,Zuzana,Markova,995220/6864,Tvrdosin,694332,vydaty
9773,Filip,Dvorak,800712/2098,Trencin,631444,slobodny
9774,Ivana,Rusnakova,645421/3604,Svidnik,450568,vydaty
9775,Richard,Urban,590709/8734,Levice,418110,slobodny
9776,Veronika,Kubikova,525808/3179,Snina,185122,vydaty
9777,Jan,Cerny,680811/8078,Trnava,427410,slobodny
9778,Katerina,Vesela,575527/4466,Svidnik,707622,vydaty
9779,Jan,Kucera,820618/3668,Zvolen,543967,slobodny
9780,Sandra,Dvorakova,925602/8411,Poprad,672881,vydaty
9781,Jan,Varga,551119/4445,Svidnik,757095,slobodny
9782,Jana,Kucerova,626003/4505,Komarno,238856,vydaty
9783,Martin,Cerny,740510/1810,Svidnik,658318,slobodny
9784,Zuzana,Urbanova,716201/4012,Bratislava,777383,vydaty
9785,Martin,Simek,551001/7980,Kosice,138261,slobodny
9786,Katerina,Novakova,656021/2300,Bardejov,862372,vydaty
9787,Marek,Kucera,951115/9436,Bratislava,394779,slobodny
9788,Petra,Simekova,515928/1545,Levice,246642,vydaty
9789,Ondrej,Dvorak,751014/2879,Trnava,908318,slobodny
9790,Barbora,Novakova,605401/2751,Komarno,668539,vydaty
9791,Ondrej,Marko,600722/8961,Bratislava,268794,slobodny
9792,Veronika,Simekova,536008/8173,Senec,981070,vydaty
9793,Tomas,Fabian,841121/6679,Zilina,684052,slobodny
9794,Veronika,Kucerova,925403/3368,Martin,247729,vydaty
9795,Radoslav,Muska,680124/3075,Bratislava,725758,slobodny
9796,Katerina,Simekova,775705/4124,Bratislava,897734,vydaty
9797,Ondrej,Kubik,940405/9940,Humenne,80907,slobodny
9798,Barbora,Muskova,645918/5945,Tvrdosin,727549,vydaty
9799,Radoslav,Rusnak,720528/7295,Zvolen,615246,slobodny
9800,Simona,Markova,885804/9929,Martin,104640,vydaty
9801,Radoslav,Marko,820611/5611,Snina,381924,slobodny
9802,Zuzana,Vargova,695609/6725,Zvolen,809992,vydaty
9803,Peter,Fabian,950919/8133,Komarno,502784,slobodny
9804,Veronika,Rusnakova,595301/3075,Senec,943876,vydaty
9805,Peter,Predajniansky,750210/8774,Nitra,796980,slobodny
9806,Barbora,Vesela,545114/5679,Svidnik,852204,vydaty
9807,Juraj,Muska,660314/2228,Bardejov,579062,slobodny
9808,Ivana,Urbanova,785423/9962,Svidnik,403448,vydaty
9809,Juraj,Kucera,820209/4864,Humenne,948237,slobodny
9810,Katerina,Rusnakova,766218/2922,Nitra,413608,vydaty
9811,Peter,Rusnak,720116/3889,Levice,426637,slobodny
9812,Simona,Vesela,746112/4874,Tvrdosin,400402,vydaty
9813,Richard,Bednar,540713/4955,Nitra,28477,slobodny
9814,Petra,Simekova,976020/3205,Humenne,441131,vydaty
9815,Radoslav,Vesely,990724/1649,Zvolen,888870,slobodny
9816,Katerina,Rusnakova,515509/7746,Trnava,424443,vydaty
9817,Peter,Vesely,660327/1199,Bardejov,101507,slobodny
9818,Katerina,Urbanova,515221/8469,Presov,307864,vydaty
9819,Peter,Varga,870316/9885,Trencin,649326,slobodny
9820,Barbora,Vargova,835126/8423,Martin,68328,vydaty
9821,Peter,Fabian,510706/6627,Komarno,813562,slobodny
9822,Veronika,Horvathova,836227/1067,Nitra,925771,vydaty
9823,Ondrej,Marko,590918/3419,Komarno,507463,slobodny
9824,Simona,Kubikova,775228/9788,Bardejov,950792,vydaty
9825,Tomas,Predajniansky,690102/2748,Levice,423922,slobodny
9826,Zuzana,Simekova,735526/8208,Humenne,762338,vydaty
9827,Filip,Kubik,720318/6199,Poprad,538430,slobodny
9828,Ivana,Vargova,985523/3262,Zvolen,28199,vydaty
9829,Martin,Novak,651212/5430,Zilina,302314,slobodny
9830,Sandra,Vargova,745513/6855,Senec,216285,vydaty
9831,Martin,Novak,830924/6521,Komarno,673234,slobodny
9832,Zuzana,Novakova,586205/8226,Kosice,617830,vydaty
9833,Marek,Dvorak,510128/6660,Martin,256855,slobodny
9834,Katerina,Simekova,896108/9926,Snina,746550,vydaty
9835,Filip,Urban,841202/6193,Nitra,254184,slobodny
9836,Simona,Bednarova,695915/5846,Levice,21990,vydaty
9837,Tomas,Bednar,760621/4135,Komarno,652472,slobodny
9838,Zuzana,Predajnianska,676019/7447,Zilina,87596,vydaty
9839,Ondrej,Rusnak,771120/4857,Nitra,585728,slobodny
9840,Lucia,Dvorakova,555811/5279,Presov,171469,vydaty
9841,Juraj,Vesely,641214/9720,Poprad,446879,slobodny
9842,Ivana,Bednarova,765420/4999,Komarno,597572,vydaty
9843,Marek,Kucera,530316/5341,Svidnik,498100,slobodny
9844,Katerina,Muskova,865820/4308,Trencin,150274,vydaty
9845,Peter,Fabian,991026/5746,Poprad,184091,slobodny
9846,Petra,Horvathova,925421/1157,Zilina,217843,vydaty
9847,Jan,Predajniansky,680604/4413,Bardejov,596714,slobodny
9848,Simona,Muskova,725628/7776,Svidnik,862666,vydaty
9849,Martin,Fabian,980417/2359,Snina,788730,slobodny
9850,Sandra,Urbanova,895303/8635,Komarno,709142,vydaty
9851,Radoslav,Varga,990616/6585,Bratislava,267251,slobodny
9852,Sandra,Markova,856228/7026,Senec,421683,vydaty
9853,Marek,Predajniansky,720627/6711,Komarno,763888,slobodny
9854,Katerina,Kubikova,586128/1500,Tvrdosin,114790,vydaty
9855,Filip,Rusnak,770825/8326,Martin,116799,slobodny
9856,Sandra,Fabianova,765201/4438,Poprad,704478,vydaty
9857,Peter,Muska,910116/6609,Zilina,190084,slobodny
9858,Veronika,Predajnianska,876205/7424,Trencin,846164,vydaty
9859,Tomas,Cerny,821121/9638,Humenne,253716,slobodny
9860,Lucia,Muskova,535115/9478,Snina,115781,vydaty
9861,Jan,Novak,530426/9467,Senec,569266,slobodny
9862,Sandra,Kubikova,525903/7552,Trnava,215803,vydaty
9863,Marek,Urban,770417/5425,Zvolen,77185,slobodny
9864,Katerina,Bednarova,845713/3738,Komarno,97478,vydaty
9865,Peter,Marko,890227/2523,Tvrdosin,339092,slobodny
9866,Veronika,Rusnakova,525811/8257,Trencin,473981,vydaty
9867,Jan,Vesely,650523/1072,Bardejov,355067,slobodny
9868,Ivana,Markova,675706/7259,Tvrdosin,831127,vydaty
9869,Ondrej,Varga,750309/8003,Bratislava,670209,slobodny
9870,Lucia,Kubikova,826113/5120,Kosice,791658,vydaty
9871,Martin,Varga,841118/9520,Bratislava,19771,slobodny
9872,Lucia,Dvorakova,905910/5022,Poprad,77140,vydaty
9873,Filip,Cerny,690612/7974,Kosice,431633,slobodny
9874,Katerina,Kucerova,705324/8122,Bardejov,781242,vydaty
9875,Tomas,Urban,920505/9222,Poprad,459788,slobodny
9876,Jana,Rusnakova,625502/1520,Zilina,121773,vydaty
9877,Filip,Vesely,610421/8884,Snina,189446,slobodny
9878,Barbora,Novakova,876022/7669,Humenne,716812,vydaty
9879,Radoslav,Kucera,600316/8411,Bardejov,651224,slobodny
9880,Petra,Dvorakova,665508/3112,Bardejov,448783,vydaty
9881,Ondrej,Cerny,510509/9529,Senec,216081,slobodny
9882,Barbora,Rusnakova,705708/1468,Bardejov,579422,vydaty
9883,Juraj,Simek,980618/8514,Bardejov,902477,slobodny
9884,Petra,Fabianova,725506/7425,Snina,711866,vydaty
9885,Martin,Simek,770208/2653,Presov,813497,slobodny
9886,Ivana,Simekova,575227/1851,Snina,619431,vydaty
9887,Filip,Kucera,880109/9369,Svidnik,757870,slobodny
9888,Katerina,Novakova,885617/8945,Levice,979669,vydaty
9889,Radoslav,Bednar,780623/5910,Senec,512297,slobodny
9890,Petra,Markova,525210/3230,Trencin,733282,vydaty
9891,Ondrej,Fabian,800409/5573,Presov,984884,slobodny
9892,Petra,Novakova,725325/5582,Presov,374700,vydaty
9893,Ondrej,Horvath,831202/8808,Poprad,922531,slobodny
9894,Veronika,Dvorakova,616012/7025,Zilina,701756,vydaty
9895,Radoslav,Muska,671212/5997,Svidnik,258791,slobodny
9896,Katerina,Cerna,965720/3467,Poprad,329775,vydaty
9897,Radoslav,Novak,571010/6014,Levice,520192,slobodny
9898,Ivana,Novakova,695509/4599,Nitra,310187,vydaty
9899,Tomas,Novak,980606/3099,Poprad,564813,slobodny
9900,Ivana,Vesela,885202/2345,Zilina,245100,vydaty
9901,Ondrej,Horvath,610902/1826,Martin,97841,slobodny
9902,Jana,Vargova,885926/9405,Svidnik,133619,vydaty
9903,Ondrej,Kucera,620404/8171,Komarno,689011,slobodny
9904,Petra,Urbanova,915820/9863,Presov,771761,vydaty
9905,Ondrej,Kucera,840813/6235,Snina,865398,slobodny
9906,Ivana,Horvathova,515809/2794,Poprad,224977,vydaty
9907,Tomas,Rusnak,741105/6807,Levice,246591,slobodny
9908,Petra,Simekova,755209/4879,Martin,564456,vydaty
9909,Jan,Simek,530924/5326,Poprad,335286,slobodny
9910,Zuzana,Cerna,836013/4487,Komarno,797285,vydaty
9911,Martin,Simek,711211/2393,Bardejov,693902,slobodny
9912,Veronika,Novakova,965510/8599,Svidnik,744527,vydaty
9913,Ondrej,Muska,710317/6112,Trnava,101215,slobodny
9914,Ivana,Vargova,895925/7054,Bardejov,334838,vydaty
9915,Filip,Vesely,590126/1420,Kosice,152961,slobodny
9916,Ivana,Predajnianska,965426/6987,Humenne,865791,vydaty
9917,Martin,Simek,840327/4757,Martin,728810,slobodny
9918,Simona,Muskova,745410/7428,Senec,766763,vydaty
9919,Richard,Dvorak,810408/6771,Bratislava,267209,slobodny
9920,Petra,Novakova,706127/9157,Bratislava,330485,vydaty
9921,Peter,Muska,851121/5753,Zvolen,289290,slobodny
9922,Jana,Markova,975814/4362,Zilina,660099,vydaty
9923,Marek,Cerny,840808/6759,Humenne,945520,slobodny
9924,Sandra,Markova,935806/6394,Komarno,247336,vydaty
9925,Ondrej,Simek,920117/4302,Poprad,483429,slobodny
9926,Sandra,Bednarova,856108/2018,Humenne,994760,vydaty
9927,Juraj,Cerny,971123/4381,Martin,964216,slobodny
9928,Sandra,Kucerova,845626/5310,Zilina,788108,vydaty
9929,Tomas,Predajniansky,810721/6068,Snina,346109,slobodny
9930,Lucia,Simekova,536027/8039,Poprad,508986,vydaty
9931,Richard,Cerny,720709/6023,Trencin,468138,slobodny
9932,Jana,Simekova,985524/4585,Zilina,86920,vydaty
9933,Radoslav,Kucera,930924/2239,Nitra,193104,slobodny
9934,Ivana,Bednarova,856028/7435,Senec,303508,vydaty
9935,Jan,Cerny,811017/3857,Bratislava,789454,slobodny
9936,Katerina,Fabianova,555602/2101,Trnava,292602,vydaty
9937,Ondrej,Varga,940910/8687,Humenne,424484,slobodny
9938,Ivana,Dvorakova,845623/8983,Trencin,477290,vydaty
9939,Tomas,Kucera,751206/4960,Kosice,709536,slobodny
9940,Veronika,Predajnianska,715201/8470,Kosice,126526,vydaty
9941,Tomas,Muska,640104/3490,Nitra,692062,slobodny
9942,Jana,Dvorakova,716216/5511,Martin,523438,vydaty
9943,Peter,Simek,610208/1361,Snina,392665,slobodny
9944,Barbora,Novakova,796026/8172,Martin,498365,vydaty
9945,Filip,Kucera,731102/9100,Levice,659509,slobodny
9946,Zuzana,Cerna,516227/8893,Kosice,76179,vydaty
9947,Richard,Horvath,570304/6472,Komarno,563317,slobodny
9948,Simona,Dvorakova,606101/1432,Nitra,827070,vydaty
9949,Peter,Kubik,720404/9866,Senec,196581,slobodny
9950,Jana,Horvathova,515128/2198,Nitra,258212,vydaty
9951,Juraj,Kubik,520117/8408,Zvolen,409891,slobodny
9952,Veronika,Novakova,885923/6868,Bardejov,395411,vydaty
9953,Tomas,Muska,730226/1579,Bardejov,900647,slobodny
9954,Petra,Dvorakova,516020/6046,Snina,645119,vydaty
9955,Peter,Kucera,971105/8448,Bardejov,501540,slobodny
9956,Sandra,Markova,585627/1227,Levice,938202,vydaty
9957,Filip,Bednar,780610/8513,Trencin,600879,slobodny
9958,Ivana,Muskova,665715/5765,Tvrdosin,519929,vydaty
9959,Peter,Simek,700302/3356,Zilina,516210,slobodny
9960,Sandra,Cerna,775919/7924,Zvolen,343254,vydaty
9961,Jan,Horvath,860523/4096,Komarno,86396,slobodny
9962,Sandra,Markova,736227/8436,Komarno,154027,vydaty
9963,Filip,Rusnak,650113/8665,Komarno,225419,slobodny
9964,Simona,Kubikova,966210/3697,Kosice,350048,vydaty
9965,Ondrej,Dvorak,680301/3152,Snina,602728,slobodny
9966,Ivana,Kucerova,875717/5991,Levice,762757,vydaty
9967,Juraj,Kucera,540210/3853,Bratislava,699943,slobodny
9968,Simona,Dvorakova,955528/5428,Humenne,309354,vydaty
9969,Ondrej,Kucera,700507/1282,Komarno,129929,slobodny
9970,Veronika,Bednarova,666208/7263,Snina,121578,vydaty
9971,Juraj,Urban,970319/1336,Trnava,766021,slobodny
9972,Lucia,Urbanova,596008/1241,Zvolen,971840,vydaty
9973,Ondrej,Novak,621111/8472,Bardejov,817258,slobodny
9974,Lucia,Simekova,585724/2935,Nitra,415060,vydaty
9975,Peter,Simek,810413/9249,Presov,218615,slobodny
9976,Veronika,Vesela,655714/8838,Nitra,478470,vydaty
9977,Tomas,Vesely,701021/9194,Bratislava,532953,slobodny
9978,Sandra,Muskova,795918/3649,Svidnik,522021,vydaty
9979,Radoslav,Fabian,840517/1361,Martin,81105,slobodny
9980,Jana,Rusnakova,675308/1253,Tvrdosin,56149,vydaty
9981,Tomas,Varga,780308/1404,Trencin,168863,slobodny
9982,Lucia,Muskova,785508/1950,Poprad,861258,vydaty
9983,Jan,Kucera,840124/7353,Svidnik,967881,slobodny
9984,Katerina,Kubikova,996010/1894,Humenne,653689,vydaty
9985,Tomas,Vesely,890816/5132,Humenne,485155,slobodny
9986,Zuzana,Rusnakova,665609/9958,Humenne,260670,vydaty
9987,Peter,Marko,940306/3605,Bratislava,990140,slobodny
9988,Sandra,Kubikova,876211/3680,Bardejov,55758,vydaty
9989,Radoslav,Horvath,790714/4710,Kosice,681378,slobodny
9990,Barbora,Vargova,625821/3400,Snina,911349,vydaty
9991,Ondrej,Varga,711009/5387,Zvolen,356928,slobodny
9992,Simona,Kubikova,745221/6925,Levice,272275,vydaty
9993,Peter,Urban,780601/3632,Zvolen,472728,slobodny
9994,Veronika,Simekova,845510/1507,Trencin,282432,vydaty
9995,Tomas,Vesely,960306/8239,Bardejov,67591,slobodny
9996,Petra,Kucerova,875820/4114,Zvolen,17772,vydaty
9997,Martin,Muska,801218/9012,Komarno,163520,slobodny
9998,Jana,Cerna,785117/1090,Nitra,329532,vydaty
9999,Radoslav,Simek,981217/8238,Trnava,48997,slobodny
